ID,File,Paragraph,StartLine,EndLine,Kind,CursorName,IncludeTarget,Tables,PrimaryTables,WhereClause,OrderBy,IntoHostVars,AllHostVars,OptimizeFor1Row,ForFetchOnly,HasDateFilter,HasExistsSubquery,SQLCodeChecked,SQLCodeCheckTier,SQLCodeWhenValues,SQLCodeIfChecks,HasFatalErrorPath,HandlingSnippet,RawSQL
1,A6X01.CBL,,52,54,INCLUDE,,DFHRESP,,,,,,,,,,,,0,,,,,EXEC SQL INCLUDE DFHRESP END-EXEC.
2,A6X01.CBL,,55,57,INCLUDE,,SQLCA,,,,,,,,,,,,0,,,, COPY OMGPR. LINKAGE SECTION. 01 DFHCOMMAREA. 05 COMMAREA PIC X OCCURS 1 TO 32767 DEPENDING ON EIBCALEN. PROCEDURE DIVISION.,EXEC SQL INCLUDE SQLCA END-EXEC.
3,A6X01.CBL,025-GET-DATE,95,99,SELECT,,,,,,,WS-CURRENT-DATE,WS-CURRENT-DATE,,,Y,,Y,1,0;OTHER,,Y, EVALUATE SQLCODE WHEN 0 CONTINUE WHEN OTHER MOVE 'Y' TO OMGPR-F-PRICER-ERROR MOVE 'A6X01- SQL ERROR ' TO WS-SQL-ERROR-MESSAGE MOVE SQLCODE TO WS-SQL-ERR-NUM MOVE WS-SQL-ERR-MSG TO OMGPR-ERROR-MESSAGE END-EVALUATE.,"EXEC SQL SELECT CONVERT(CHAR(10),CURRENT_TIMESTAMP,101) INTO :WS-CURRENT-DATE END-EXEC."
4,A6O010U .CBL,,71,73,INCLUDE,,DFHRESP,,,,,,,,,,,,0,,,,,EXEC SQL INCLUDE DFHRESP END-EXEC.
5,A6O010U .CBL,,75,77,INCLUDE,,SQLCA,,,,,,,,,,,,0,,,, LINKAGE SECTION. 01 DFHCOMMAREA. 05 COMMAREA PIC X(250). PROCEDURE DIVISION.,EXEC SQL INCLUDE SQLCA END-EXEC.
6,A6O010U .CBL,0010-INIT,97,101,SELECT,,,,,,,WS-CURRENT-DATE,WS-CURRENT-DATE,,,Y,,,0,,,,,"EXEC SQL SELECT CONVERT(CHAR(10),CURRENT_TIMESTAMP,101) INTO :WS-CURRENT-DATE END-EXEC."
7,A6O011U.CBL,COMP-3,189,191,INCLUDE,,DFHRESP,,,,,,,,,,,,0,,,,,EXEC SQL INCLUDE DFHRESP END-EXEC.
8,A6O011U.CBL,COMP-3,192,194,INCLUDE,,VNG02,,,,,,,,,,,,0,,,,,EXEC SQL INCLUDE VNG02 END-EXEC.
9,A6O011U.CBL,COMP-3,195,197,INCLUDE,,VNG05,,,,,,,,,,,,0,,,,,EXEC SQL INCLUDE VNG05 END-EXEC.
10,A6O011U.CBL,COMP-3,199,201,INCLUDE,,SQLCA,,,,,,,,,,,,0,,,, LINKAGE SECTION. 01 DFHCOMMAREA. 05 COMMAREA PIC X(1789). PROCEDURE DIVISION.,EXEC SQL INCLUDE SQLCA END-EXEC.
11,A6O011U.CBL,0010-INIT,222,226,SELECT,,,,,,,WS-CURRENT-DATE,WS-CURRENT-DATE,,,Y,,Y,1,0;OTHER,,Y, EVALUATE SQLCODE WHEN 0 CONTINUE WHEN OTHER MOVE 'Y' TO OMGPR-F-PRICER-ERROR MOVE '61110- SQL ERROR ' TO WS-SQL-ERROR-MESSAGE MOVE SQLCODE TO WS-SQL-ERR-NUM MOVE WS-SQL-ERR-MSG TO OMGPR-ERROR-MESSAGE END-EVALUATE.,"EXEC SQL SELECT CONVERT(CHAR(10),CURRENT_TIMESTAMP,101) INTO :WS-CURRENT-DATE END-EXEC."
12,A6O011U.CBL,9490-SQL-SELECT-VNG02,940,948,SELECT,,,VNG02,VNG02,VNG02.I_VENDOR = :VNG02-I-VENDOR AND VNG02.I_VND_PRODUCT = :VNG02-I-VND-PRODUCT,,VNG02-C-VND-PROD-BASE-UM,VNG02-C-VND-PROD-BASE-UM;VNG02-I-VENDOR;VNG02-I-VND-PRODUCT,,,,,Y,1,+0;OTHER,,Y, EVALUATE SQLCODE WHEN +0 CONTINUE WHEN OTHER PERFORM 9997-BUILD-ERROR-MSG THRU 9997-EXIT MOVE 'Y' TO OMGPR-F-PRICER-ERROR END-EVALUATE.,EXEC SQL SELECT VNG02.C_VND_PROD_BASE_UM INTO :VNG02-C-VND-PROD-BASE-UM FROM VNG02 WHERE VNG02.I_VENDOR = :VNG02-I-VENDOR AND VNG02.I_VND_PRODUCT = :VNG02-I-VND-PRODUCT END-EXEC.
13,A6O011U.CBL,9495-SELECT-VNG05,963,972,SELECT,,,VNG05,VNG05,VNG05.I_VENDOR = :VNG05-I-VENDOR AND VNG05.I_VND_PRODUCT = :VNG05-I-VND-PRODUCT AND VNG05.C_VD_PRD_ALT_UM = :VNG05-C-VD-PRD-ALT-UM,,VNG05-A-VD-PRD-ALT-UMF,VNG05-A-VD-PRD-ALT-UMF;VNG05-C-VD-PRD-ALT-UM;VNG05-I-VENDOR;VNG05-I-VND-PRODUCT,,,,,Y,1,+0;OTHER,,Y, EVALUATE SQLCODE WHEN +0 CONTINUE WHEN OTHER PERFORM 9996-BUILD-ERROR-MSG THRU 9996-EXIT MOVE 'Y' TO OMGPR-F-PRICER-ERROR END-EVALUATE.,EXEC SQL SELECT VNG05.A_VD_PRD_ALT_UMF INTO :VNG05-A-VD-PRD-ALT-UMF FROM VNG05 WHERE VNG05.I_VENDOR = :VNG05-I-VENDOR AND VNG05.I_VND_PRODUCT = :VNG05-I-VND-PRODUCT AND VNG05.C_VD_PRD_ALT_UM = :VNG05-C-VD-PRD-ALT-UM END-EXEC.
14,A6O012U.CBL,,118,120,INCLUDE,,DFHRESP,,,,,,,,,,,,0,,,,,EXEC SQL INCLUDE DFHRESP END-EXEC.
15,A6O012U.CBL,,121,123,INCLUDE,,SQLCA,,,,,,,,,,,,0,,,, LINKAGE SECTION. 01 DFHCOMMAREA. 05 COMMAREA PIC X(23367). PROCEDURE DIVISION.,EXEC SQL INCLUDE SQLCA END-EXEC.
16,A6O012U.CBL,WS-SUB-PACK-ARRAY,152,156,SELECT,,,,,,,WS-CURRENT-DATE,WS-CURRENT-DATE,,,Y,,Y,1,0;OTHER,,Y, EVALUATE SQLCODE WHEN 0 CONTINUE WHEN OTHER MOVE WS-ABEND-ERROR TO OMGEXPL-ERROR-RESPONSE-FLAG MOVE '61210- SQL ERROR ' TO OMGEXPL-ERROR-MSG MOVE SQLCODE TO WS-EDITED-SQLCODE MOVE WS-EDITED-SQLCODE TO OMGEXPL-SQL-CODE MOVE 61210 TO OMGEXPL-ERROR-NUMBER END-EVALUATE.,"EXEC SQL SELECT CONVERT(CHAR(10),CURRENT_TIMESTAMP,101) INTO :WS-CURRENT-DATE END-EXEC."
17,A6O013U.CBL,,69,71,INCLUDE,,DFHRESP,,,,,,,,,,,,0,,,,,EXEC SQL INCLUDE DFHRESP END-EXEC.
18,A6O013U.CBL,,73,75,INCLUDE,,SQLCA,,,,,,,,,,,,0,,,, LINKAGE SECTION. 01 DFHCOMMAREA. 05 COMMAREA PIC X(250). PROCEDURE DIVISION.,EXEC SQL INCLUDE SQLCA END-EXEC.
19,A6O013U.CBL,0010-INIT,95,99,SELECT,,,,,,,WS-CURRENT-DATE,WS-CURRENT-DATE,,,Y,,,0,,,,,"EXEC SQL SELECT CONVERT(CHAR(10),CURRENT_TIMESTAMP,101) INTO :WS-CURRENT-DATE END-EXEC."
20,A6O016U.CBL,,65,67,INCLUDE,,VNG05,,,,,,,,,,,,0,,,,,EXEC SQL INCLUDE VNG05 END-EXEC.
21,A6O016U.CBL,,68,70,INCLUDE,,VNG06,,,,,,,,,,,,0,,,,,EXEC SQL INCLUDE VNG06 END-EXEC.
22,A6O016U.CBL,,72,74,INCLUDE,,ING01,,,,,,,,,,,,0,,,,,EXEC SQL INCLUDE ING01 END-EXEC.
23,A6O016U.CBL,,76,78,INCLUDE,,VNG02,,,,,,,,,,,,0,,,,,EXEC SQL INCLUDE VNG02 END-EXEC.
24,A6O016U.CBL,,79,81,INCLUDE,,SQLCA,,,,,,,,,,,,0,,,, LINKAGE SECTION. 01 DFHCOMMAREA. 05 COMMAREA PIC X(250). PROCEDURE DIVISION.,EXEC SQL INCLUDE SQLCA END-EXEC.
25,A6O016U.CBL,9015-SELECT-VNG02,327,335,SELECT,,,VNG02,VNG02,VNG02.I_VENDOR = :VNG02-I-VENDOR AND VNG02.I_VND_PRODUCT = :VNG02-I-VND-PRODUCT,,VNG02-C-PRODUCT-TYPE;VNG02-C-VND-PROD-BASE-UM,VNG02-C-PRODUCT-TYPE;VNG02-C-VND-PROD-BASE-UM;VNG02-I-VENDOR;VNG02-I-VND-PRODUCT,,,,,Y,2,+0;OTHER,,, THRU 9015-EXIT. EVALUATE SQLCODE WHEN +0 EVALUATE VNG02-C-PRODUCT-TYPE WHEN 'O' MOVE VNG02-C-PRODUCT-TYPE TO A6W16-PROD-TYPE WHEN 'S' MOVE VNG02-C-PRODUCT-TYPE TO A6W16-PROD-TYPE WHEN OTHER MOVE 'R' TO A6W16-PROD-TYPE END-EVALUATE,"EXEC SQL SELECT VNG02.C_PRODUCT_TYPE , VNG02.C_VND_PROD_BASE_UM INTO :VNG02-C-PRODUCT-TYPE ,:VNG02-C-VND-PROD-BASE-UM FROM VNG02 WHERE VNG02.I_VENDOR = :VNG02-I-VENDOR AND VNG02.I_VND_PRODUCT = :VNG02-I-VND-PRODUCT END-EXEC."
26,A6O016U.CBL,9025-SELECT-VNG06,340,353,SELECT,,,VNG06,VNG06,VNG06.I_VENDOR = :VNG06-I-VENDOR AND VNG06.I_VND_PRODUCT = :VNG06-I-VND-PRODUCT,,VNG06-D-CAT-PROD-EFFECT;VNG06-D-CAT-PROD-EXPIRE;VNG06-D-CAT-PROD-EXPIRE-NI;VNG06-S-PROD-CATEGORY,VNG06-D-CAT-PROD-EFFECT;VNG06-D-CAT-PROD-EXPIRE;VNG06-D-CAT-PROD-EXPIRE-NI;VNG06-I-VENDOR;VNG06-I-VND-PRODUCT;VNG06-S-PROD-CATEGORY,,,Y,,Y,2,+0;100;OTHER,,Y, THRU 9025-EXIT. EVALUATE SQLCODE WHEN +0 MOVE VNG06-S-PROD-CATEGORY TO A6W16-S-PROD-CATEGORY MOVE SPACES TO A6W16-GENERAL-RESPONSE-FLAG IF VNG06-D-CAT-PROD-EXPIRE-NI < 0 MOVE SPACES TO VNG06-D-CAT-PROD-EXPIRE END-IF MOVE VNG06-D-CAT-PROD-EXPIRE TO A6W16-PROD-CAT-EXP-DATE MOVE VNG06-D-CAT-PROD-EFFECT TO A6W16-PROD-CAT-EFF-DATE WHEN 100 MOVE WS-WARNING TO A6W16-GENERAL-RESPONSE-FLAG MOVE '61605- PRODUCT CATEGORY NOT FOUND ' TO A6W16-ERROR-MESSAGE MOVE SQLCODE TO WS-EDITED-SQLCODE MOVE WS-EDITED-S,"EXEC SQL SELECT VNG06.S_PROD_CATEGORY ,CONVERT(CHAR(10),VNG06.D_CAT_PROD_EFFECT,101) ,CONVERT(CHAR(10),VNG06.D_CAT_PROD_EXPIRE,101) INTO :VNG06-S-PROD-CATEGORY ,:VNG06-D-CAT-PROD-EFFECT ,:VNG06-D-CAT-PROD-EXPIRE :VNG06-D-CAT-PROD-EXPIRE-NI FROM VNG06 WHERE VNG06.I_VENDOR = :VNG06-I-VENDOR AND VNG06.I_VND_PRODUCT = :VNG06-I-VND-PRODUCT END-EXEC."
27,A6O016U.CBL,9030-SELECT-ING01,358,375,SELECT,,,ING01,ING01,I_DIVISION = :ING01-I-DIVISION AND I_VENDOR = :ING01-I-VENDOR AND I_VND_PRODUCT = :ING01-I-VND-PRODUCT,,ING01-A-DIV-INV-FREIGHT;ING01-C-DIV-INV-PRC-LVL;ING01-C-INV-CLASS;ING01-C-INV-SUB-CLASS;ING01-F-STOCK-ITEM,ING01-A-DIV-INV-FREIGHT;ING01-C-DIV-INV-PRC-LVL;ING01-C-INV-CLASS;ING01-C-INV-SUB-CLASS;ING01-F-STOCK-ITEM;ING01-I-DIVISION;ING01-I-VENDOR;ING01-I-VND-PRODUCT,,,,,Y,2,+0;100;OTHER,,Y, THRU 9030-EXIT. EVALUATE SQLCODE WHEN +0 MOVE ING01-C-INV-CLASS TO A6W16-C-INV-CLASS WHEN 100 CONTINUE WHEN OTHER MOVE WS-ABEND-ERROR TO A6W16-GENERAL-RESPONSE-FLAG MOVE '61607- SQL ERROR IN SELCT VNG06' TO A6W16-ERROR-MESSAGE MOVE SQLCODE TO WS-EDITED-SQLCODE MOVE WS-EDITED-SQLCODE TO A6W16-ERROR-SQLCODE END-EVALUATE.,"EXEC SQL SELECT ING01.C_DIV_INV_PRC_LVL, ING01.F_STOCK_ITEM, ING01.A_DIV_INV_FREIGHT, ING01.C_INV_CLASS, ING01.C_INV_SUB_CLASS INTO :ING01-C-DIV-INV-PRC-LVL, :ING01-F-STOCK-ITEM, :ING01-A-DIV-INV-FREIGHT, :ING01-C-INV-CLASS, :ING01-C-INV-SUB-CLASS FROM ING01 WHERE I_DIVISION = :ING01-I-DIVISION AND I_VENDOR = :ING01-I-VENDOR AND I_VND_PRODUCT = :ING01-I-VND-PRODUCT END-EXEC."
28,A6O016U.CBL,9050-SELECT-VNG05,380,389,SELECT,,,VNG05,VNG05,VNG05.I_VENDOR = :VNG05-I-VENDOR AND VNG05.I_VND_PRODUCT = :VNG05-I-VND-PRODUCT AND VNG05.C_VD_PRD_ALT_UM = :VNG05-C-VD-PRD-ALT-UM,,VNG05-A-VD-PRD-ALT-UMF,VNG05-A-VD-PRD-ALT-UMF;VNG05-C-VD-PRD-ALT-UM;VNG05-I-VENDOR;VNG05-I-VND-PRODUCT,,,,,Y,2,+0;100;OTHER,,Y, THRU 9050-EXIT. EVALUATE SQLCODE WHEN +0 MOVE VNG05-A-VD-PRD-ALT-UMF TO A6W16-CONV-FACTOR MOVE SPACES TO A6W16-GENERAL-RESPONSE-FLAG WHEN 100 MOVE WS-NONABEND-ERROR TO A6W16-GENERAL-RESPONSE-FLAG MOVE '61606- UOM NOT FOUND ' TO A6W16-ERROR-MESSAGE MOVE SQLCODE TO WS-EDITED-SQLCODE MOVE WS-EDITED-SQLCODE TO A6W16-ERROR-SQLCODE WHEN OTHER MOVE WS-ABEND-ERROR TO A6W16-GENERAL-RESPONSE-FLAG MOVE '61607- SQL ERROR IN SELCT VNG05' TO A6W16-ERROR-MESSAGE MOVE SQLCODE TO WS-EDITED-SQLCODE MOVE WS-EDITE,EXEC SQL SELECT VNG05.A_VD_PRD_ALT_UMF INTO :VNG05-A-VD-PRD-ALT-UMF FROM VNG05 WHERE VNG05.I_VENDOR = :VNG05-I-VENDOR AND VNG05.I_VND_PRODUCT = :VNG05-I-VND-PRODUCT AND VNG05.C_VD_PRD_ALT_UM = :VNG05-C-VD-PRD-ALT-UM END-EXEC.
29,CUP100 (1).CBL,COMPUTATIONAL-3,252,254,INCLUDE,,CUG40,,,,,,,,,,,,0,,,,,EXEC SQL INCLUDE CUG40 END-EXEC.
30,CUP100 (1).CBL,COMPUTATIONAL-3,255,257,INCLUDE,,CUG41,,,,,,,,,,,,0,,,,,EXEC SQL INCLUDE CUG41 END-EXEC.
31,CUP100 (1).CBL,COMPUTATIONAL-3,259,261,INCLUDE,,CCG25,,,,,,,,,,,,0,,,,,EXEC SQL INCLUDE CCG25 END-EXEC.
32,CUP100 (1).CBL,COMPUTATIONAL-3,265,282,DECLARE_CURSOR,CUG41_CSR,,CUG41,CUG41,CUG41.D_SERVICE_EFF <= :CUG41-D-SERVICE-EFF AND (CUG41.D_SERVICE_EXP >= :CUG41-D-SERVICE-EFF OR CUG41.D_SERVICE_EXP IS NULL) AND CUG41.I_ACCOUNT = :CUG41-I-ACCOUNT,,,CUG41-D-SERVICE-EFF;CUG41-I-ACCOUNT,,,Y,,,0,,,,,"EXEC SQL DECLARE CUG41_CSR CURSOR FOR SELECT CUG41.I_ACCOUNT ,CONVERT(CHAR(10),CUG41.D_SERVICE_EFF,101) ,CUG41.I_ACCT_ADJUST_TYPE ,CUG41.A_SERVICE_FEE ,CUG41.P_SERVICE_FEE ,CUG41.C_RATE_TYPE ,CUG41.C_ACCT_ADJ_LEVEL ,CUG41.C_APPLY_TO ,CUG41.F_BREAK_FEE_LINE FROM CUG41 WHERE CUG41.D_SERVICE_EFF <= :CUG41-D-SERVICE-EFF AND (CUG41.D_SERVICE_EXP >= :CUG41-D-SERVICE-EFF OR CUG41.D_SERVICE_EXP IS NULL) AND CUG41.I_ACCOUNT = :CUG41-I-ACCOUNT END-EXEC."
33,CUP100 (1).CBL,COMPUTATIONAL-3,284,286,INCLUDE,,BGG03,,,,,,,,,,,,0,,,,,EXEC SQL INCLUDE BGG03 END-EXEC.
34,CUP100 (1).CBL,COMPUTATIONAL-3,287,289,INCLUDE,,BGG23,,,,,,,,,,,,0,,,,,EXEC SQL INCLUDE BGG23 END-EXEC.
35,CUP100 (1).CBL,COMPUTATIONAL-3,290,292,INCLUDE,,BGG24,,,,,,,,,,,,0,,,,,EXEC SQL INCLUDE BGG24 END-EXEC.
36,CUP100 (1).CBL,COMPUTATIONAL-3,293,295,INCLUDE,,CUG02,,,,,,,,,,,,0,,,,,EXEC SQL INCLUDE CUG02 END-EXEC.
37,CUP100 (1).CBL,COMPUTATIONAL-3,296,298,INCLUDE,,CUG03,,,,,,,,,,,,0,,,,,EXEC SQL INCLUDE CUG03 END-EXEC.
38,CUP100 (1).CBL,COMPUTATIONAL-3,299,301,INCLUDE,,CUG06,,,,,,,,,,,,0,,,,,EXEC SQL INCLUDE CUG06 END-EXEC.
39,CUP100 (1).CBL,COMPUTATIONAL-3,302,304,INCLUDE,,CUG07,,,,,,,,,,,,0,,,,,EXEC SQL INCLUDE CUG07 END-EXEC.
40,CUP100 (1).CBL,COMPUTATIONAL-3,305,307,INCLUDE,,CUG10,,,,,,,,,,,,0,,,,,EXEC SQL INCLUDE CUG10 END-EXEC.
41,CUP100 (1).CBL,COMPUTATIONAL-3,308,310,INCLUDE,,CUG11,,,,,,,,,,,,0,,,,,EXEC SQL INCLUDE CUG11 END-EXEC.
42,CUP100 (1).CBL,COMPUTATIONAL-3,311,313,INCLUDE,,CUG53,,,,,,,,,,,,0,,,,,EXEC SQL INCLUDE CUG53 END-EXEC.
43,CUP100 (1).CBL,COMPUTATIONAL-3,314,316,INCLUDE,,CUG17,,,,,,,,,,,,0,,,,,EXEC SQL INCLUDE CUG17 END-EXEC.
44,CUP100 (1).CBL,COMPUTATIONAL-3,317,319,INCLUDE,,CUVMST,,,,,,,,,,,,0,,,,,EXEC SQL INCLUDE CUVMST END-EXEC.
45,CUP100 (1).CBL,COMPUTATIONAL-3,320,322,INCLUDE,,SQLCA,,,,,,,,,,,,0,,,,,EXEC SQL INCLUDE SQLCA END-EXEC.
46,CUP100 (1).CBL,COMPUTATIONAL-3,323,325,INCLUDE,,OMGPR,,,,,,,,,,,,0,,,,,EXEC SQL INCLUDE OMGPR END-EXEC.
47,CUP100 (1).CBL,COMPUTATIONAL-3,326,328,INCLUDE,,CUR120,,,,,,,,,,,,0,,,, 01 WS-PGM-ID PIC X(6) VALUE SPACES. 01 WS-DUMMY PIC X(1) VALUE SPACE. 01 WS-END-STORAGE. 10 FILLER PIC X(30) VALUE 'WORKING-STORAGE ENDS HERE'. EJECT LINKAGE SECTION. 01 DFHCOMMAREA. 05 COMMAREA PIC X(1789). PROCEDURE DIVISION. MOVE DFHCOMMAREA TO OMGPR. INITIALIZE OMGPR-PRC-OUTPUT-FIELDS,EXEC SQL INCLUDE CUR120 END-EXEC.
48,CUP100 (1).CBL,A200-SEL-ACCOUNT,441,455,SELECT,,,CUG03,CUG03,CUG03.S_ACCOUNT = :OMGPR-S-ACCOUNT AND CUG03.I_DIVISION = :OMGPR-I-DIVISION,,CUG03-C-ACCT-PRCE-METHOD;CUG03-C-ACCT-ROUNDING;CUG03-CUSTOMER-NBR;CUG03-I-ACCOUNT;CUG03-I-CUSTOMER,CUG03-C-ACCT-PRCE-METHOD;CUG03-C-ACCT-ROUNDING;CUG03-CUSTOMER-NBR;CUG03-I-ACCOUNT;CUG03-I-CUSTOMER;OMGPR-I-DIVISION;OMGPR-S-ACCOUNT,,,,,Y,1,+0;+100;OTHER,,Y, EVALUATE SQLCODE WHEN +0 CONTINUE WHEN +100 MOVE '#106 - ACCOUNT NOT FOUND IN CUP100' TO OMGPR-ERROR-MESSAGE MOVE 106 TO OMGPR-Q-ERROR-NBR MOVE WS-ACCOUNT-NOT-FOUND-IND TO OMGPR-Q-ERROR-CODE MOVE 'Y' TO OMGPR-F-PRICER-ERROR WHEN OTHER MOVE 'SELECT' TO WS-DB-OPERATION MOVE 'CUG03' TO WS-DB-NAME MOVE SQLCODE TO WS-DB-RETURN-CODE MOVE 'DB ERROR' TO WS-DB-STATUS-MSG MOVE 10 TO WS-DB-ERROR-NBR OMGPR-Q-ERROR-NBR MOVE WS-DB2-FATAL-ERROR-IND TO OMGPR-Q-ERROR-CODE MOVE WS-DB-OPERATION-MSG TO OMGPR-ERROR,"EXEC SQL SELECT CUG03.I_CUSTOMER, CUG03.I_ACCOUNT, CUG03.C_ACCT_ROUNDING, CUG03.C_ACCT_PRCE_METHOD, CUG03.CUSTOMER_NBR INTO :CUG03-I-CUSTOMER, :CUG03-I-ACCOUNT, :CUG03-C-ACCT-ROUNDING, :CUG03-C-ACCT-PRCE-METHOD, :CUG03-CUSTOMER-NBR FROM CUG03 WHERE CUG03.S_ACCOUNT = :OMGPR-S-ACCOUNT AND CUG03.I_DIVISION = :OMGPR-I-DIVISION END-EXEC"
49,CUP100 (1).CBL,A310-SEL-ACTIVE-CUST,491,498,SELECT,,,CUG02,CUG02,CUG02.I_CUSTOMER = :OMGPR-I-CUSTOMER,,CUG02-C-ACTIVE-CUST-STAT;CUG02-C-BUSINESS,CUG02-C-ACTIVE-CUST-STAT;CUG02-C-BUSINESS;OMGPR-I-CUSTOMER,,,,,Y,1,+0;+100;OTHER,,Y, EVALUATE SQLCODE WHEN +0 CONTINUE WHEN +100 MOVE '#108 - ACTIVE CUSTOMER NOT FOUND IN ' TO OMGPR-ERROR-MESSAGE (1:36) MOVE 'CUP100 ' TO OMGPR-ERROR-MESSAGE (37:25) MOVE 108 TO OMGPR-Q-ERROR-NBR MOVE WS-ACT-CUST-NOT-FOUND-IND TO OMGPR-Q-ERROR-CODE MOVE 'Y' TO OMGPR-F-PRICER-ERROR WHEN OTHER MOVE 'SELECT' TO WS-DB-OPERATION MOVE 'CUG02' TO WS-DB-NAME MOVE SQLCODE TO WS-DB-RETURN-CODE MOVE 'DB ERROR' TO WS-DB-STATUS-MSG MOVE 20 TO WS-DB-ERROR-NBR OMGPR-Q-ERROR-NBR MOVE WS-DB2-FATAL-ERROR-IND TO OM,"EXEC SQL SELECT CUG02.C_ACTIVE_CUST_STAT, CUG02.C_BUSINESS INTO :CUG02-C-ACTIVE-CUST-STAT, :CUG02-C-BUSINESS FROM CUG02 WHERE CUG02.I_CUSTOMER = :OMGPR-I-CUSTOMER END-EXEC"
50,CUP100 (1).CBL,A350-PRO-CUTMST-INFO,531,542,SELECT,,,CUTMST,CUTMST,COMPANY_ID = :CUM-COMPANY-ID AND CUST_ID = :CUM-CUST-ID,,CUM-CUST-TYPE;CUM-STATUS,CUM-COMPANY-ID;CUM-CUST-ID;CUM-CUST-TYPE;CUM-STATUS,,,,,Y,1,,,, IF SQLCODE = ZEROES IF CUM-CUST-TYPE = 'OT' MOVE 'Y' TO OMGPR-CUST-TYPE ELSE MOVE 'N' TO OMGPR-CUST-TYPE END-IF ,"EXEC SQL SELECT STATUS, CUST_TYPE INTO :CUM-STATUS, :CUM-CUST-TYPE FROM CUTMST WHERE COMPANY_ID = :CUM-COMPANY-ID AND CUST_ID = :CUM-CUST-ID END-EXEC."
51,CUP100 (1).CBL,A425-PRO-CUG53,653,677,SELECT,,,CUG53,CUG53,CUG53.I_ACCOUNT = :CUG53-I-ACCOUNT AND CUG53.D_EFF_DATE <= :OMGPR-D-PRICING AND (D_EXP_DATE >= :OMGPR-D-PRICING OR D_EXP_DATE IS NULL),,CUG53-F-CUSTOM;CUG53-F-FRT-FLAG;CUG53-F-GRP-NON-SANC;CUG53-F-GRP-SANC;CUG53-F-IND;CUG53-F-NON-CONT;CUG53-I-BUY-GROUP,CUG53-F-CUSTOM;CUG53-F-FRT-FLAG;CUG53-F-GRP-NON-SANC;CUG53-F-GRP-SANC;CUG53-F-IND;CUG53-F-NON-CONT;CUG53-I-ACCOUNT;CUG53-I-BUY-GROUP;OMGPR-D-PRICING,,,Y,,Y,1,+0;+100;OTHER,,Y, EVALUATE SQLCODE WHEN +0 MOVE CUG53-F-FRT-FLAG TO OMGPR-F-AA-FRT-IN MOVE CUG53-F-GRP-SANC TO OMGPR-F-EXEMPT-SANC-FLAG MOVE CUG53-F-GRP-NON-SANC TO OMGPR-F-EXEMPT-NON-SANC-FLAG MOVE CUG53-F-IND TO OMGPR-F-EXEMPT-IND-FLAG MOVE CUG53-F-NON-CONT TO OMGPR-F-EXEMPT-NON-CONT-FLAG MOVE CUG53-F-CUSTOM TO OMGPR-F-EXEMPT-CUSTOM-FLAG MOVE CUG53-I-BUY-GROUP TO OMGPR-VAR-I-BUY-GROUP WHEN +100 PERFORM A450-READ-CID-FREIGHT-FLAG THRU A450-EXIT WHEN OTHER MOVE 'SELECT' TO WS-DB-OPERATION MOVE 'CUG53' TO WS-DB-N,"EXEC SQL SELECT CUG53.F_FRT_FLAG, CUG53.F_EXEMPT_SANC_FLAG, CUG53.F_EXEMPT_NON_SANC_FLAG, CUG53.F_EXEMPT_IND_FLAG, CUG53.F_EXEMPT_NON_CONT_FLAG, CUG53.F_EXEMPT_CUSTOM_FLAG, CUG53.I_BUY_GROUP INTO :CUG53-F-FRT-FLAG, :CUG53-F-GRP-SANC, :CUG53-F-GRP-NON-SANC, :CUG53-F-IND, :CUG53-F-NON-CONT, :CUG53-F-CUSTOM, :CUG53-I-BUY-GROUP FROM CUG53 WHERE CUG53.I_ACCOUNT = :CUG53-I-ACCOUNT AND CUG53.D_EFF_DATE <= :OMGPR-D-PRICING AND (D_EXP_DATE >= :OMGPR-D-PRICING OR D_EXP_DATE IS NULL) END-EXEC"
52,CUP100 (1).CBL,A450-READ-CID-FREIGHT-FLAG,712,734,SELECT,,,CU_CID_FREIGHT_FLAG,CU_CID_FREIGHT_FLAG,CUSTOMER_NBR = :CUCID-CUSTOMER-NBR AND D_EFF_DATE <= :OMGPR-D-PRICING AND (D_EXP_DATE >= :OMGPR-D-PRICING OR D_EXP_DATE IS NULL),,CUCID-F-CUSTOM;CUCID-F-FRT-FLAG;CUCID-F-GRP-NON-SANC;CUCID-F-GRP-SANC;CUCID-F-IND;CUCID-F-NON-CONT;CUCID-I-BUY-GROUP,CUCID-CUSTOMER-NBR;CUCID-F-CUSTOM;CUCID-F-FRT-FLAG;CUCID-F-GRP-NON-SANC;CUCID-F-GRP-SANC;CUCID-F-IND;CUCID-F-NON-CONT;CUCID-I-BUY-GROUP;OMGPR-D-PRICING,,,Y,,Y,1,+0;+100;OTHER,,Y, EVALUATE SQLCODE WHEN +0 MOVE CUCID-F-FRT-FLAG TO OMGPR-F-AA-FRT-IN MOVE CUCID-F-GRP-SANC TO OMGPR-F-EXEMPT-SANC-FLAG MOVE CUCID-F-GRP-NON-SANC TO OMGPR-F-EXEMPT-NON-SANC-FLAG MOVE CUCID-F-IND TO OMGPR-F-EXEMPT-IND-FLAG MOVE CUCID-F-NON-CONT TO OMGPR-F-EXEMPT-NON-CONT-FLAG MOVE CUCID-F-CUSTOM TO OMGPR-F-EXEMPT-CUSTOM-FLAG MOVE CUCID-I-BUY-GROUP TO OMGPR-VAR-I-BUY-GROUP WHEN +100 MOVE SPACES TO OMGPR-F-AA-FRT-IN OMGPR-F-EXEMPT-SANC-FLAG OMGPR-F-EXEMPT-NON-SANC-FLAG OMGPR-F-EXEMPT-IND-FLAG OMGPR-,"EXEC SQL SELECT F_FRT_FLAG, F_EXEMPT_SANC_FLAG, F_EXEMPT_NON_SANC_FLAG, F_EXEMPT_IND_FLAG, F_EXEMPT_NON_CONT_FLAG, F_EXEMPT_CUSTOM_FLAG, I_BUY_GROUP INTO :CUCID-F-FRT-FLAG, :CUCID-F-GRP-SANC, :CUCID-F-GRP-NON-SANC, :CUCID-F-IND, :CUCID-F-NON-CONT, :CUCID-F-CUSTOM, :CUCID-I-BUY-GROUP FROM CU_CID_FREIGHT_FLAG WHERE CUSTOMER_NBR = :CUCID-CUSTOMER-NBR AND D_EFF_DATE <= :OMGPR-D-PRICING AND (D_EXP_DATE >= :OMGPR-D-PRICING OR D_EXP_DATE IS NULL) END-EXEC."
53,CUP100 (1).CBL,0510-SELECT-CUG17,796,814,SELECT,,,CUG17,CUG17,CUG17.I_ACCOUNT = :OMGPR-I-ACCOUNT AND CUG17.C_SHIP_TO_SUFFIX = :CUG17-C-SHIP-TO-SUFFIX,,CUG17-C-ST-JIT-APPLY-LBL;CUG17-C-ST-JIT-BREAK-BLK;CUG17-C-ST-JIT-LABEL-FMT;CUG17-C-ST-JIT-LABELS;CUG17-F-ST-JIT-CUSTOMER;CUG17-F-ST-JIT-PART-SUB;CUG17-F-ST-PANDAC,CUG17-C-SHIP-TO-SUFFIX;CUG17-C-ST-JIT-APPLY-LBL;CUG17-C-ST-JIT-BREAK-BLK;CUG17-C-ST-JIT-LABEL-FMT;CUG17-C-ST-JIT-LABELS;CUG17-F-ST-JIT-CUSTOMER;CUG17-F-ST-JIT-PART-SUB;CUG17-F-ST-PANDAC;OMGPR-I-ACCOUNT,,,,,Y,1,+0;+100;OTHER,,Y, EVALUATE SQLCODE WHEN +0 IF CUG17-F-ST-JIT-CUSTOMER = 'Y' MOVE CUG17-F-ST-JIT-CUSTOMER TO OMGPR-F-ST-JIT-CUSTOMER ELSE INITIALIZE OMGPR-JIT-PRICING-FIELDS END-IF WHEN +100 MOVE '#120 - SHIP-TO SUFFIX NOT FOUND' TO OMGPR-ERROR-MESSAGE (1:36) MOVE 120 TO OMGPR-Q-ERROR-NBR MOVE 'CUP100 ' TO OMGPR-ERROR-MESSAGE (37:25) MOVE 'Y' TO OMGPR-F-PRICER-ERROR WHEN OTHER MOVE 'SELECT' TO WS-DB-OPERATION MOVE 'CUG17' TO WS-DB-NAME MOVE SQLCODE TO WS-DB-RETURN-CODE MOVE 'DB ERROR' TO WS-DB-STATUS-MSG MOVE 40 ,"EXEC SQL SELECT CUG17.F_ST_JIT_CUSTOMER, CUG17.C_ST_JIT_LABELS, CUG17.C_ST_JIT_LABEL_FMT, CUG17.C_ST_JIT_APPLY_LBL, CUG17.C_ST_JIT_BREAK_BLK, CUG17.F_ST_JIT_PART_SUB, CUG17.F_ST_PANDAC INTO :CUG17-F-ST-JIT-CUSTOMER, :CUG17-C-ST-JIT-LABELS, :CUG17-C-ST-JIT-LABEL-FMT, :CUG17-C-ST-JIT-APPLY-LBL, :CUG17-C-ST-JIT-BREAK-BLK, :CUG17-F-ST-JIT-PART-SUB, :CUG17-F-ST-PANDAC FROM CUG17 WHERE CUG17.I_ACCOUNT = :OMGPR-I-ACCOUNT AND CUG17.C_SHIP_TO_SUFFIX = :CUG17-C-SHIP-TO-SUFFIX END-EXEC"
54,CUP100 (1).CBL,A810-SEL-ACCT-PRIORITY,872,883,SELECT,,,"CUG10, CUG11",CUG10;CUG11,CUG10.I_ACCOUNT = :OMGPR-I-ACCOUNT AND CUG10.D_ACCT_BG_PRI_EFF <= :OMGPR-D-PRICING AND (CUG10.D_ACCT_BG_PRI_EXP >= :OMGPR-D-PRICING OR CUG10.D_ACCT_BG_PRI_EXP IS NULL) AND CUG11.I_ACCOUNT = CUG10.I_ACCOUNT AND CUG11.D_ACCT_BG_PRI_EFF = CUG10.D_ACCT_BG_PRI_EFF AND CUG11.Q_ACCT_BG_PRIORITY = 1,,CUG11-I-BUY-GROUP,CUG11-I-BUY-GROUP;OMGPR-D-PRICING;OMGPR-I-ACCOUNT,,,Y,,Y,1,0;100;OTHER,,Y," EVALUATE SQLCODE WHEN 0 MOVE 'Y' TO WS-PRIORITY-IND MOVE CUG11-I-BUY-GROUP TO BGG23-I-BUY-GROUP WHEN 100 PERFORM A820-SEL-CUST-PRIORITY THRU A820-EXIT WHEN OTHER MOVE 'SELECT ' TO WS-DB-OPERATION MOVE 'CUG10,CUG11' TO WS-DB-NAME MOVE SQLCODE TO WS-DB-RETURN-CODE MOVE 'DB ERROR' TO WS-DB-STATUS-MSG MOVE 50 TO WS-DB-ERROR-NBR OMGPR-Q-ERROR-NBR MOVE WS-DB2-FATAL-ERROR-IND TO OMGPR-Q-ERROR-CODE MOVE WS-DB-OPERATION-MSG TO OMGPR-ERROR-MESSAGE MOVE 'Y' TO OMGPR-F-PRICER-ERROR END-EVALUATE.","EXEC SQL SELECT CUG11.I_BUY_GROUP INTO :CUG11-I-BUY-GROUP FROM CUG10, CUG11 WHERE CUG10.I_ACCOUNT = :OMGPR-I-ACCOUNT AND CUG10.D_ACCT_BG_PRI_EFF <= :OMGPR-D-PRICING AND (CUG10.D_ACCT_BG_PRI_EXP >= :OMGPR-D-PRICING OR CUG10.D_ACCT_BG_PRI_EXP IS NULL) AND CUG11.I_ACCOUNT = CUG10.I_ACCOUNT AND CUG11.D_ACCT_BG_PRI_EFF = CUG10.D_ACCT_BG_PRI_EFF AND CUG11.Q_ACCT_BG_PRIORITY = 1 END-EXEC"
55,CUP100 (1).CBL,A820-SEL-CUST-PRIORITY,905,916,SELECT,,,"CUG06, CUG07",CUG06;CUG07,CUG06.I_CUSTOMER = :OMGPR-I-CUSTOMER AND CUG06.D_CUST_BG_PRI_EFF <= :OMGPR-D-PRICING AND (CUG06.D_CUST_BG_PRI_EXP >= :OMGPR-D-PRICING OR CUG06.D_CUST_BG_PRI_EXP IS NULL) AND CUG07.I_CUSTOMER = CUG06.I_CUSTOMER AND CUG07.D_CUST_BG_PRI_EFF = CUG06.D_CUST_BG_PRI_EFF AND CUG07.Q_CUST_BG_PRIORITY = 1,,CUG07-I-BUY-GROUP,CUG07-I-BUY-GROUP;OMGPR-D-PRICING;OMGPR-I-CUSTOMER,,,Y,,Y,1,0;100;OTHER,,Y," EVALUATE SQLCODE WHEN 0 MOVE 'Y' TO WS-PRIORITY-IND MOVE CUG07-I-BUY-GROUP TO BGG23-I-BUY-GROUP WHEN 100 CONTINUE WHEN OTHER MOVE 'SELECT ' TO WS-DB-OPERATION MOVE 'CUG06,CUG07' TO WS-DB-NAME MOVE SQLCODE TO WS-DB-RETURN-CODE MOVE 'DB ERROR' TO WS-DB-STATUS-MSG MOVE 60 TO WS-DB-ERROR-NBR OMGPR-Q-ERROR-NBR MOVE WS-DB2-FATAL-ERROR-IND TO OMGPR-Q-ERROR-CODE MOVE WS-DB-OPERATION-MSG TO OMGPR-ERROR-MESSAGE MOVE 'Y' TO OMGPR-F-PRICER-ERROR END-EVALUATE.","EXEC SQL SELECT CUG07.I_BUY_GROUP INTO :CUG07-I-BUY-GROUP FROM CUG06, CUG07 WHERE CUG06.I_CUSTOMER = :OMGPR-I-CUSTOMER AND CUG06.D_CUST_BG_PRI_EFF <= :OMGPR-D-PRICING AND (CUG06.D_CUST_BG_PRI_EXP >= :OMGPR-D-PRICING OR CUG06.D_CUST_BG_PRI_EXP IS NULL) AND CUG07.I_CUSTOMER = CUG06.I_CUSTOMER AND CUG07.D_CUST_BG_PRI_EFF = CUG06.D_CUST_BG_PRI_EFF AND CUG07.Q_CUST_BG_PRIORITY = 1 END-EXEC"
56,CUP100 (1).CBL,A830-SEL-LOW-UOM,938,954,SELECT,,,BGG23,BGG23,BGG23.I_BUY_GROUP = :BGG23-I-BUY-GROUP AND BGG23.D_BG_LOW_UOM_EFF <= :OMGPR-D-PRICING AND (BGG23.D_BG_LOW_UOM_EXP >= :OMGPR-D-PRICING OR BGG23.D_BG_LOW_UOM_EXP IS NULL),,BGG23-D-BG-LOW-UOM-EFF;BGG23-F-LUOM-VEND-EXCL;BGG23-P-BG-BRK-BULK;BGG23-P-BG-LOW-UOM,BGG23-D-BG-LOW-UOM-EFF;BGG23-F-LUOM-VEND-EXCL;BGG23-I-BUY-GROUP;BGG23-P-BG-BRK-BULK;BGG23-P-BG-LOW-UOM;OMGPR-D-PRICING,,,Y,,Y,1,0;100;OTHER,,Y, EVALUATE SQLCODE WHEN 0 MOVE 'Y' TO WS-LOW-UOM-IND MOVE BGG23-I-BUY-GROUP TO BGG24-I-BUY-GROUP PERFORM A840-SEL-LOW-UOM-EXCL THRU A840-EXIT WHEN 100 CONTINUE WHEN OTHER MOVE 'SELECT ' TO WS-DB-OPERATION MOVE 'BGG23' TO WS-DB-NAME MOVE SQLCODE TO WS-DB-RETURN-CODE MOVE 'DB ERROR' TO WS-DB-STATUS-MSG MOVE 70 TO WS-DB-ERROR-NBR OMGPR-Q-ERROR-NBR MOVE WS-DB2-FATAL-ERROR-IND TO OMGPR-Q-ERROR-CODE MOVE WS-DB-OPERATION-MSG TO OMGPR-ERROR-MESSAGE MOVE 'Y' TO OMGPR-F-PRICER-ERROR END-EVALUATE.,"EXEC SQL SELECT BGG23.P_BG_LOW_UOM, CONVERT(CHAR(10),BGG23.D_BG_LOW_UOM_EFF,101), BGG23.P_BG_BREAK_BULK, BGG23.F_LUOM_VEND_EXCL INTO :BGG23-P-BG-LOW-UOM, :BGG23-D-BG-LOW-UOM-EFF, :BGG23-P-BG-BRK-BULK, :BGG23-F-LUOM-VEND-EXCL FROM BGG23 WHERE BGG23.I_BUY_GROUP = :BGG23-I-BUY-GROUP AND BGG23.D_BG_LOW_UOM_EFF <= :OMGPR-D-PRICING AND (BGG23.D_BG_LOW_UOM_EXP >= :OMGPR-D-PRICING OR BGG23.D_BG_LOW_UOM_EXP IS NULL) END-EXEC"
57,CUP100 (1).CBL,A840-SEL-LOW-UOM-EXCL,977,987,SELECT,,,BGG24,BGG24,BGG24.I_BUY_GROUP = :BGG23-I-BUY-GROUP AND BGG24.D_BG_LOW_UOM_EFF = :BGG23-D-BG-LOW-UOM-EFF AND BGG24.I_CUSTOMER = :OMGPR-I-CUSTOMER AND BGG24.D_BG_LUOM_EXCL_EFF <= :OMGPR-D-PRICING AND (BGG24.D_BG_LUOM_EXCL_EXP >= :OMGPR-D-PRICING OR BGG24.D_BG_LUOM_EXCL_EXP IS NULL),,BGG24-I-BUY-GROUP,BGG23-D-BG-LOW-UOM-EFF;BGG23-I-BUY-GROUP;BGG24-I-BUY-GROUP;OMGPR-D-PRICING;OMGPR-I-CUSTOMER,,,Y,,Y,1,0;100;OTHER,,Y, EVALUATE SQLCODE WHEN 0 CONTINUE WHEN 100 MOVE BGG23-I-BUY-GROUP TO OMGPR-I-BUY-GROUP-LUOM 00000820 MOVE BGG23-D-BG-LOW-UOM-EFF TO OMGPR-D-BG-LOW-UOM-EFF MOVE BGG23-P-BG-LOW-UOM TO OMGPR-P-LOW-UOM MOVE BGG23-P-BG-BRK-BULK TO OMGPR-P-BREAK-BULK MOVE BGG23-F-LUOM-VEND-EXCL TO OMGPR-F-LUOM-VEND-EXCL WHEN OTHER MOVE 'SELECT ' TO WS-DB-OPERATION MOVE 'BGG24' TO WS-DB-NAME MOVE SQLCODE TO WS-DB-RETURN-CODE MOVE 'DB ERROR' TO WS-DB-STATUS-MSG MOVE 80 TO WS-DB-ERROR-NBR OMGPR-Q-ERROR-NBR MOVE WS-DB2-FA,EXEC SQL SELECT BGG24.I_BUY_GROUP INTO :BGG24-I-BUY-GROUP FROM BGG24 WHERE BGG24.I_BUY_GROUP = :BGG23-I-BUY-GROUP AND BGG24.D_BG_LOW_UOM_EFF = :BGG23-D-BG-LOW-UOM-EFF AND BGG24.I_CUSTOMER = :OMGPR-I-CUSTOMER AND BGG24.D_BG_LUOM_EXCL_EFF <= :OMGPR-D-PRICING AND (BGG24.D_BG_LUOM_EXCL_EXP >= :OMGPR-D-PRICING OR BGG24.D_BG_LUOM_EXCL_EXP IS NULL) END-EXEC
58,CUP100 (1).CBL,A850-SEL-PARENTS,1016,1024,SELECT,,,BGG03,BGG03,BGG03.I_BUY_GROUP = :BGG03-I-BUY-GROUP AND BGG03.D_PARTNER_START <= :OMGPR-D-PRICING AND (BGG03.D_PARTNER_EXPIRE >= :OMGPR-D-PRICING OR BGG03.D_PARTNER_EXPIRE IS NULL),,BGG03-I-BUY-GROUP-PARENT,BGG03-I-BUY-GROUP;BGG03-I-BUY-GROUP-PARENT;OMGPR-D-PRICING,,,Y,,Y,1,0;100;OTHER,,Y, EVALUATE SQLCODE WHEN 0 MOVE 'Y' TO WS-BG-PARENT-IND MOVE BGG03-I-BUY-GROUP-PARENT TO BGG23-I-BUY-GROUP PERFORM A830-SEL-LOW-UOM THRU A830-EXIT WHEN 100 MOVE 'N' TO WS-BG-PARENT-IND WHEN OTHER MOVE 'SELECT ' TO WS-DB-OPERATION MOVE 'BGG03' TO WS-DB-NAME MOVE SQLCODE TO WS-DB-RETURN-CODE MOVE 'DB ERROR' TO WS-DB-STATUS-MSG MOVE 90 TO WS-DB-ERROR-NBR OMGPR-Q-ERROR-NBR MOVE WS-DB2-FATAL-ERROR-IND TO OMGPR-Q-ERROR-CODE MOVE WS-DB-OPERATION-MSG TO OMGPR-ERROR-MESSAGE MOVE 'Y' TO OMGPR-F-PRICER-ERROR,EXEC SQL SELECT BGG03.I_BUY_GROUP_PARENT INTO :BGG03-I-BUY-GROUP-PARENT FROM BGG03 WHERE BGG03.I_BUY_GROUP = :BGG03-I-BUY-GROUP AND BGG03.D_PARTNER_START <= :OMGPR-D-PRICING AND (BGG03.D_PARTNER_EXPIRE >= :OMGPR-D-PRICING OR BGG03.D_PARTNER_EXPIRE IS NULL) END-EXEC
59,CUP100 (1).CBL,1000-VERFIFY-CONTRACT-EXCL,1051,1056,SELECT,,,CCG25,CCG25,CCG25.I_ACCOUNT = :CCG25-I-ACCOUNT,,OMGPR-F-INP-CNT-EXCL-SW,CCG25-I-ACCOUNT;OMGPR-F-INP-CNT-EXCL-SW,,,,,Y,1,0;100;-811;OTHER,,Y, EVALUATE SQLCODE WHEN 0 CONTINUE WHEN 100 MOVE 'N' TO OMGPR-F-INP-CNT-EXCL-SW WHEN -811 MOVE 'Y' TO OMGPR-F-INP-CNT-EXCL-SW WHEN OTHER MOVE 'SELECT ' TO WS-DB-OPERATION MOVE 'CCG25' TO WS-DB-NAME MOVE SQLCODE TO WS-DB-RETURN-CODE MOVE 'DB ERROR' TO WS-DB-STATUS-MSG MOVE 1000 TO WS-DB-ERROR-NBR OMGPR-Q-ERROR-NBR MOVE WS-DB2-FATAL-ERROR-IND TO OMGPR-Q-ERROR-CODE MOVE WS-DB-OPERATION-MSG TO OMGPR-ERROR-MESSAGE MOVE 'Y' TO OMGPR-F-PRICER-ERROR END-EVALUATE.,EXEC SQL SELECT 'Y' INTO :OMGPR-F-INP-CNT-EXCL-SW FROM CCG25 WHERE CCG25.I_ACCOUNT = :CCG25-I-ACCOUNT END-EXEC
60,CUP100 (1).CBL,4000-SQL-SELECT-CUTFEE-PRICE,1510,1536,SELECT,,,CUTFEE_PRICE,CUTFEE_PRICE,COMPANY_ID = :CUFP-COMPANY-ID AND CUST_ID = :WS-CUST-ID AND SHIP_TO_SUFFIX = :CUFP-SHIP-TO-SUFFIX AND FEE_SHORT_CODE = :CUFP-FEE-SHORT-CODE AND D_FEE_EFFECTIVE <= :OMGPR-D-PRICING AND (D_FEE_EXPIRE >= :OMGPR-D-PRICING OR D_FEE_EXPIRE IS NULL),,CUFP-BILLING-FREQ;CUFP-D-ADJ-EXP-NI;CUFP-DATE-EXPIRE;CUFP-FEE-AMT;CUFP-FEE-PCT;CUFP-FEE-SHORT-CODE;CUFP-FEE-TYPE;CUFP-SKU-CODE,CUFP-BILLING-FREQ;CUFP-COMPANY-ID;CUFP-D-ADJ-EXP-NI;CUFP-DATE-EXPIRE;CUFP-FEE-AMT;CUFP-FEE-PCT;CUFP-FEE-SHORT-CODE;CUFP-FEE-TYPE;CUFP-SHIP-TO-SUFFIX;CUFP-SKU-CODE;OMGPR-D-PRICING;WS-CUST-ID,,,Y,,Y,2,0;100;OTHER,,Y, EVALUATE SQLCODE WHEN 0 MOVE CUFP-FEE-SHORT-CODE TO OMGPR-FEE-SHRT-CODE-PN MOVE CUFP-FEE-TYPE TO OMGPR-FEE-TYPE-PN COMPUTE OMGPR-P-PANDAC-PN = CUFP-FEE-PCT / 100 MOVE CUFP-FEE-AMT TO OMGPR-A-PANDAC-PN MOVE CUFP-SKU-CODE TO OMGPR-SKU-CODE-PN MOVE CUFP-BILLING-FREQ TO OMGPR-BILLING-FRQ-PN MOVE 'Y' TO WS-CMF-FEE-FOUND-SW WHEN 100 MOVE SPACES TO OMGPR-FEE-SHRT-CODE-PN OMGPR-FEE-TYPE-PN OMGPR-SKU-CODE-PN OMGPR-BILLING-FRQ-PN MOVE ZEROS TO OMGPR-P-PANDAC-PN OMGPR-A-PANDAC-PN WHEN OTHER MOVE 'SELECT' ,"EXEC SQL SELECT FEE_SHORT_CODE, FEE_TYPE, FEE_PCT, FEE_AMT, SKU_CODE, BILLING_FREQ, CONVERT(CHAR(10),D_FEE_EXPIRE,101) INTO :CUFP-FEE-SHORT-CODE, :CUFP-FEE-TYPE, :CUFP-FEE-PCT, :CUFP-FEE-AMT, :CUFP-SKU-CODE, :CUFP-BILLING-FREQ, :CUFP-DATE-EXPIRE :CUFP-D-ADJ-EXP-NI FROM CUTFEE_PRICE WHERE COMPANY_ID = :CUFP-COMPANY-ID AND CUST_ID = :WS-CUST-ID AND SHIP_TO_SUFFIX = :CUFP-SHIP-TO-SUFFIX AND FEE_SHORT_CODE = :CUFP-FEE-SHORT-CODE AND D_FEE_EFFECTIVE <= :OMGPR-D-PRICING AND (D_FEE_EXPIRE >= :OMGPR-D-PRICING OR D_FEE_EXPIRE IS NULL) END-EXEC."
61,CUP100 (1).CBL,5000-SQL-SELECT-PRICE-COMP,1543,1560,SELECT,,,CUTPRICE_COMPONENT,CUTPRICE_COMPONENT,COMPANY_ID = :CUPC-COMPANY-ID AND CUST_ID = :WS-CUST-ID AND SHIP_TO_SUFFIX = :CUPC-SHIP-TO-SUFFIX AND COMPONENT_SHORT_CODE = :CUPC-COMP-SHORT-CODE AND D_FEE_EFFECTIVE <= :OMGPR-D-PRICING AND (D_FEE_EXPIRE >= :OMGPR-D-PRICING OR D_FEE_EXPIRE IS NULL),,CUPC-BILLING-FREQ;CUPC-COMP-SHORT-CODE;CUPC-SKU-CODE,CUPC-BILLING-FREQ;CUPC-COMP-SHORT-CODE;CUPC-COMPANY-ID;CUPC-SHIP-TO-SUFFIX;CUPC-SKU-CODE;OMGPR-D-PRICING;WS-CUST-ID,,,Y,,Y,2,0;100;OTHER,,Y, EVALUATE SQLCODE WHEN 0 MOVE CUPC-COMP-SHORT-CODE TO OMGPR-FEE-SHRT-CODE-SF MOVE CUPC-SKU-CODE TO OMGPR-SKU-CODE-SF MOVE CUPC-BILLING-FREQ TO OMGPR-BILLING-FRQ-SF WHEN 100 MOVE SPACES TO OMGPR-FEE-SHRT-CODE-SF OMGPR-SKU-CODE-SF OMGPR-BILLING-FRQ-SF WHEN OTHER MOVE 'SELECT' TO WS-DB-OPERATION MOVE 'CUTPRICE_COMPONENT' TO WS-DB-NAME MOVE SQLCODE TO WS-DB-RETURN-CODE MOVE 'DB ERROR' TO WS-DB-STATUS-MSG MOVE 310 TO WS-DB-ERROR-NBR OMGPR-Q-ERROR-NBR MOVE WS-DB2-FATAL-ERROR-IND TO OMGPR-Q-ERROR-CODE ,"EXEC SQL SELECT COMPONENT_SHORT_CODE, SKU_CODE, BILLING_FREQ INTO :CUPC-COMP-SHORT-CODE, :CUPC-SKU-CODE, :CUPC-BILLING-FREQ FROM CUTPRICE_COMPONENT WHERE COMPANY_ID = :CUPC-COMPANY-ID AND CUST_ID = :WS-CUST-ID AND SHIP_TO_SUFFIX = :CUPC-SHIP-TO-SUFFIX AND COMPONENT_SHORT_CODE = :CUPC-COMP-SHORT-CODE AND D_FEE_EFFECTIVE <= :OMGPR-D-PRICING AND (D_FEE_EXPIRE >= :OMGPR-D-PRICING OR D_FEE_EXPIRE IS NULL) END-EXEC."
62,A6U01.CBL,,1496,1498,INCLUDE,,A9G36,,,,,,,,,,,,0,,,,,EXEC SQL INCLUDE A9G36 END-EXEC.
63,A6U01.CBL,,1500,1502,INCLUDE,,CCG25,,,,,,,,,,,,0,,,,,EXEC SQL INCLUDE CCG25 END-EXEC.
64,A6U01.CBL,,1504,1506,INCLUDE,,VNG31,,,,,,,,,,,,0,,,,,EXEC SQL INCLUDE VNG31 END-EXEC.
65,A6U01.CBL,,1508,1510,INCLUDE,,VNG19,,,,,,,,,,,,0,,,,,EXEC SQL INCLUDE VNG19 END-EXEC.
66,A6U01.CBL,,1516,1518,INCLUDE,,VNG20,,,,,,,,,,,,0,,,,,EXEC SQL INCLUDE VNG20 END-EXEC.
67,A6U01.CBL,,1520,1522,INCLUDE,,VNG21,,,,,,,,,,,,0,,,,,EXEC SQL INCLUDE VNG21 END-EXEC.
68,A6U01.CBL,,1524,1526,INCLUDE,,BGG01,,,,,,,,,,,,0,,,,,EXEC SQL INCLUDE BGG01 END-EXEC.
69,A6U01.CBL,,1528,1530,INCLUDE,,BGG02,,,,,,,,,,,,0,,,,,EXEC SQL INCLUDE BGG02 END-EXEC.
70,A6U01.CBL,,1532,1534,INCLUDE,,BGG03,,,,,,,,,,,,0,,,,,EXEC SQL INCLUDE BGG03 END-EXEC.
71,A6U01.CBL,,1536,1538,INCLUDE,,BGG10,,,,,,,,,,,,0,,,,,EXEC SQL INCLUDE BGG10 END-EXEC.
72,A6U01.CBL,,1540,1542,INCLUDE,,BGG11,,,,,,,,,,,,0,,,,,EXEC SQL INCLUDE BGG11 END-EXEC.
73,A6U01.CBL,,1544,1546,INCLUDE,,BGG19,,,,,,,,,,,,0,,,,,EXEC SQL INCLUDE BGG19 END-EXEC.
74,A6U01.CBL,,1548,1550,INCLUDE,,BGG20,,,,,,,,,,,,0,,,,,EXEC SQL INCLUDE BGG20 END-EXEC.
75,A6U01.CBL,,1552,1554,INCLUDE,,BGG25,,,,,,,,,,,,0,,,,,EXEC SQL INCLUDE BGG25 END-EXEC.
76,A6U01.CBL,,1556,1558,INCLUDE,,CCG01,,,,,,,,,,,,0,,,,,EXEC SQL INCLUDE CCG01 END-EXEC.
77,A6U01.CBL,,1560,1562,INCLUDE,,CCG03,,,,,,,,,,,,0,,,,,EXEC SQL INCLUDE CCG03 END-EXEC.
78,A6U01.CBL,,1564,1566,INCLUDE,,CCG04,,,,,,,,,,,,0,,,,,EXEC SQL INCLUDE CCG04 END-EXEC.
79,A6U01.CBL,,1568,1570,INCLUDE,,CCG05,,,,,,,,,,,,0,,,,,EXEC SQL INCLUDE CCG05 END-EXEC.
80,A6U01.CBL,,1572,1574,INCLUDE,,CCG06,,,,,,,,,,,,0,,,,,EXEC SQL INCLUDE CCG06 END-EXEC.
81,A6U01.CBL,,1576,1578,INCLUDE,,CCG07,,,,,,,,,,,,0,,,,,EXEC SQL INCLUDE CCG07 END-EXEC.
82,A6U01.CBL,,1580,1582,INCLUDE,,CCG09,,,,,,,,,,,,0,,,,,EXEC SQL INCLUDE CCG09 END-EXEC.
83,A6U01.CBL,,1584,1586,INCLUDE,,CCG10,,,,,,,,,,,,0,,,,,EXEC SQL INCLUDE CCG10 END-EXEC.
84,A6U01.CBL,,1588,1590,INCLUDE,,CCG11,,,,,,,,,,,,0,,,,,EXEC SQL INCLUDE CCG11 END-EXEC.
85,A6U01.CBL,,1592,1594,INCLUDE,,CCG13,,,,,,,,,,,,0,,,,,EXEC SQL INCLUDE CCG13 END-EXEC.
86,A6U01.CBL,,1596,1598,INCLUDE,,CCG14,,,,,,,,,,,,0,,,,,EXEC SQL INCLUDE CCG14 END-EXEC.
87,A6U01.CBL,,1600,1602,INCLUDE,,CCG15,,,,,,,,,,,,0,,,,,EXEC SQL INCLUDE CCG15 END-EXEC.
88,A6U01.CBL,,1604,1606,INCLUDE,,CCG16,,,,,,,,,,,,0,,,,,EXEC SQL INCLUDE CCG16 END-EXEC.
89,A6U01.CBL,,1608,1610,INCLUDE,,CCG21,,,,,,,,,,,,0,,,,,EXEC SQL INCLUDE CCG21 END-EXEC.
90,A6U01.CBL,,1612,1614,INCLUDE,,VNG24,,,,,,,,,,,,0,,,,,EXEC SQL INCLUDE VNG24 END-EXEC.
91,A6U01.CBL,,1616,1618,INCLUDE,,VNG23,,,,,,,,,,,,0,,,,,EXEC SQL INCLUDE VNG23 END-EXEC.
92,A6U01.CBL,,1620,1622,INCLUDE,,VNG22,,,,,,,,,,,,0,,,,,EXEC SQL INCLUDE VNG22 END-EXEC.
93,A6U01.CBL,,1624,1626,INCLUDE,,CUG03,,,,,,,,,,,,0,,,,,EXEC SQL INCLUDE CUG03 END-EXEC.
94,A6U01.CBL,,1628,1630,INCLUDE,,CUG06,,,,,,,,,,,,0,,,,,EXEC SQL INCLUDE CUG06 END-EXEC.
95,A6U01.CBL,,1632,1634,INCLUDE,,CUG07,,,,,,,,,,,,0,,,,,EXEC SQL INCLUDE CUG07 END-EXEC.
96,A6U01.CBL,,1636,1638,INCLUDE,,CUG08,,,,,,,,,,,,0,,,,,EXEC SQL INCLUDE CUG08 END-EXEC.
97,A6U01.CBL,,1640,1642,INCLUDE,,CUG09,,,,,,,,,,,,0,,,,,EXEC SQL INCLUDE CUG09 END-EXEC.
98,A6U01.CBL,,1644,1646,INCLUDE,,CUG10,,,,,,,,,,,,0,,,,,EXEC SQL INCLUDE CUG10 END-EXEC.
99,A6U01.CBL,,1648,1650,INCLUDE,,CUG11,,,,,,,,,,,,0,,,,,EXEC SQL INCLUDE CUG11 END-EXEC.
100,A6U01.CBL,,1652,1654,INCLUDE,,CUG12,,,,,,,,,,,,0,,,,,EXEC SQL INCLUDE CUG12 END-EXEC.
101,A6U01.CBL,,1656,1658,INCLUDE,,CUG13,,,,,,,,,,,,0,,,,,EXEC SQL INCLUDE CUG13 END-EXEC.
102,A6U01.CBL,,1660,1662,INCLUDE,,CUG18,,,,,,,,,,,,0,,,,,EXEC SQL INCLUDE CUG18 END-EXEC.
103,A6U01.CBL,,1664,1666,INCLUDE,,CUG19,,,,,,,,,,,,0,,,,,EXEC SQL INCLUDE CUG19 END-EXEC.
104,A6U01.CBL,,1668,1670,INCLUDE,,CUG20,,,,,,,,,,,,0,,,,,EXEC SQL INCLUDE CUG20 END-EXEC.
105,A6U01.CBL,,1672,1674,INCLUDE,,CUG21,,,,,,,,,,,,0,,,,,EXEC SQL INCLUDE CUG21 END-EXEC.
106,A6U01.CBL,,1676,1678,INCLUDE,,CUG22,,,,,,,,,,,,0,,,,,EXEC SQL INCLUDE CUG22 END-EXEC.
107,A6U01.CBL,,1680,1682,INCLUDE,,CUG23,,,,,,,,,,,,0,,,,,EXEC SQL INCLUDE CUG23 END-EXEC.
108,A6U01.CBL,,1684,1686,INCLUDE,,CUG24,,,,,,,,,,,,0,,,,,EXEC SQL INCLUDE CUG24 END-EXEC.
109,A6U01.CBL,,1688,1690,INCLUDE,,CUG25,,,,,,,,,,,,0,,,,,EXEC SQL INCLUDE CUG25 END-EXEC.
110,A6U01.CBL,,1692,1694,INCLUDE,,CUG26,,,,,,,,,,,,0,,,,,EXEC SQL INCLUDE CUG26 END-EXEC.
111,A6U01.CBL,,1696,1698,INCLUDE,,CUG27,,,,,,,,,,,,0,,,,,EXEC SQL INCLUDE CUG27 END-EXEC.
112,A6U01.CBL,,1700,1702,INCLUDE,,CUG29,,,,,,,,,,,,0,,,,,EXEC SQL INCLUDE CUG29 END-EXEC.
113,A6U01.CBL,,1704,1706,INCLUDE,,CUG31,,,,,,,,,,,,0,,,,,EXEC SQL INCLUDE CUG31 END-EXEC.
114,A6U01.CBL,,1708,1710,INCLUDE,,CUG33,,,,,,,,,,,,0,,,,,EXEC SQL INCLUDE CUG33 END-EXEC.
115,A6U01.CBL,,1712,1714,INCLUDE,,CUG34,,,,,,,,,,,,0,,,,,EXEC SQL INCLUDE CUG34 END-EXEC.
116,A6U01.CBL,,1716,1718,INCLUDE,,CUG55,,,,,,,,,,,,0,,,,,EXEC SQL INCLUDE CUG55 END-EXEC.
117,A6U01.CBL,,1720,1722,INCLUDE,,CUG56,,,,,,,,,,,,0,,,,,EXEC SQL INCLUDE CUG56 END-EXEC.
118,A6U01.CBL,,1724,1726,INCLUDE,,CUG57,,,,,,,,,,,,0,,,,,EXEC SQL INCLUDE CUG57 END-EXEC.
119,A6U01.CBL,,1728,1730,INCLUDE,,CUG60,,,,,,,,,,,,0,,,,,EXEC SQL INCLUDE CUG60 END-EXEC.
120,A6U01.CBL,,1732,1734,INCLUDE,,CUG61,,,,,,,,,,,,0,,,,,EXEC SQL INCLUDE CUG61 END-EXEC.
121,A6U01.CBL,,1736,1738,INCLUDE,,CUG62,,,,,,,,,,,,0,,,,,EXEC SQL INCLUDE CUG62 END-EXEC.
122,A6U01.CBL,,1740,1742,INCLUDE,,CUG63,,,,,,,,,,,,0,,,,,EXEC SQL INCLUDE CUG63 END-EXEC.
123,A6U01.CBL,,1744,1746,INCLUDE,,CUG64,,,,,,,,,,,,0,,,,,EXEC SQL INCLUDE CUG64 END-EXEC.
124,A6U01.CBL,,1748,1750,INCLUDE,,CUG65,,,,,,,,,,,,0,,,,,EXEC SQL INCLUDE CUG65 END-EXEC.
125,A6U01.CBL,,1752,1754,INCLUDE,,ING01,,,,,,,,,,,,0,,,,,EXEC SQL INCLUDE ING01 END-EXEC.
126,A6U01.CBL,,1756,1758,INCLUDE,,OMGPR,,,,,,,,,,,,0,,,,,EXEC SQL INCLUDE OMGPR END-EXEC.
127,A6U01.CBL,,1760,1762,INCLUDE,,SAG01,,,,,,,,,,,,0,,,,,EXEC SQL INCLUDE SAG01 END-EXEC.
128,A6U01.CBL,,1764,1766,INCLUDE,,SAG02,,,,,,,,,,,,0,,,,,EXEC SQL INCLUDE SAG02 END-EXEC.
129,A6U01.CBL,,1768,1770,INCLUDE,,SAG03,,,,,,,,,,,,0,,,,,EXEC SQL INCLUDE SAG03 END-EXEC.
130,A6U01.CBL,,1772,1774,INCLUDE,,SAG04,,,,,,,,,,,,0,,,,,EXEC SQL INCLUDE SAG04 END-EXEC.
131,A6U01.CBL,,1776,1778,INCLUDE,,SAG05,,,,,,,,,,,,0,,,,,EXEC SQL INCLUDE SAG05 END-EXEC.
132,A6U01.CBL,,1780,1782,INCLUDE,,SAG06,,,,,,,,,,,,0,,,,,EXEC SQL INCLUDE SAG06 END-EXEC.
133,A6U01.CBL,,1784,1786,INCLUDE,,SAG07,,,,,,,,,,,,0,,,,,EXEC SQL INCLUDE SAG07 END-EXEC.
134,A6U01.CBL,,1788,1790,INCLUDE,,SAG08,,,,,,,,,,,,0,,,,,EXEC SQL INCLUDE SAG08 END-EXEC.
135,A6U01.CBL,,1792,1794,INCLUDE,,SAG09,,,,,,,,,,,,0,,,,,EXEC SQL INCLUDE SAG09 END-EXEC.
136,A6U01.CBL,,1796,1798,INCLUDE,,SAG10,,,,,,,,,,,,0,,,,,EXEC SQL INCLUDE SAG10 END-EXEC.
137,A6U01.CBL,,1800,1802,INCLUDE,,SAG11,,,,,,,,,,,,0,,,,,EXEC SQL INCLUDE SAG11 END-EXEC.
138,A6U01.CBL,,1804,1806,INCLUDE,,SAG12,,,,,,,,,,,,0,,,,,EXEC SQL INCLUDE SAG12 END-EXEC.
139,A6U01.CBL,,1808,1810,INCLUDE,,SAG13,,,,,,,,,,,,0,,,,,EXEC SQL INCLUDE SAG13 END-EXEC.
140,A6U01.CBL,,1812,1814,INCLUDE,,SAG14,,,,,,,,,,,,0,,,,,EXEC SQL INCLUDE SAG14 END-EXEC.
141,A6U01.CBL,,1816,1818,INCLUDE,,SAG15,,,,,,,,,,,,0,,,,,EXEC SQL INCLUDE SAG15 END-EXEC.
142,A6U01.CBL,,1820,1822,INCLUDE,,SAG16,,,,,,,,,,,,0,,,,,EXEC SQL INCLUDE SAG16 END-EXEC.
143,A6U01.CBL,,1824,1826,INCLUDE,,SAG17,,,,,,,,,,,,0,,,,,EXEC SQL INCLUDE SAG17 END-EXEC.
144,A6U01.CBL,,1828,1830,INCLUDE,,SAG18,,,,,,,,,,,,0,,,,,EXEC SQL INCLUDE SAG18 END-EXEC.
145,A6U01.CBL,,1832,1834,INCLUDE,,SAG19,,,,,,,,,,,,0,,,,,EXEC SQL INCLUDE SAG19 END-EXEC.
146,A6U01.CBL,,1836,1838,INCLUDE,,SAG20,,,,,,,,,,,,0,,,,,EXEC SQL INCLUDE SAG20 END-EXEC.
147,A6U01.CBL,,1840,1842,INCLUDE,,SAG21,,,,,,,,,,,,0,,,,,EXEC SQL INCLUDE SAG21 END-EXEC.
148,A6U01.CBL,,1844,1846,INCLUDE,,SAG22,,,,,,,,,,,,0,,,,,EXEC SQL INCLUDE SAG22 END-EXEC.
149,A6U01.CBL,,1848,1850,INCLUDE,,SAG23,,,,,,,,,,,,0,,,,,EXEC SQL INCLUDE SAG23 END-EXEC.
150,A6U01.CBL,,1852,1854,INCLUDE,,SAG24,,,,,,,,,,,,0,,,,,EXEC SQL INCLUDE SAG24 END-EXEC.
151,A6U01.CBL,,1856,1858,INCLUDE,,SAG25,,,,,,,,,,,,0,,,,,EXEC SQL INCLUDE SAG25 END-EXEC.
152,A6U01.CBL,,1860,1862,INCLUDE,,SAG26,,,,,,,,,,,,0,,,,,EXEC SQL INCLUDE SAG26 END-EXEC.
153,A6U01.CBL,,1864,1866,INCLUDE,,VNG01,,,,,,,,,,,,0,,,,,EXEC SQL INCLUDE VNG01 END-EXEC.
154,A6U01.CBL,,1868,1870,INCLUDE,,VNG02,,,,,,,,,,,,0,,,,,EXEC SQL INCLUDE VNG02 END-EXEC.
155,A6U01.CBL,,1872,1874,INCLUDE,,VNG03,,,,,,,,,,,,0,,,,,EXEC SQL INCLUDE VNG03 END-EXEC.
156,A6U01.CBL,,1876,1878,INCLUDE,,VNG04,,,,,,,,,,,,0,,,,,EXEC SQL INCLUDE VNG04 END-EXEC.
157,A6U01.CBL,,1880,1882,INCLUDE,,VNG05,,,,,,,,,,,,0,,,,,EXEC SQL INCLUDE VNG05 END-EXEC.
158,A6U01.CBL,,1884,1886,INCLUDE,,VNG06,,,,,,,,,,,,0,,,,,EXEC SQL INCLUDE VNG06 END-EXEC.
159,A6U01.CBL,,1888,1890,INCLUDE,,VNG07,,,,,,,,,,,,0,,,,,EXEC SQL INCLUDE VNG07 END-EXEC.
160,A6U01.CBL,,1892,1894,INCLUDE,,VNG14,,,,,,,,,,,,0,,,,,EXEC SQL INCLUDE VNG14 END-EXEC.
161,A6U01.CBL,,1896,1898,INCLUDE,,VNG15,,,,,,,,,,,,0,,,,,EXEC SQL INCLUDE VNG15 END-EXEC.
162,A6U01.CBL,,1900,1902,INCLUDE,,VNG16,,,,,,,,,,,,0,,,,,EXEC SQL INCLUDE VNG16 END-EXEC.
163,A6U01.CBL,,1904,1906,INCLUDE,,VNG36,,,,,,,,,,,,0,,,,,EXEC SQL INCLUDE VNG36 END-EXEC.
164,A6U01.CBL,,1908,1910,INCLUDE,,DVG01,,,,,,,,,,,,0,,,,,EXEC SQL INCLUDE DVG01 END-EXEC.
165,A6U01.CBL,,1912,1914,INCLUDE,,BG_FRT_VAR_GRP,,,,,,,,,,,,0,,,,,EXEC SQL INCLUDE BG_FRT_VAR_GRP END-EXEC.
166,A6U01.CBL,,1916,1918,INCLUDE,,BG_FRT_VAR_VEND,,,,,,,,,,,,0,,,,,EXEC SQL INCLUDE BG_FRT_VAR_VEND END-EXEC.
167,A6U01.CBL,,1920,1922,INCLUDE,,BG_FRT_VAR_PROD,,,,,,,,,,,,0,,,,,EXEC SQL INCLUDE BG_FRT_VAR_PROD END-EXEC.
168,A6U01.CBL,,1924,1926,OTHER,,,,,,,,,,,,,,0,,,,,EXEC SQL INCLUDE IN_NON_OMSELECT_PART END-EXEC.
169,A6U01.CBL,,1928,1930,INCLUDE,,VNG32,,,,,,,,,,,,0,,,,,EXEC SQL INCLUDE VNG32 END-EXEC.
170,A6U01.CBL,,1932,1934,INCLUDE,,VNG33,,,,,,,,,,,,0,,,,,EXEC SQL INCLUDE VNG33 END-EXEC.
171,A6U01.CBL,,1936,1938,INCLUDE,,VNG34,,,,,,,,,,,,0,,,,,EXEC SQL INCLUDE VNG34 END-EXEC.
172,A6U01.CBL,,1940,1942,INCLUDE,,VNG35,,,,,,,,,,,,0,,,,,EXEC SQL INCLUDE VNG35 END-EXEC.
173,A6U01.CBL,,1944,1946,INCLUDE,,VN_CID_VN_SURCHARGE,,,,,,,,,,,,0,,,,,EXEC SQL INCLUDE VN_CID_VN_SURCHARGE END-EXEC.
174,A6U01.CBL,,1948,1950,INCLUDE,,VN_CID_PC_SURCHARGE,,,,,,,,,,,,0,,,,,EXEC SQL INCLUDE VN_CID_PC_SURCHARGE END-EXEC.
175,A6U01.CBL,,1952,1954,INCLUDE,,VN_CID_VN_COSTADJ,,,,,,,,,,,,0,,,,,EXEC SQL INCLUDE VN_CID_VN_COSTADJ END-EXEC.
176,A6U01.CBL,,1956,1958,INCLUDE,,CID_OVRHD_CHRG_ADJ,,,,,,,,,,,,0,,,,,EXEC SQL INCLUDE CID_OVRHD_CHRG_ADJ END-EXEC.
177,A6U01.CBL,,1960,1962,INCLUDE,,CID_PREPAY_DEDUCT,,,,,,,,,,,,0,,,,,EXEC SQL INCLUDE CID_PREPAY_DEDUCT END-EXEC.
178,A6U01.CBL,,1964,1966,INCLUDE,,CID_DELIV_ADJ,,,,,,,,,,,,0,,,,,EXEC SQL INCLUDE CID_DELIV_ADJ END-EXEC.
179,A6U01.CBL,,1968,1970,INCLUDE,,CID_RISK_PREM_ADJ,,,,,,,,,,,,0,,,,,EXEC SQL INCLUDE CID_RISK_PREM_ADJ END-EXEC.
180,A6U01.CBL,,1972,1974,INCLUDE,,CID_FIN_CHRG_ADJ,,,,,,,,,,,,0,,,,,EXEC SQL INCLUDE CID_FIN_CHRG_ADJ END-EXEC.
181,A6U01.CBL,,1976,1978,INCLUDE,,CID_NON_CONT_ADJ,,,,,,,,,,,,0,,,,,EXEC SQL INCLUDE CID_NON_CONT_ADJ END-EXEC.
182,A6U01.CBL,,1980,1982,INCLUDE,,VN_CID_ADJ_FEE,,,,,,,,,,,,0,,,,,EXEC SQL INCLUDE VN_CID_ADJ_FEE END-EXEC.
183,A6U01.CBL,,1984,1986,INCLUDE,,VN_CID_ADJ_FEE_MEDC,,,,,,,,,,,,0,,,,,EXEC SQL INCLUDE VN_CID_ADJ_FEE_MEDC END-EXEC.
184,A6U01.CBL,,1988,1990,INCLUDE,,VN_CID_ADJ_FEE_PCAT,,,,,,,,,,,,0,,,,,EXEC SQL INCLUDE VN_CID_ADJ_FEE_PCAT END-EXEC.
185,A6U01.CBL,,1992,1994,INCLUDE,,VN_CID_VN_FREIGHT,,,,,,,,,,,,0,,,,,EXEC SQL INCLUDE VN_CID_VN_FREIGHT END-EXEC.
186,A6U01.CBL,,1996,1998,INCLUDE,,CCG27,,,,,,,,,,,,0,,,,,EXEC SQL INCLUDE CCG27 END-EXEC.
187,A6U01.CBL,,2000,2002,INCLUDE,,CU_AC_VEND_NONSANC_RATING,,,,,,,,,,,,0,,,,,EXEC SQL INCLUDE CU_AC_VEND_NONSANC_RATING END-EXEC.
188,A6U01.CBL,,2004,2006,INCLUDE,,CU_BG_VEND_NONSANC_RATING,,,,,,,,,,,,0,,,,,EXEC SQL INCLUDE CU_BG_VEND_NONSANC_RATING END-EXEC.
189,A6U01.CBL,,2008,2010,INCLUDE,,CU_CID_VEND_NONSANC_RATING,,,,,,,,,,,,0,,,,,EXEC SQL INCLUDE CU_CID_VEND_NONSANC_RATING END-EXEC.
190,A6U01.CBL,,2012,2014,INCLUDE,,CU_CO_VEND_NONSANC_RATING,,,,,,,,,,,,0,,,,,EXEC SQL INCLUDE CU_CO_VEND_NONSANC_RATING END-EXEC.
191,A6U01.CBL,,2016,2018,INCLUDE,,CU_AC_CONT_NONSANC_RATING,,,,,,,,,,,,0,,,,,EXEC SQL INCLUDE CU_AC_CONT_NONSANC_RATING END-EXEC.
192,A6U01.CBL,,2020,2022,INCLUDE,,CU_BG_CONT_NONSANC_RATING,,,,,,,,,,,,0,,,,,EXEC SQL INCLUDE CU_BG_CONT_NONSANC_RATING END-EXEC.
193,A6U01.CBL,,2024,2026,INCLUDE,,CU_CID_CONT_NONSANC_RATING,,,,,,,,,,,,0,,,,,EXEC SQL INCLUDE CU_CID_CONT_NONSANC_RATING END-EXEC.
194,A6U01.CBL,,2028,2030,INCLUDE,,CU_CO_CONT_NONSANC_RATING,,,,,,,,,,,,0,,,,,EXEC SQL INCLUDE CU_CO_CONT_NONSANC_RATING END-EXEC.
195,A6U01.CBL,,2032,2034,INCLUDE,,CU_AC_PROD_NONSANC_RATING,,,,,,,,,,,,0,,,,,EXEC SQL INCLUDE CU_AC_PROD_NONSANC_RATING END-EXEC.
196,A6U01.CBL,,2036,2038,INCLUDE,,CU_BG_PROD_NONSANC_RATING,,,,,,,,,,,,0,,,,,EXEC SQL INCLUDE CU_BG_PROD_NONSANC_RATING END-EXEC.
197,A6U01.CBL,,2040,2042,INCLUDE,,CU_CID_PROD_NONSANC_RATING,,,,,,,,,,,,0,,,,,EXEC SQL INCLUDE CU_CID_PROD_NONSANC_RATING END-EXEC.
198,A6U01.CBL,,2044,2046,INCLUDE,,CU_CO_PROD_NONSANC_RATING,,,,,,,,,,,,0,,,,,EXEC SQL INCLUDE CU_CO_PROD_NONSANC_RATING END-EXEC.
199,A6U01.CBL,,2048,2050,INCLUDE,,CUVFEEP,,,,,,,,,,,,0,,,,,EXEC SQL INCLUDE CUVFEEP END-EXEC.
200,A6U01.CBL,,2052,2054,INCLUDE,,INPRDSSC,,,,,,,,,,,,0,,,,,EXEC SQL INCLUDE INPRDSSC END-EXEC.
201,A6U01.CBL,,2056,2058,INCLUDE,,INSSC,,,,,,,,,,,,0,,,,,EXEC SQL INCLUDE INSSC END-EXEC.
202,A6U01.CBL,,2060,2062,INCLUDE,,SASSC,,,,,,,,,,,,0,,,,,EXEC SQL INCLUDE SASSC END-EXEC.
203,A6U01.CBL,,2064,2066,INCLUDE,,SASSCGM,,,,,,,,,,,,0,,,,,EXEC SQL INCLUDE SASSCGM END-EXEC.
204,A6U01.CBL,,2068,2070,INCLUDE,,SASSCCP,,,,,,,,,,,,0,,,,,EXEC SQL INCLUDE SASSCCP END-EXEC.
205,A6U01.CBL,,2072,2074,INCLUDE,,SASSCVP,,,,,,,,,,,,0,,,,,EXEC SQL INCLUDE SASSCVP END-EXEC.
206,A6U01.CBL,,2080,2082,INCLUDE,,SYMSCSW.CPY,,,,,,,,,,,,0,,,, COPY SACIDASN. COPY HCOVDACT. COPY HCOVDCID. COPY HCOVDGRP. COPY HCOVDGPD. COPY HCOVDPRD. COPY A6W001. COPY RWDAT. 01 DMSXX. 05 DMSXX-SQL-STATUS PIC X(12) VALUE SPACES. 05 DMSXX-INTERNAL-STATUS PIC X(02) VALUE SPACES. 05 DMSXX-FATAL-SQL-CONTROL PIC X(03) VALUE SPACES. 05 DMSXX-SQL-NAME PIC X(30) VALUE SPACES. COPY DFHBMSCA.,EXEC SQL INCLUDE SYMSCSW.CPY END-EXEC.
207,A6U01.CBL,,2104,2126,DECLARE_CURSOR,A6Z01_C_CUG07,,"CUG07, SAG03",CUG07;SAG03,CUG07.I_CUSTOMER = :OMGPR-I-CUSTOMER AND CUG07.D_CUST_BG_PRI_EFF = :CUG07-D-CUST-BG-PRI-EFF AND SAG03.D_BG_TIER_START <= :WS-CURRENT-DB2-DATE AND (SAG03.D_BG_TIER_EXPIRE >= :WS-CURRENT-DB2-DATE OR SAG03.D_BG_TIER_EXPIRE IS NULL) AND CUG07.I_BUY_GROUP = SAG03.I_BUY_GROUP AND CUG07.Q_PREF_TIER_LEVEL = SAG03.Q_PREF_TIER_LEVEL AND CUG07.D_BG_TIER_START = SAG03.D_BG_TIER_START,Q_CUST_BG_PRIORITY,,CUG07-D-CUST-BG-PRI-EFF;OMGPR-I-CUSTOMER;WS-CURRENT-DB2-DATE,Y,Y,Y,,,0,,,,,"EXEC SQL DECLARE A6Z01_C_CUG07 CURSOR FOR SELECT CUG07.I_BUY_GROUP, CUG07.S_BG_MEMBER, CUG07.Q_CUST_BG_PRIORITY, CUG07.Q_PREF_TIER_LEVEL, CONVERT(CHAR(10),CUG07.D_BG_TIER_START,101) FROM CUG07, SAG03 WHERE CUG07.I_CUSTOMER = :OMGPR-I-CUSTOMER AND CUG07.D_CUST_BG_PRI_EFF = :CUG07-D-CUST-BG-PRI-EFF AND SAG03.D_BG_TIER_START <= :WS-CURRENT-DB2-DATE AND (SAG03.D_BG_TIER_EXPIRE >= :WS-CURRENT-DB2-DATE OR SAG03.D_BG_TIER_EXPIRE IS NULL) AND CUG07.I_BUY_GROUP = SAG03.I_BUY_GROUP AND CUG07.Q_PREF_TIER_LEVEL = SAG03.Q_PREF_TIER_LEVEL AND CUG07.D_BG_TIER_START = SAG03.D_BG_TIER_START ORDER BY Q_CUST_BG_PRIORITY FOR FETCH ONLY OPTIMIZE FOR 1 ROW END-EXEC."
208,A6U01.CBL,,2128,2150,DECLARE_CURSOR,A6Z01_C_CUG11,,"CUG11, SAG03",CUG11;SAG03,CUG11.I_ACCOUNT = :OMGPR-I-ACCOUNT AND CUG11.D_ACCT_BG_PRI_EFF = :CUG11-D-ACCT-BG-PRI-EFF AND SAG03.D_BG_TIER_START <= :WS-CURRENT-DB2-DATE AND (SAG03.D_BG_TIER_EXPIRE >= :WS-CURRENT-DB2-DATE OR SAG03.D_BG_TIER_EXPIRE IS NULL) AND CUG11.I_BUY_GROUP = SAG03.I_BUY_GROUP AND CUG11.Q_PREF_TIER_LEVEL = SAG03.Q_PREF_TIER_LEVEL AND CUG11.D_BG_TIER_START = SAG03.D_BG_TIER_START,Q_ACCT_BG_PRIORITY,,CUG11-D-ACCT-BG-PRI-EFF;OMGPR-I-ACCOUNT;WS-CURRENT-DB2-DATE,Y,Y,Y,,,0,,,,,"EXEC SQL DECLARE A6Z01_C_CUG11 CURSOR FOR SELECT CUG11.I_BUY_GROUP, CUG11.S_BG_MEMBER, CUG11.Q_ACCT_BG_PRIORITY, CUG11.Q_PREF_TIER_LEVEL, CONVERT(CHAR(10),CUG11.D_BG_TIER_START,101) FROM CUG11, SAG03 WHERE CUG11.I_ACCOUNT = :OMGPR-I-ACCOUNT AND CUG11.D_ACCT_BG_PRI_EFF = :CUG11-D-ACCT-BG-PRI-EFF AND SAG03.D_BG_TIER_START <= :WS-CURRENT-DB2-DATE AND (SAG03.D_BG_TIER_EXPIRE >= :WS-CURRENT-DB2-DATE OR SAG03.D_BG_TIER_EXPIRE IS NULL) AND CUG11.I_BUY_GROUP = SAG03.I_BUY_GROUP AND CUG11.Q_PREF_TIER_LEVEL = SAG03.Q_PREF_TIER_LEVEL AND CUG11.D_BG_TIER_START = SAG03.D_BG_TIER_START ORDER BY Q_ACCT_BG_PRIORITY FOR FETCH ONLY OPTIMIZE FOR 1 ROW END-EXEC."
209,A6U01.CBL,,2152,2171,DECLARE_CURSOR,A6Z01_S_CUG07,,"CUG07, BGG01",CUG07;BGG01,CUG07.I_CUSTOMER = :OMGPR-I-CUSTOMER AND CUG07.D_CUST_BG_PRI_EFF = :CUG07-D-CUST-BG-PRI-EFF AND CUG07.I_BUY_GROUP = BGG01.I_BUY_GROUP AND BGG01.D_BG_EFFECT <= :WS-CURRENT-DB2-DATE AND (BGG01.D_BG_EXPIRE >= :WS-CURRENT-DB2-DATE OR BGG01.D_BG_EXPIRE IS NULL),Q_CUST_BG_PRIORITY,,CUG07-D-CUST-BG-PRI-EFF;OMGPR-I-CUSTOMER;WS-CURRENT-DB2-DATE,Y,Y,Y,,,0,,,,,"EXEC SQL DECLARE A6Z01_S_CUG07 CURSOR FOR SELECT CUG07.I_BUY_GROUP, CUG07.S_BG_MEMBER, CUG07.Q_CUST_BG_PRIORITY, BGG01.I_DIVISION FROM CUG07, BGG01 WHERE CUG07.I_CUSTOMER = :OMGPR-I-CUSTOMER AND CUG07.D_CUST_BG_PRI_EFF = :CUG07-D-CUST-BG-PRI-EFF AND CUG07.I_BUY_GROUP = BGG01.I_BUY_GROUP AND BGG01.D_BG_EFFECT <= :WS-CURRENT-DB2-DATE AND (BGG01.D_BG_EXPIRE >= :WS-CURRENT-DB2-DATE OR BGG01.D_BG_EXPIRE IS NULL) ORDER BY Q_CUST_BG_PRIORITY FOR FETCH ONLY OPTIMIZE FOR 1 ROW END-EXEC."
210,A6U01.CBL,,2173,2192,DECLARE_CURSOR,A6Z01_S_CUG11,,"CUG11, BGG01",CUG11;BGG01,CUG11.I_ACCOUNT = :OMGPR-I-ACCOUNT AND CUG11.D_ACCT_BG_PRI_EFF = :CUG11-D-ACCT-BG-PRI-EFF AND CUG11.I_BUY_GROUP = BGG01.I_BUY_GROUP AND BGG01.D_BG_EFFECT <= :WS-CURRENT-DB2-DATE AND (BGG01.D_BG_EXPIRE >= :WS-CURRENT-DB2-DATE OR BGG01.D_BG_EXPIRE IS NULL),Q_ACCT_BG_PRIORITY,,CUG11-D-ACCT-BG-PRI-EFF;OMGPR-I-ACCOUNT;WS-CURRENT-DB2-DATE,Y,Y,Y,,,0,,,,,"EXEC SQL DECLARE A6Z01_S_CUG11 CURSOR FOR SELECT CUG11.I_BUY_GROUP, CUG11.S_BG_MEMBER, CUG11.Q_ACCT_BG_PRIORITY, BGG01.I_DIVISION FROM CUG11, BGG01 WHERE CUG11.I_ACCOUNT = :OMGPR-I-ACCOUNT AND CUG11.D_ACCT_BG_PRI_EFF = :CUG11-D-ACCT-BG-PRI-EFF AND CUG11.I_BUY_GROUP = BGG01.I_BUY_GROUP AND BGG01.D_BG_EFFECT <= :WS-CURRENT-DB2-DATE AND (BGG01.D_BG_EXPIRE >= :WS-CURRENT-DB2-DATE OR BGG01.D_BG_EXPIRE IS NULL) ORDER BY Q_ACCT_BG_PRIORITY FOR FETCH ONLY OPTIMIZE FOR 1 ROW END-EXEC."
211,A6U01.CBL,,2194,2209,DECLARE_CURSOR,ACT_PRD_CAT_CSR,,CUG13,CUG13,CUG13.I_ACCOUNT = :OMGPR-I-ACCOUNT AND CUG13.I_VENDOR = :OMGPR-I-VENDOR AND CUG13.S_PROD_CATEGORY = :OMGPR-S-PROD-CATEGORY AND CUG13.D_AC_CA_BG_OVR_EFF <= :WS-CURRENT-DB2-DATE AND (CUG13.D_AC_CA_BG_OVR_EXP >= :WS-CURRENT-DB2-DATE OR CUG13.D_AC_CA_BG_OVR_EXP IS NULL),,,OMGPR-I-ACCOUNT;OMGPR-I-VENDOR;OMGPR-S-PROD-CATEGORY;WS-CURRENT-DB2-DATE,,Y,Y,,,0,,,,,"EXEC SQL DECLARE ACT_PRD_CAT_CSR CURSOR FOR SELECT CUG13.I_BUY_GROUP, CUG13.S_BG_MEMBER, CONVERT(CHAR(10),CUG13.D_AC_CA_BG_OVR_EXP,101), CUG13.C_OVERRIDE_TYPE FROM CUG13 WHERE CUG13.I_ACCOUNT = :OMGPR-I-ACCOUNT AND CUG13.I_VENDOR = :OMGPR-I-VENDOR AND CUG13.S_PROD_CATEGORY = :OMGPR-S-PROD-CATEGORY AND CUG13.D_AC_CA_BG_OVR_EFF <= :WS-CURRENT-DB2-DATE AND (CUG13.D_AC_CA_BG_OVR_EXP >= :WS-CURRENT-DB2-DATE OR CUG13.D_AC_CA_BG_OVR_EXP IS NULL) FOR FETCH ONLY END-EXEC."
212,A6U01.CBL,,2211,2225,DECLARE_CURSOR,ACT_VEN_CSR,,CUG12,CUG12,CUG12.I_ACCOUNT = :OMGPR-I-ACCOUNT AND CUG12.I_VENDOR = :OMGPR-I-VENDOR AND CUG12.D_AC_VN_BG_OVR_EFF <= :WS-CURRENT-DB2-DATE AND (CUG12.D_AC_VN_BG_OVR_EXP >= :WS-CURRENT-DB2-DATE OR CUG12.D_AC_VN_BG_OVR_EXP IS NULL),,,OMGPR-I-ACCOUNT;OMGPR-I-VENDOR;WS-CURRENT-DB2-DATE,,Y,Y,,,0,,,,,"EXEC SQL DECLARE ACT_VEN_CSR CURSOR FOR SELECT CUG12.I_BUY_GROUP, CUG12.S_BG_MEMBER, CONVERT(CHAR(10),CUG12.D_AC_VN_BG_OVR_EXP,101), CUG12.C_OVERRIDE_TYPE FROM CUG12 WHERE CUG12.I_ACCOUNT = :OMGPR-I-ACCOUNT AND CUG12.I_VENDOR = :OMGPR-I-VENDOR AND CUG12.D_AC_VN_BG_OVR_EFF <= :WS-CURRENT-DB2-DATE AND (CUG12.D_AC_VN_BG_OVR_EXP >= :WS-CURRENT-DB2-DATE OR CUG12.D_AC_VN_BG_OVR_EXP IS NULL) FOR FETCH ONLY END-EXEC."
213,A6U01.CBL,,2227,2242,DECLARE_CURSOR,CUS_PRD_CAT_CSR,,CUG09,CUG09,CUG09.I_CUSTOMER = :OMGPR-I-CUSTOMER AND CUG09.I_VENDOR = :OMGPR-I-VENDOR AND CUG09.S_PROD_CATEGORY = :OMGPR-S-PROD-CATEGORY AND CUG09.D_CU_CA_BG_OVR_EFF <= :WS-CURRENT-DB2-DATE AND (CUG09.D_CU_CA_BG_OVR_EXP >= :WS-CURRENT-DB2-DATE OR CUG09.D_CU_CA_BG_OVR_EXP IS NULL),,,OMGPR-I-CUSTOMER;OMGPR-I-VENDOR;OMGPR-S-PROD-CATEGORY;WS-CURRENT-DB2-DATE,,Y,Y,,,0,,,,,"EXEC SQL DECLARE CUS_PRD_CAT_CSR CURSOR FOR SELECT CUG09.I_BUY_GROUP, CUG09.S_BG_MEMBER, CONVERT(CHAR(10),CUG09.D_CU_CA_BG_OVR_EXP,101), CUG09.C_OVERRIDE_TYPE FROM CUG09 WHERE CUG09.I_CUSTOMER = :OMGPR-I-CUSTOMER AND CUG09.I_VENDOR = :OMGPR-I-VENDOR AND CUG09.S_PROD_CATEGORY = :OMGPR-S-PROD-CATEGORY AND CUG09.D_CU_CA_BG_OVR_EFF <= :WS-CURRENT-DB2-DATE AND (CUG09.D_CU_CA_BG_OVR_EXP >= :WS-CURRENT-DB2-DATE OR CUG09.D_CU_CA_BG_OVR_EXP IS NULL) FOR FETCH ONLY END-EXEC."
214,A6U01.CBL,,2244,2258,DECLARE_CURSOR,CUS_VEN_CSR,,CUG08,CUG08,CUG08.I_CUSTOMER = :OMGPR-I-CUSTOMER AND CUG08.I_VENDOR = :OMGPR-I-VENDOR AND CUG08.D_CU_VN_BG_OVR_EFF <= :WS-CURRENT-DB2-DATE AND (CUG08.D_CU_VN_BG_OVR_EXP >= :WS-CURRENT-DB2-DATE OR CUG08.D_CU_VN_BG_OVR_EXP IS NULL),,,OMGPR-I-CUSTOMER;OMGPR-I-VENDOR;WS-CURRENT-DB2-DATE,,Y,Y,,,0,,,,,"EXEC SQL DECLARE CUS_VEN_CSR CURSOR FOR SELECT CUG08.I_BUY_GROUP, CUG08.S_BG_MEMBER, CONVERT(CHAR(10),CUG08.D_CU_VN_BG_OVR_EXP,101), CUG08.C_OVERRIDE_TYPE FROM CUG08 WHERE CUG08.I_CUSTOMER = :OMGPR-I-CUSTOMER AND CUG08.I_VENDOR = :OMGPR-I-VENDOR AND CUG08.D_CU_VN_BG_OVR_EFF <= :WS-CURRENT-DB2-DATE AND (CUG08.D_CU_VN_BG_OVR_EXP >= :WS-CURRENT-DB2-DATE OR CUG08.D_CU_VN_BG_OVR_EXP IS NULL) FOR FETCH ONLY END-EXEC."
215,A6U01.CBL,,2260,2297,DECLARE_CURSOR,MIN_GRP,,"CCG01, CCG03, CCG05, CCG10",CCG01;CCG03;CCG05;CCG10,CCG05.I_BUY_GROUP = :CCG05-I-BUY-GROUP AND CCG01.I_CONTRACT = CCG03.I_CONTRACT AND CCG01.I_CONTRACT = CCG05.I_CONTRACT AND CCG01.I_CONTRACT = CCG10.I_CONTRACT AND CCG01.I_VENDOR = :OMGPR-I-PARENT-VENDOR AND CCG01.I_VENDOR = CCG10.I_VENDOR AND CCG03.I_VENDOR = :OMGPR-I-VENDOR AND CCG01.C_CNT_TYPE = :WS-WS-CNT-TYPE AND CCG01.F_BYPASS = :WS-WS-NOT-BYPASSED AND CCG03.I_VND_PRODUCT = :OMGPR-I-VND-PRODUCT AND CCG01.D_CNT_START <= :WS-CURRENT-DB2-DATE AND CCG01.D_CNT_PROT_END >= :WS-CURRENT-DB2-DATE AND CCG03.D_CNT_LINE_START <= :WS-CURRENT-DB2-DATE AND (CCG03.D_CNT_LINE_EXPIRE >= :WS-CURRENT-DB2-DATE OR CCG03.D_CNT_LINE_EXPIRE IS NULL) AND CCG05.D_GRP_FLG_EFF <= :WS-CURRENT-DB2-DATE AND (CCG05.D_GRP_FLG_EXP >= :WS-CURRENT-DB2-DATE OR CCG05.D_GRP_FLG_EXP IS NULL) AND CCG10.D_GRP_VND_CNT_EFF <= :WS-CURRENT-DB2-DATE AND (CCG10.D_GRP_VND_CNT_EXP >= :WS-CURRENT-DB2-DATE OR CCG10.D_GRP_VND_CNT_EXP IS NULL),,,CCG05-I-BUY-GROUP;OMGPR-I-PARENT-VENDOR;OMGPR-I-VENDOR;OMGPR-I-VND-PRODUCT;WS-CURRENT-DB2-DATE;WS-WS-CNT-TYPE;WS-WS-NOT-BYPASSED,Y,Y,Y,,,0,,,,,"EXEC SQL DECLARE MIN_GRP CURSOR FOR SELECT CCG01.I_CONTRACT, CCG03.C_CNT_LN_UM, CCG03.A_CNT_LN_UNIT_COST, CCG05.F_GRP_CNT_ELIG_LIS, CCG05.F_CNT_PRIORITY FROM CCG01, CCG03, CCG05, CCG10 WHERE CCG05.I_BUY_GROUP = :CCG05-I-BUY-GROUP AND CCG01.I_CONTRACT = CCG03.I_CONTRACT AND CCG01.I_CONTRACT = CCG05.I_CONTRACT AND CCG01.I_CONTRACT = CCG10.I_CONTRACT AND CCG01.I_VENDOR = :OMGPR-I-PARENT-VENDOR AND CCG01.I_VENDOR = CCG10.I_VENDOR AND CCG03.I_VENDOR = :OMGPR-I-VENDOR AND CCG01.C_CNT_TYPE = :WS-WS-CNT-TYPE AND CCG01.F_BYPASS = :WS-WS-NOT-BYPASSED AND CCG03.I_VND_PRODUCT = :OMGPR-I-VND-PRODUCT AND CCG01.D_CNT_START <= :WS-CURRENT-DB2-DATE AND CCG01.D_CNT_PROT_END >= :WS-CURRENT-DB2-DATE AND CCG03.D_CNT_LINE_START <= :WS-CURRENT-DB2-DATE AND (CCG03.D_CNT_LINE_EXPIRE >= :WS-CURRENT-DB2-DATE OR CCG03.D_CNT_LINE_EXPIRE IS NULL) AND CCG05.D_GRP_FLG_EFF <= :WS-CURRENT-DB2-DATE AND (CCG05.D_GRP_FLG_EXP >= :WS-CURRENT-DB2-DATE OR CCG05.D_GRP_FLG_EXP IS NULL) AND CCG10.D_GRP_VND_CNT_EFF <= :WS-CURRENT-DB2-DATE AND (CCG10.D_GRP_VND_CNT_EXP >= :WS-CURRENT-DB2-DATE OR CCG10.D_GRP_VND_CNT_EXP IS NULL) FOR FETCH ONLY OPTIMIZE FOR 1 ROW END-EXEC."
216,A6U01.CBL,,2299,2339,DECLARE_CURSOR,MIN_GRP_CONT,,"CCG01, CCG03, CCG05",CCG01;CCG03;CCG05,CCG05.I_BUY_GROUP = :CCG05-I-BUY-GROUP AND CCG01.I_CONTRACT = CCG03.I_CONTRACT AND CCG01.I_CONTRACT = CCG05.I_CONTRACT AND CCG03.I_VENDOR = :OMGPR-I-VENDOR AND CCG01.I_VENDOR = :OMGPR-I-PARENT-VENDOR AND CCG01.C_CNT_TYPE = :WS-WS-CNT-TYPE AND CCG01.F_BYPASS = :WS-WS-NOT-BYPASSED AND CCG03.I_VND_PRODUCT = :OMGPR-I-VND-PRODUCT AND CCG01.D_CNT_START <= :WS-CURRENT-DB2-DATE AND CCG01.D_CNT_PROT_END >= :WS-CURRENT-DB2-DATE AND CCG03.D_CNT_LINE_START <= :WS-CURRENT-DB2-DATE AND (CCG03.D_CNT_LINE_EXPIRE >= :WS-CURRENT-DB2-DATE OR CCG03.D_CNT_LINE_EXPIRE IS NULL) AND CCG05.D_GRP_FLG_EFF <= :WS-CURRENT-DB2-DATE AND (CCG05.D_GRP_FLG_EXP >= :WS-CURRENT-DB2-DATE OR CCG05.D_GRP_FLG_EXP IS NULL) AND EXISTS (SELECT CCG10.I_CONTRACT FROM CCG10 WHERE CCG01.I_CONTRACT = CCG10.I_CONTRACT AND CCG01.I_VENDOR = CCG10.I_VENDOR AND CCG10.D_GRP_VND_CNT_EFF <= :WS-CURRENT-DB2-DATE AND (CCG10.D_GRP_VND_CNT_EXP >= :WS-CURRENT-DB2-DATE OR CCG10.D_GRP_VND_CNT_EXP IS NULL)),,,CCG05-I-BUY-GROUP;OMGPR-I-PARENT-VENDOR;OMGPR-I-VENDOR;OMGPR-I-VND-PRODUCT;WS-CURRENT-DB2-DATE;WS-WS-CNT-TYPE;WS-WS-NOT-BYPASSED,Y,Y,Y,Y,,0,,,,,"EXEC SQL DECLARE MIN_GRP_CONT CURSOR FOR SELECT CCG01.I_CONTRACT, CCG03.C_CNT_LN_UM, CCG03.A_CNT_LN_UNIT_COST, CCG05.F_GRP_CNT_ELIG_LIS, CCG05.F_CNT_PRIORITY FROM CCG01, CCG03, CCG05 WHERE CCG05.I_BUY_GROUP = :CCG05-I-BUY-GROUP AND CCG01.I_CONTRACT = CCG03.I_CONTRACT AND CCG01.I_CONTRACT = CCG05.I_CONTRACT AND CCG03.I_VENDOR = :OMGPR-I-VENDOR AND CCG01.I_VENDOR = :OMGPR-I-PARENT-VENDOR AND CCG01.C_CNT_TYPE = :WS-WS-CNT-TYPE AND CCG01.F_BYPASS = :WS-WS-NOT-BYPASSED AND CCG03.I_VND_PRODUCT = :OMGPR-I-VND-PRODUCT AND CCG01.D_CNT_START <= :WS-CURRENT-DB2-DATE AND CCG01.D_CNT_PROT_END >= :WS-CURRENT-DB2-DATE AND CCG03.D_CNT_LINE_START <= :WS-CURRENT-DB2-DATE AND (CCG03.D_CNT_LINE_EXPIRE >= :WS-CURRENT-DB2-DATE OR CCG03.D_CNT_LINE_EXPIRE IS NULL) AND CCG05.D_GRP_FLG_EFF <= :WS-CURRENT-DB2-DATE AND (CCG05.D_GRP_FLG_EXP >= :WS-CURRENT-DB2-DATE OR CCG05.D_GRP_FLG_EXP IS NULL) AND EXISTS (SELECT CCG10.I_CONTRACT FROM CCG10 WHERE CCG01.I_CONTRACT = CCG10.I_CONTRACT AND CCG01.I_VENDOR = CCG10.I_VENDOR AND CCG10.D_GRP_VND_CNT_EFF <= :WS-CURRENT-DB2-DATE AND (CCG10.D_GRP_VND_CNT_EXP >= :WS-CURRENT-DB2-DATE OR CCG10.D_GRP_VND_CNT_EXP IS NULL)) FOR FETCH ONLY OPTIMIZE FOR 1 ROW END-EXEC."
217,A6U01.CBL,,2341,2385,DECLARE_CURSOR,MIN_INDV,,"CCG01, CCG03, CCG04, CCG06, CCG09, CC_CNT_PRT_FLG CCG27",CCG01;CCG03;CCG04;CCG06;CCG09;CC_CNT_PRT_FLG,CCG06.I_CUSTOMER = :OMGPR-I-CUSTOMER AND CCG01.I_VENDOR = :OMGPR-I-PARENT-VENDOR AND CCG01.D_CNT_START <= :WS-CURRENT-DB2-DATE AND CCG01.D_CNT_PROT_END >= :WS-CURRENT-DB2-DATE AND CCG01.F_BYPASS = :WS-WS-NOT-BYPASSED AND CCG03.D_CNT_LINE_START <= :WS-CURRENT-DB2-DATE AND (CCG03.D_CNT_LINE_EXPIRE >= :WS-CURRENT-DB2-DATE OR CCG03.D_CNT_LINE_EXPIRE IS NULL) AND CCG06.D_ASGN_EFFECT <= :WS-CURRENT-DB2-DATE AND (CCG06.D_ASGN_EXPIRE >= :WS-CURRENT-DB2-DATE OR CCG06.D_ASGN_EXPIRE IS NULL) AND CCG09.D_IND_VND_CNT_EFF <= :WS-CURRENT-DB2-DATE AND (CCG09.D_IND_VND_CNT_EXP >= :WS-CURRENT-DB2-DATE OR CCG09.D_IND_VND_CNT_EXP IS NULL) AND CCG27.D_CNT_PRT_EFF <= :WS-CURRENT-DB2-DATE AND (CCG27.D_CNT_PRT_EXP >= :WS-CURRENT-DB2-DATE OR CCG27.D_CNT_PRT_EXP IS NULL) AND CCG03.I_VENDOR = :OMGPR-I-VENDOR AND CCG03.I_VND_PRODUCT = :OMGPR-I-VND-PRODUCT AND CCG01.I_CONTRACT = CCG03.I_CONTRACT AND CCG01.I_CONTRACT = CCG04.I_CONTRACT AND CCG01.I_CONTRACT = CCG06.I_CONTRACT AND CCG01.I_CONTRACT = CCG09.I_CONTRACT AND CCG01.I_CONTRACT = CCG27.I_CONTRACT AND CCG04.I_DIVISION = CCG09.I_DIVISION,,,OMGPR-I-CUSTOMER;OMGPR-I-PARENT-VENDOR;OMGPR-I-VENDOR;OMGPR-I-VND-PRODUCT;WS-CURRENT-DB2-DATE;WS-WS-NOT-BYPASSED,Y,Y,Y,,,0,,,,,"EXEC SQL DECLARE MIN_INDV CURSOR FOR SELECT CCG01.I_CONTRACT, CCG03.C_CNT_LN_UM, CCG03.A_CNT_LN_UNIT_COST, CCG03.F_JIT_EXEMPT, CCG03.F_FRT_EXEMPT, CCG27.F_CNT_PRIORITY FROM CCG01, CCG03, CCG04, CCG06, CCG09, CC_CNT_PRT_FLG CCG27 WHERE CCG06.I_CUSTOMER = :OMGPR-I-CUSTOMER AND CCG01.I_VENDOR = :OMGPR-I-PARENT-VENDOR AND CCG01.D_CNT_START <= :WS-CURRENT-DB2-DATE AND CCG01.D_CNT_PROT_END >= :WS-CURRENT-DB2-DATE AND CCG01.F_BYPASS = :WS-WS-NOT-BYPASSED AND CCG03.D_CNT_LINE_START <= :WS-CURRENT-DB2-DATE AND (CCG03.D_CNT_LINE_EXPIRE >= :WS-CURRENT-DB2-DATE OR CCG03.D_CNT_LINE_EXPIRE IS NULL) AND CCG06.D_ASGN_EFFECT <= :WS-CURRENT-DB2-DATE AND (CCG06.D_ASGN_EXPIRE >= :WS-CURRENT-DB2-DATE OR CCG06.D_ASGN_EXPIRE IS NULL) AND CCG09.D_IND_VND_CNT_EFF <= :WS-CURRENT-DB2-DATE AND (CCG09.D_IND_VND_CNT_EXP >= :WS-CURRENT-DB2-DATE OR CCG09.D_IND_VND_CNT_EXP IS NULL) AND CCG27.D_CNT_PRT_EFF <= :WS-CURRENT-DB2-DATE AND (CCG27.D_CNT_PRT_EXP >= :WS-CURRENT-DB2-DATE OR CCG27.D_CNT_PRT_EXP IS NULL) AND CCG03.I_VENDOR = :OMGPR-I-VENDOR AND CCG03.I_VND_PRODUCT = :OMGPR-I-VND-PRODUCT AND CCG01.I_CONTRACT = CCG03.I_CONTRACT AND CCG01.I_CONTRACT = CCG04.I_CONTRACT AND CCG01.I_CONTRACT = CCG06.I_CONTRACT AND CCG01.I_CONTRACT = CCG09.I_CONTRACT AND CCG01.I_CONTRACT = CCG27.I_CONTRACT AND CCG04.I_DIVISION = CCG09.I_DIVISION FOR FETCH ONLY OPTIMIZE FOR 1 ROW END-EXEC."
218,A6U01.CBL,,2387,2397,DECLARE_CURSOR,VNG05_CUR,,VNG05,VNG05,VNG05.I_VENDOR = :VNG05-I-VENDOR AND VNG05.I_VND_PRODUCT = :VNG05-I-VND-PRODUCT,A_VD_PRD_ALT_UMF DESC,,VNG05-I-VENDOR;VNG05-I-VND-PRODUCT,,,,,,0,,,,,"EXEC SQL DECLARE VNG05_CUR CURSOR FOR SELECT VNG05.C_VD_PRD_ALT_UM, VNG05.A_VD_PRD_ALT_UMF, VNG05.F_ALT_UOM_DESIGNATOR FROM VNG05 WHERE VNG05.I_VENDOR = :VNG05-I-VENDOR AND VNG05.I_VND_PRODUCT = :VNG05-I-VND-PRODUCT ORDER BY A_VD_PRD_ALT_UMF DESC END-EXEC."
219,A6U01.CBL,,2399,2401,INCLUDE,,SQLCA,,,,,,,,,,,,0,,,, LINKAGE SECTION. 01 DFHCOMMAREA. 05 COMMAREA PIC X(1789). PROCEDURE DIVISION.,EXEC SQL INCLUDE SQLCA END-EXEC.
220,A6U01.CBL,0217-CHK-PROD-CATE-DEFLT-VEND,5251,5263,SELECT,,,VNG04,VNG04,VNG04.I_VENDOR = :OMGPR-I-VENDOR AND VNG04.S_PROD_CATEGORY = :OMGPR-S-PROD-CATEGORY AND VNG04.D_PROD_CAT_START <= :WS-CURRENT-DB2-DATE AND (VNG04.D_PROD_CAT_EXPIRE >= :WS-CURRENT-DB2-DATE OR VNG04.D_PROD_CAT_EXPIRE IS NULL),,VNG04-N-PROD-CATEGORY,OMGPR-I-VENDOR;OMGPR-S-PROD-CATEGORY;VNG04-N-PROD-CATEGORY;WS-CURRENT-DB2-DATE,,,Y,,Y,1,+00;+100;OTHER,,Y, EVALUATE SQLCODE WHEN +00 MOVE VNG04-N-PROD-CATEGORY TO A9G36-N-PROD-CATEGORY WHEN +100 MOVE 'N' TO WS-PROD-CATE-FOUND GO TO 0217-EXIT WHEN OTHER MOVE 'SELECT' TO WS-DB-OPERATION MOVE 'VNG04 S-PROD' TO WS-DB-NAME MOVE SQLCODE TO WS-DB-RETURN-CODE MOVE 'DB ERROR' TO WS-DB-STATUS-MSG MOVE 903 TO WS-DB-ERROR-NBR OMGPR-Q-ERROR-NBR MOVE WS-DB2-FATAL-ERROR-IND TO OMGPR-Q-ERROR-CODE MOVE WS-DB-OPERATION-MSG TO OMGPR-ERROR-MESSAGE MOVE WS-YES-IND TO OMGPR-F-PRICER-ERROR GO TO 0020-EXIT-PRICER END-EVALU,EXEC SQL SELECT VNG04.N_PROD_CATEGORY INTO :VNG04-N-PROD-CATEGORY FROM VNG04 WHERE VNG04.I_VENDOR = :OMGPR-I-VENDOR AND VNG04.S_PROD_CATEGORY = :OMGPR-S-PROD-CATEGORY AND VNG04.D_PROD_CAT_START <= :WS-CURRENT-DB2-DATE AND (VNG04.D_PROD_CAT_EXPIRE >= :WS-CURRENT-DB2-DATE OR VNG04.D_PROD_CAT_EXPIRE IS NULL) END-EXEC.
221,A6U01.CBL,0217-CHK-PROD-CATE-DEFLT-VEND,5289,5301,SELECT,,,VNG04,VNG04,VNG04.I_VENDOR = :WS-WS-DEFAULT-I-VENDOR AND VNG04.N_PROD_CATEGORY = :A9G36-N-PROD-CATEGORY AND VNG04.D_PROD_CAT_START <= :WS-CURRENT-DB2-DATE AND (VNG04.D_PROD_CAT_EXPIRE >= :WS-CURRENT-DB2-DATE OR VNG04.D_PROD_CAT_EXPIRE IS NULL),,VNG04-S-PROD-CATEGORY,A9G36-N-PROD-CATEGORY;VNG04-S-PROD-CATEGORY;WS-CURRENT-DB2-DATE;WS-WS-DEFAULT-I-VENDOR,,,Y,,Y,1,+00;+100;OTHER,,Y, EVALUATE SQLCODE WHEN +00 MOVE 'Y' TO WS-PROD-CATE-FOUND MOVE VNG04-S-PROD-CATEGORY TO WS-DEF-S-PROD-CATEGORY WHEN +100 MOVE 'N' TO WS-PROD-CATE-FOUND WHEN OTHER MOVE 'SELECT' TO WS-DB-OPERATION MOVE 'VNG04 S-PROD' TO WS-DB-NAME MOVE SQLCODE TO WS-DB-RETURN-CODE MOVE 'DB ERROR' TO WS-DB-STATUS-MSG MOVE 903 TO WS-DB-ERROR-NBR OMGPR-Q-ERROR-NBR MOVE WS-DB2-FATAL-ERROR-IND TO OMGPR-Q-ERROR-CODE MOVE WS-DB-OPERATION-MSG TO OMGPR-ERROR-MESSAGE MOVE WS-YES-IND TO OMGPR-F-PRICER-ERROR GO TO 0020-EXIT-,EXEC SQL SELECT VNG04.S_PROD_CATEGORY INTO :VNG04-S-PROD-CATEGORY FROM VNG04 WHERE VNG04.I_VENDOR = :WS-WS-DEFAULT-I-VENDOR AND VNG04.N_PROD_CATEGORY = :A9G36-N-PROD-CATEGORY AND VNG04.D_PROD_CAT_START <= :WS-CURRENT-DB2-DATE AND (VNG04.D_PROD_CAT_EXPIRE >= :WS-CURRENT-DB2-DATE OR VNG04.D_PROD_CAT_EXPIRE IS NULL) END-EXEC.
222,A6U01.CBL,7707-CHECK-PANDAC-ACCT-FLAG,17328,17339,SELECT,,,CUTADR,CUTADR,COMPANY_ID = 'OM' AND CUST_ID = :WS-CUST-ID AND ADDR_SUF = :WS-C-SHIP-TO-SUFFIX AND (PANDAC_START_DATE <= :WS-CURRENT-DB2-DATE OR PANDAC_START_DATE IS NULL) AND (PANDAC_END_DATE >= :WS-CURRENT-DB2-DATE OR PANDAC_END_DATE IS NULL),,WS-PANDAC-CUST-SW,WS-C-SHIP-TO-SUFFIX;WS-CURRENT-DB2-DATE;WS-CUST-ID;WS-PANDAC-CUST-SW,,,Y,,Y,1,0;100;OTHER,,Y, EVALUATE SQLCODE WHEN 0 CONTINUE WHEN 100 MOVE SPACES TO WS-PANDAC-CUST-SW WHEN OTHER MOVE 'SELECT' TO WS-DB-OPERATION MOVE 'CUTADR' TO WS-DB-NAME MOVE SQLCODE TO WS-DB-RETURN-CODE MOVE 'DB ERROR' TO WS-DB-STATUS-MSG MOVE 707 TO WS-DB-ERROR-NBR OMGPR-Q-ERROR-NBR MOVE WS-DB2-FATAL-ERROR-IND TO OMGPR-Q-ERROR-CODE MOVE WS-DB-OPERATION-MSG TO OMGPR-ERROR-MESSAGE MOVE WS-YES-IND TO OMGPR-F-PRICER-ERROR GO TO 0020-EXIT-PRICER END-EVALUATE.,EXEC SQL SELECT PANDAC_CUST_SW INTO :WS-PANDAC-CUST-SW FROM CUTADR WHERE COMPANY_ID = 'OM' AND CUST_ID = :WS-CUST-ID AND ADDR_SUF = :WS-C-SHIP-TO-SUFFIX AND (PANDAC_START_DATE <= :WS-CURRENT-DB2-DATE OR PANDAC_START_DATE IS NULL) AND (PANDAC_END_DATE >= :WS-CURRENT-DB2-DATE OR PANDAC_END_DATE IS NULL) END-EXEC.
223,A6U01.CBL,7733-FND-CUST-BASE-SELL-ARR,17522,17551,SELECT,,,"SAG01, SAG05, SA_CID_SELL_ASSN ASSN",SAG01;SAG05;SA_CID_SELL_ASSN,ASSN.CUSTOMER_NBR = :OMGPR-CUSTOMER-NBR AND SAG01.I_BAS_SELL = SAG05.I_BAS_SELL AND SAG01.I_BAS_SELL = ASSN.I_BAS_SELL AND SAG05.D_SELL_ARR_START <= :WS-CURRENT-DB2-DATE AND (SAG05.D_SELL_ARR_EXP >= :WS-CURRENT-DB2-DATE OR SAG05.D_SELL_ARR_EXP IS NULL) AND ASSN.D_SELL_ASGN_EFFECT <= :WS-CURRENT-DB2-DATE AND (ASSN.D_SELL_ASGN_EXPIRE >= :WS-CURRENT-DB2-DATE OR ASSN.D_SELL_ASGN_EXPIRE IS NULL),,SACIDASN-D-SELL-ASGN-EXP;SACIDASN-D-SELL-ASGN-EXP-NI;SAG01-I-BAS-SELL;SAG05-D-SELL-ARR-EFF;SAG05-D-SELL-ARR-EXP;SAG05-D-SELL-ARR-EXP-NI;SAG05-T-SELL-COMMENT,OMGPR-CUSTOMER-NBR;SACIDASN-D-SELL-ASGN-EXP;SACIDASN-D-SELL-ASGN-EXP-NI;SAG01-I-BAS-SELL;SAG05-D-SELL-ARR-EFF;SAG05-D-SELL-ARR-EXP;SAG05-D-SELL-ARR-EXP-NI;SAG05-T-SELL-COMMENT;WS-CURRENT-DB2-DATE,,,Y,,Y,1,+0;+100;OTHER,,Y, EVALUATE SQLCODE WHEN +0 MOVE SAG01-I-BAS-SELL TO WS-CUST-NBR-BAS-SELL MOVE SAG05-T-SELL-COMMENT TO WS-HOLD-CUST-NBR-SELL-COMT WHEN +100 MOVE ZEROS TO WS-CUST-NBR-BAS-SELL WHEN OTHER MOVE 'SELECT' TO WS-DB-OPERATION MOVE 'CUST NBR SELL ARR' TO WS-DB-NAME MOVE SQLCODE TO WS-DB-RETURN-CODE MOVE 'DB ERROR' TO WS-DB-STATUS-MSG MOVE 33 TO WS-DB-ERROR-NBR OMGPR-Q-ERROR-NBR MOVE WS-DB2-FATAL-ERROR-IND TO OMGPR-Q-ERROR-CODE MOVE WS-DB-OPERATION-MSG TO OMGPR-ERROR-MESSAGE MOVE WS-YES-IND TO OMGPR-F-PRIC,"EXEC SQL SELECT SAG01.I_BAS_SELL, CONVERT(CHAR(10),SAG05.D_SELL_ARR_EFF,101), SAG05.T_SELL_COMMENT, CONVERT(CHAR(10),SAG05.D_SELL_ARR_EXP,101), CONVERT(CHAR(10),ASSN.D_SELL_ASGN_EXPIRE,101) INTO :SAG01-I-BAS-SELL, :SAG05-D-SELL-ARR-EFF, :SAG05-T-SELL-COMMENT, :SAG05-D-SELL-ARR-EXP :SAG05-D-SELL-ARR-EXP-NI, :SACIDASN-D-SELL-ASGN-EXP :SACIDASN-D-SELL-ASGN-EXP-NI FROM SAG01, SAG05, SA_CID_SELL_ASSN ASSN WHERE ASSN.CUSTOMER_NBR = :OMGPR-CUSTOMER-NBR AND SAG01.I_BAS_SELL = SAG05.I_BAS_SELL AND SAG01.I_BAS_SELL = ASSN.I_BAS_SELL AND SAG05.D_SELL_ARR_START <= :WS-CURRENT-DB2-DATE AND (SAG05.D_SELL_ARR_EXP >= :WS-CURRENT-DB2-DATE OR SAG05.D_SELL_ARR_EXP IS NULL) AND ASSN.D_SELL_ASGN_EFFECT <= :WS-CURRENT-DB2-DATE AND (ASSN.D_SELL_ASGN_EXPIRE >= :WS-CURRENT-DB2-DATE OR ASSN.D_SELL_ASGN_EXPIRE IS NULL) END-EXEC."
224,A6U01.CBL,9005-SQL-SELECT-010,20243,20253,SELECT,,,CCG13,CCG13,CCG13.I_CONTRACT = :OMGPR-I-CONTRACT AND CCG13.L_CNT_LINE = :OMGPR-L-CNT-LINE,,CCG13-A-CNT-LN-SUGG-SELL;CCG13-P-CNT-LN-BROKER,CCG13-A-CNT-LN-SUGG-SELL;CCG13-P-CNT-LN-BROKER;OMGPR-I-CONTRACT;OMGPR-L-CNT-LINE,,,,,Y,2,+0;OTHER,,Y, EVALUATE SQLCODE WHEN +0 PERFORM 7175-CVT-SUGG-010 THRU 7175-EXIT COMPUTE OMGPR-A-CNT-LN-SUGG-SELL ROUNDED = ((CCG13-A-CNT-LN-SUGG-SELL * WS-CA-CONVERT-UP-UMF) / WS-CA-CONVERT-DOWN-UMF) MOVE CCG13-P-CNT-LN-BROKER TO OMGPR-P-CNT-LN-BROKER WHEN OTHER MOVE 'SELECT' TO WS-DB-OPERATION MOVE 'CCG13' TO WS-DB-NAME MOVE SQLCODE TO WS-DB-RETURN-CODE MOVE 'DB ERROR' TO WS-DB-STATUS-MSG MOVE 63 TO WS-DB-ERROR-NBR OMGPR-Q-ERROR-NBR MOVE WS-DB2-FATAL-ERROR-IND TO OMGPR-Q-ERROR-CODE MOVE WS-DB-OPERATION-MSG ,"EXEC SQL SELECT CCG13.A_CNT_LN_SUGG_SELL, CCG13.P_CNT_LN_BROKER INTO :CCG13-A-CNT-LN-SUGG-SELL, :CCG13-P-CNT-LN-BROKER FROM CCG13 WHERE CCG13.I_CONTRACT = :OMGPR-I-CONTRACT AND CCG13.L_CNT_LINE = :OMGPR-L-CNT-LINE END-EXEC."
225,A6U01.CBL,9010-SQL-SELECT-010,20260,20270,SELECT,,,CCG14,CCG14,CCG14.I_CONTRACT = :OMGPR-I-CONTRACT AND CCG14.L_CNT_LINE = :OMGPR-L-CNT-LINE,,CCG14-A-CNT-LN-SUGG-SELL;CCG14-P-CNT-LN-COST-PLUS,CCG14-A-CNT-LN-SUGG-SELL;CCG14-P-CNT-LN-COST-PLUS;OMGPR-I-CONTRACT;OMGPR-L-CNT-LINE,,,,,Y,2,+0;OTHER,,Y, EVALUATE SQLCODE WHEN +0 PERFORM 7175-CVT-SUGG-010 THRU 7175-EXIT COMPUTE OMGPR-A-CNT-LN-SUGG-SELL ROUNDED = ((CCG14-A-CNT-LN-SUGG-SELL * WS-CA-CONVERT-UP-UMF) / WS-CA-CONVERT-DOWN-UMF) MOVE CCG14-P-CNT-LN-COST-PLUS TO OMGPR-P-CNT-LN-COST-PLUS WHEN OTHER MOVE 'SELECT' TO WS-DB-OPERATION MOVE 'CCG14' TO WS-DB-NAME MOVE SQLCODE TO WS-DB-RETURN-CODE MOVE 'DB ERROR' TO WS-DB-STATUS-MSG MOVE 64 TO WS-DB-ERROR-NBR OMGPR-Q-ERROR-NBR MOVE WS-DB2-FATAL-ERROR-IND TO OMGPR-Q-ERROR-CODE MOVE WS-DB-OPERATIO,"EXEC SQL SELECT CCG14.A_CNT_LN_SUGG_SELL, CCG14.P_CNT_LN_COST_PLUS INTO :CCG14-A-CNT-LN-SUGG-SELL, :CCG14-P-CNT-LN-COST-PLUS FROM CCG14 WHERE CCG14.I_CONTRACT = :OMGPR-I-CONTRACT AND CCG14.L_CNT_LINE = :OMGPR-L-CNT-LINE END-EXEC."
226,A6U01.CBL,9015-SQL-SELECT-010,20277,20284,SELECT,,,CCG15,CCG15,CCG15.I_CONTRACT = :OMGPR-I-CONTRACT AND CCG15.L_CNT_LINE = :OMGPR-L-CNT-LINE,,CCG15-A-CNT-LN-SUGG-SELL,CCG15-A-CNT-LN-SUGG-SELL;OMGPR-I-CONTRACT;OMGPR-L-CNT-LINE,,,,,Y,2,+0;OTHER,,Y, EVALUATE SQLCODE WHEN +0 PERFORM 7175-CVT-SUGG-010 THRU 7175-EXIT COMPUTE OMGPR-A-CNT-LN-SUGG-SELL ROUNDED = ((CCG15-A-CNT-LN-SUGG-SELL * WS-CA-CONVERT-UP-UMF) / WS-CA-CONVERT-DOWN-UMF) MOVE ZEROES TO OMGPR-P-CNT-LN-BROKER WHEN OTHER MOVE 'SELECT' TO WS-DB-OPERATION MOVE 'CCG15' TO WS-DB-NAME MOVE SQLCODE TO WS-DB-RETURN-CODE MOVE 'DB ERROR' TO WS-DB-STATUS-MSG MOVE 65 TO WS-DB-ERROR-NBR OMGPR-Q-ERROR-NBR MOVE WS-DB2-FATAL-ERROR-IND TO OMGPR-Q-ERROR-CODE MOVE WS-DB-OPERATION-MSG TO OMGPR-ERROR-,EXEC SQL SELECT CCG15.A_CNT_LN_SUGG_SELL INTO :CCG15-A-CNT-LN-SUGG-SELL FROM CCG15 WHERE CCG15.I_CONTRACT = :OMGPR-I-CONTRACT AND CCG15.L_CNT_LINE = :OMGPR-L-CNT-LINE END-EXEC.
227,A6U01.CBL,9020-SQL-SELECT-010,20291,20301,SELECT,,,CCG16,CCG16,CCG16.I_CONTRACT = :OMGPR-I-CONTRACT AND CCG16.L_CNT_LINE = :OMGPR-L-CNT-LINE,,CCG16-A-CNT-LN-SUGG-SELL;CCG16-P-CNT-LN-COST-DISC,CCG16-A-CNT-LN-SUGG-SELL;CCG16-P-CNT-LN-COST-DISC;OMGPR-I-CONTRACT;OMGPR-L-CNT-LINE,,,,,Y,2,+0;OTHER,,Y, EVALUATE SQLCODE WHEN +0 PERFORM 7175-CVT-SUGG-010 THRU 7175-EXIT COMPUTE OMGPR-A-CNT-LN-SUGG-SELL ROUNDED = ((CCG16-A-CNT-LN-SUGG-SELL * WS-CA-CONVERT-UP-UMF) / WS-CA-CONVERT-DOWN-UMF) MOVE CCG16-P-CNT-LN-COST-DISC TO OMGPR-P-CNT-LN-COST-DISC WHEN OTHER MOVE 'SELECT' TO WS-DB-OPERATION MOVE 'CCG16' TO WS-DB-NAME MOVE SQLCODE TO WS-DB-RETURN-CODE MOVE 'DB ERROR' TO WS-DB-STATUS-MSG MOVE 66 TO WS-DB-ERROR-NBR OMGPR-Q-ERROR-NBR MOVE WS-DB2-FATAL-ERROR-IND TO OMGPR-Q-ERROR-CODE MOVE WS-DB-OPERATIO,"EXEC SQL SELECT CCG16.A_CNT_LN_SUGG_SELL, CCG16.P_CNT_LN_COST_DISC INTO :CCG16-A-CNT-LN-SUGG-SELL, :CCG16-P-CNT-LN-COST-DISC FROM CCG16 WHERE CCG16.I_CONTRACT = :OMGPR-I-CONTRACT AND CCG16.L_CNT_LINE = :OMGPR-L-CNT-LINE END-EXEC."
228,A6U01.CBL,9025-SQL-SELECT-010,20308,20318,SELECT,,,CCG21,CCG21,CCG21.I_CONTRACT = :OMGPR-I-CONTRACT AND CCG21.L_CNT_LINE = :OMGPR-L-CNT-LINE,,CCG21-A-CNT-LN-FIX-REBT;CCG21-A-CNT-LN-SUGG-SELL,CCG21-A-CNT-LN-FIX-REBT;CCG21-A-CNT-LN-SUGG-SELL;OMGPR-I-CONTRACT;OMGPR-L-CNT-LINE,,,,,Y,2,+0;OTHER,,Y, EVALUATE SQLCODE WHEN +0 PERFORM 7175-CVT-SUGG-010 THRU 7175-EXIT COMPUTE OMGPR-A-CNT-LN-SUGG-SELL ROUNDED = ((CCG21-A-CNT-LN-SUGG-SELL * WS-CA-CONVERT-UP-UMF) / WS-CA-CONVERT-DOWN-UMF) WHEN OTHER MOVE 'SELECT' TO WS-DB-OPERATION MOVE 'CCG21' TO WS-DB-NAME MOVE SQLCODE TO WS-DB-RETURN-CODE MOVE 'DB ERROR' TO WS-DB-STATUS-MSG MOVE 94 TO WS-DB-ERROR-NBR OMGPR-Q-ERROR-NBR MOVE WS-DB2-FATAL-ERROR-IND TO OMGPR-Q-ERROR-CODE MOVE WS-DB-OPERATION-MSG TO OMGPR-ERROR-MESSAGE MOVE WS-YES-IND TO OMGPR-F-PR,"EXEC SQL SELECT CCG21.A_CNT_LN_SUGG_SELL, CCG21.A_CNT_LN_FIX_REBT INTO :CCG21-A-CNT-LN-SUGG-SELL, :CCG21-A-CNT-LN-FIX-REBT FROM CCG21 WHERE CCG21.I_CONTRACT = :OMGPR-I-CONTRACT AND CCG21.L_CNT_LINE = :OMGPR-L-CNT-LINE END-EXEC."
229,A6U01.CBL,9030-SQL-SELECT-010,20325,20339,SELECT,,,CUG29,CUG29,I_ACCOUNT = :OMGPR-I-ACCOUNT AND C_SHIP_TO_SUFFIX = :WS-C-SHIP-TO-DEF-ADJ AND D_PANDAC_ADJ_EFF <= :WS-CURRENT-DB2-DATE AND (D_PANDAC_ADJ_EXP >= :WS-CURRENT-DB2-DATE OR D_PANDAC_ADJ_EXP IS NULL),,CUG29-D-PANDAC-ADJ-EXP;CUG29-D-PANDAC-ADJ-EXP-NI;CUG29-P-PANDAC-ADJ,CUG29-D-PANDAC-ADJ-EXP;CUG29-D-PANDAC-ADJ-EXP-NI;CUG29-P-PANDAC-ADJ;OMGPR-I-ACCOUNT;WS-C-SHIP-TO-DEF-ADJ;WS-CURRENT-DB2-DATE,,,Y,,Y,2,+0;+100;OTHER,,Y, EVALUATE SQLCODE WHEN +0 COMPUTE OMGPR-A-PANDAC ROUNDED = OMGPR-A-TOTAL-COST * CUG29-P-PANDAC-ADJ MOVE CUG29-P-PANDAC-ADJ TO OMGPR-P-PANDAC-ADJ IF CUG29-D-PANDAC-ADJ-EXP-NI NOT = -1 MOVE CUG29-D-PANDAC-ADJ-EXP TO WS-PRICE-EXP-DATE PERFORM 7695-ADD-EXP-DATE-ARRA-010 THRU 7695-EXIT END-IF WHEN +100 CONTINUE WHEN OTHER MOVE 'SELECT' TO WS-DB-OPERATION MOVE 'CUG29' TO WS-DB-NAME MOVE SQLCODE TO WS-DB-RETURN-CODE MOVE 'DB ERROR' TO WS-DB-STATUS-MSG MOVE 93 TO WS-DB-ERROR-NBR OMGPR-Q-ERROR-NBR MOVE W,"EXEC SQL SELECT CUG29.P_PANDAC_ADJ, CONVERT(CHAR(10),CUG29.D_PANDAC_ADJ_EXP,101) INTO :CUG29-P-PANDAC-ADJ, :CUG29-D-PANDAC-ADJ-EXP :CUG29-D-PANDAC-ADJ-EXP-NI FROM CUG29 WHERE I_ACCOUNT = :OMGPR-I-ACCOUNT AND C_SHIP_TO_SUFFIX = :WS-C-SHIP-TO-DEF-ADJ AND D_PANDAC_ADJ_EFF <= :WS-CURRENT-DB2-DATE AND (D_PANDAC_ADJ_EXP >= :WS-CURRENT-DB2-DATE OR D_PANDAC_ADJ_EXP IS NULL) END-EXEC."
230,A6U01.CBL,9035-SQL-SELECT-010,20346,20360,SELECT,,,CUG25,CUG25,I_ACCOUNT = :OMGPR-I-ACCOUNT AND C_SHIP_TO_SUFFIX = :WS-C-SHIP-TO-DEF-ADJ AND D_DELIVERY_ADJ_EFF <= :WS-CURRENT-DB2-DATE AND (D_DELIVERY_ADJ_EXP >= :WS-CURRENT-DB2-DATE OR D_DELIVERY_ADJ_EXP IS NULL),,CUG25-D-DELIVERY-ADJ-EXP;CUG25-D-DELIVERY-ADJ-EXP-NI;CUG25-P-DELIVERY-ADJ,CUG25-D-DELIVERY-ADJ-EXP;CUG25-D-DELIVERY-ADJ-EXP-NI;CUG25-P-DELIVERY-ADJ;OMGPR-I-ACCOUNT;WS-C-SHIP-TO-DEF-ADJ;WS-CURRENT-DB2-DATE,,,Y,,Y,2,+0;+100;OTHER,,Y, EVALUATE SQLCODE WHEN +0 COMPUTE OMGPR-A-DELIVERY-ADJ ROUNDED = WS-A-SELL-BEFORE-ADJ * CUG25-P-DELIVERY-ADJ MOVE CUG25-P-DELIVERY-ADJ TO OMGPR-P-DELIVERY-ADJ IF CUG25-D-DELIVERY-ADJ-EXP-NI NOT = -1 MOVE CUG25-D-DELIVERY-ADJ-EXP TO WS-PRICE-EXP-DATE PERFORM 7695-ADD-EXP-DATE-ARRA-010 THRU 7695-EXIT END-IF WHEN +100 PERFORM 7800-SEL-DELIVERY-010 THRU 7800-EXIT WHEN OTHER MOVE 'SELECT' TO WS-DB-OPERATION MOVE 'CUG25' TO WS-DB-NAME MOVE SQLCODE TO WS-DB-RETURN-CODE MOVE 'DB ERROR' TO WS-DB-STATUS-M,"EXEC SQL SELECT CUG25.P_DELIVERY_ADJ, CONVERT(CHAR(10),CUG25.D_DELIVERY_ADJ_EXP,101) INTO :CUG25-P-DELIVERY-ADJ, :CUG25-D-DELIVERY-ADJ-EXP :CUG25-D-DELIVERY-ADJ-EXP-NI FROM CUG25 WHERE I_ACCOUNT = :OMGPR-I-ACCOUNT AND C_SHIP_TO_SUFFIX = :WS-C-SHIP-TO-DEF-ADJ AND D_DELIVERY_ADJ_EFF <= :WS-CURRENT-DB2-DATE AND (D_DELIVERY_ADJ_EXP >= :WS-CURRENT-DB2-DATE OR D_DELIVERY_ADJ_EXP IS NULL) END-EXEC."
231,A6U01.CBL,9036-SQL-SELECT-010,20367,20380,SELECT,,,CID_DELIV_ADJ CUG71,CID_DELIV_ADJ,CUSTOMER_NBR = :OMGPR-CUSTOMER-NBR AND D_DELIVERY_ADJ_EFF <= :WS-CURRENT-DB2-DATE AND (D_DELIVERY_ADJ_EXP >= :WS-CURRENT-DB2-DATE OR D_DELIVERY_ADJ_EXP IS NULL),,CUG71-D-DELIVERY-ADJ-EXP;CUG71-D-DELIVERY-ADJ-EXP-NI;CUG71-P-DELIVERY-ADJ,CUG71-D-DELIVERY-ADJ-EXP;CUG71-D-DELIVERY-ADJ-EXP-NI;CUG71-P-DELIVERY-ADJ;OMGPR-CUSTOMER-NBR;WS-CURRENT-DB2-DATE,,,Y,,Y,2,+0;+100;OTHER,,Y, EVALUATE SQLCODE WHEN +0 COMPUTE OMGPR-A-DELIVERY-ADJ ROUNDED = WS-A-SELL-BEFORE-ADJ * CUG71-P-DELIVERY-ADJ MOVE CUG71-P-DELIVERY-ADJ TO OMGPR-P-DELIVERY-ADJ IF CUG71-D-DELIVERY-ADJ-EXP-NI NOT = -1 MOVE CUG71-D-DELIVERY-ADJ-EXP TO WS-PRICE-EXP-DATE PERFORM 7695-ADD-EXP-DATE-ARRA-010 THRU 7695-EXIT END-IF WHEN +100 CONTINUE WHEN OTHER MOVE 'SELECT' TO WS-DB-OPERATION MOVE 'CID_DELIV_ADJ' TO WS-DB-NAME MOVE SQLCODE TO WS-DB-RETURN-CODE MOVE 'DB ERROR' TO WS-DB-STATUS-MSG MOVE 203 TO WS-DB-ERROR-N,"EXEC SQL SELECT CUG71.P_DELIVERY_ADJ, CONVERT(CHAR(10),CUG71.D_DELIVERY_ADJ_EXP,101) INTO :CUG71-P-DELIVERY-ADJ, :CUG71-D-DELIVERY-ADJ-EXP :CUG71-D-DELIVERY-ADJ-EXP-NI FROM CID_DELIV_ADJ CUG71 WHERE CUSTOMER_NBR = :OMGPR-CUSTOMER-NBR AND D_DELIVERY_ADJ_EFF <= :WS-CURRENT-DB2-DATE AND (D_DELIVERY_ADJ_EXP >= :WS-CURRENT-DB2-DATE OR D_DELIVERY_ADJ_EXP IS NULL) END-EXEC."
232,A6U01.CBL,9037-SQL-ROW-CNT-010,20387,20426,SELECT,,,CCG03,CCG03,"CCG03.D_CNT_LINE_START <= :WS-CURRENT-DB2-DATE AND (CCG03.D_CNT_LINE_EXPIRE >= :WS-CURRENT-DB2-DATE OR CCG03.D_CNT_LINE_EXPIRE IS NULL) AND CCG03.I_VENDOR = :OMGPR-I-VENDOR AND CCG03.I_VND_PRODUCT = :OMGPR-I-VND-PRODUCT AND EXISTS (SELECT CCG01.I_CONTRACT FROM CCG01, CCG04, CCG06, CCG09 WHERE CCG06.I_CUSTOMER = :OMGPR-I-CUSTOMER AND CCG01.I_VENDOR = :OMGPR-I-PARENT-VENDOR AND CCG01.D_CNT_START <= :WS-CURRENT-DB2-DATE AND CCG01.D_CNT_PROT_END >= :WS-CURRENT-DB2-DATE AND CCG01.F_BYPASS = :WS-WS-NOT-BYPASSED AND CCG06.D_ASGN_EFFECT <= :WS-CURRENT-DB2-DATE AND (CCG06.D_ASGN_EXPIRE >= :WS-CURRENT-DB2-DATE OR CCG06.D_ASGN_EXPIRE IS NULL) AND CCG09.D_IND_VND_CNT_EFF <= :WS-CURRENT-DB2-DATE AND (CCG09.D_IND_VND_CNT_EXP >= :WS-CURRENT-DB2-DATE OR CCG09.D_IND_VND_CNT_EXP IS NULL) AND CCG01.I_CONTRACT = CCG03.I_CONTRACT AND CCG01.I_CONTRACT = CCG04.I_CONTRACT AND CCG01.I_CONTRACT = CCG06.I_CONTRACT AND CCG01.I_CONTRACT = CCG09.I_CONTRACT AND CCG04.I_DIVISION = CCG09.I_DIVISION)",,WS-I-CONTRACT-TEMP,OMGPR-I-CUSTOMER;OMGPR-I-PARENT-VENDOR;OMGPR-I-VENDOR;OMGPR-I-VND-PRODUCT;WS-CURRENT-DB2-DATE;WS-I-CONTRACT-TEMP;WS-WS-NOT-BYPASSED,,,Y,Y,Y,1,+0;100;-811;OTHER,,Y, EVALUATE SQLCODE WHEN +0 MOVE 'N' TO WS-DUP-CONT-EXISTS-SW WHEN 100 MOVE 'N' TO WS-DUP-CONT-EXISTS-SW WHEN -811 MOVE 'Y' TO WS-DUP-CONT-EXISTS-SW WHEN OTHER MOVE 'SELECT' TO WS-DB-OPERATION MOVE 'COUNT' TO WS-DB-NAME MOVE SQLCODE TO WS-DB-RETURN-CODE MOVE 'DB ERROR' TO WS-DB-STATUS-MSG MOVE 888 TO WS-DB-ERROR-NBR OMGPR-Q-ERROR-NBR MOVE WS-DB2-FATAL-ERROR-IND TO OMGPR-Q-ERROR-CODE MOVE WS-DB-OPERATION-MSG TO OMGPR-ERROR-MESSAGE MOVE WS-YES-IND TO OMGPR-F-PRICER-ERROR GO TO 0020-EXIT-PRICER END-E,"EXEC SQL SELECT I_CONTRACT INTO :WS-I-CONTRACT-TEMP FROM CCG03 WHERE CCG03.D_CNT_LINE_START <= :WS-CURRENT-DB2-DATE AND (CCG03.D_CNT_LINE_EXPIRE >= :WS-CURRENT-DB2-DATE OR CCG03.D_CNT_LINE_EXPIRE IS NULL) AND CCG03.I_VENDOR = :OMGPR-I-VENDOR AND CCG03.I_VND_PRODUCT = :OMGPR-I-VND-PRODUCT AND EXISTS (SELECT CCG01.I_CONTRACT FROM CCG01, CCG04, CCG06, CCG09 WHERE CCG06.I_CUSTOMER = :OMGPR-I-CUSTOMER AND CCG01.I_VENDOR = :OMGPR-I-PARENT-VENDOR AND CCG01.D_CNT_START <= :WS-CURRENT-DB2-DATE AND CCG01.D_CNT_PROT_END >= :WS-CURRENT-DB2-DATE AND CCG01.F_BYPASS = :WS-WS-NOT-BYPASSED AND CCG06.D_ASGN_EFFECT <= :WS-CURRENT-DB2-DATE AND (CCG06.D_ASGN_EXPIRE >= :WS-CURRENT-DB2-DATE OR CCG06.D_ASGN_EXPIRE IS NULL) AND CCG09.D_IND_VND_CNT_EFF <= :WS-CURRENT-DB2-DATE AND (CCG09.D_IND_VND_CNT_EXP >= :WS-CURRENT-DB2-DATE OR CCG09.D_IND_VND_CNT_EXP IS NULL) AND CCG01.I_CONTRACT = CCG03.I_CONTRACT AND CCG01.I_CONTRACT = CCG04.I_CONTRACT AND CCG01.I_CONTRACT = CCG06.I_CONTRACT AND CCG01.I_CONTRACT = CCG09.I_CONTRACT AND CCG04.I_DIVISION = CCG09.I_DIVISION) END-EXEC."
233,A6U01.CBL,9040-SQL-SELECT-010,20457,20562,SELECT,,,"CCG01, CCG03, CCG04, CCG06, CCG09, CC_CNT_PRT_FLG CCG27",CCG01;CCG03;CCG04;CCG06;CCG09;CC_CNT_PRT_FLG,CCG06.I_CUSTOMER = :OMGPR-I-CUSTOMER AND CCG01.I_VENDOR = :OMGPR-I-PARENT-VENDOR AND CCG01.D_CNT_START <= :WS-CURRENT-DB2-DATE AND CCG01.D_CNT_PROT_END >= :WS-CURRENT-DB2-DATE AND CCG01.F_BYPASS = :WS-WS-NOT-BYPASSED AND CCG03.D_CNT_LINE_START <= :WS-CURRENT-DB2-DATE AND (CCG03.D_CNT_LINE_EXPIRE >= :WS-CURRENT-DB2-DATE OR CCG03.D_CNT_LINE_EXPIRE IS NULL) AND CCG06.D_ASGN_EFFECT <= :WS-CURRENT-DB2-DATE AND (CCG06.D_ASGN_EXPIRE >= :WS-CURRENT-DB2-DATE OR CCG06.D_ASGN_EXPIRE IS NULL) AND CCG09.D_IND_VND_CNT_EFF <= :WS-CURRENT-DB2-DATE AND (CCG09.D_IND_VND_CNT_EXP >= :WS-CURRENT-DB2-DATE OR CCG09.D_IND_VND_CNT_EXP IS NULL) AND CCG27.D_CNT_PRT_EFF <= :WS-CURRENT-DB2-DATE AND (CCG27.D_CNT_PRT_EXP >= :WS-CURRENT-DB2-DATE OR CCG27.D_CNT_PRT_EXP IS NULL) AND CCG03.I_VENDOR = :OMGPR-I-VENDOR AND CCG03.I_VND_PRODUCT = :OMGPR-I-VND-PRODUCT AND CCG01.I_CONTRACT = CCG03.I_CONTRACT AND CCG01.I_CONTRACT = CCG04.I_CONTRACT AND CCG01.I_CONTRACT = CCG06.I_CONTRACT AND CCG01.I_CONTRACT = CCG09.I_CONTRACT AND CCG01.I_CONTRACT = CCG27.I_CONTRACT AND CCG04.I_DIVISION = CCG09.I_DIVISION,,CCG01-C-CNT-ENTRY-METHOD;CCG01-C-CNT-TYPE;CCG01-C-EXPIRE-MSG;CCG01-C-PROD-CATGRY;CCG01-C-REPLACED-CNT-NBR;CCG01-C-REPLACES-CNT-NBR;CCG01-C-TIER;CCG01-D-CNT-EFFECT;CCG01-D-CNT-EXPIRE;CCG01-D-CNT-PROT-END;CCG01-D-CNT-PROT-START;CCG01-D-CNT-START;CCG01-D-RCVD-DATE;CCG01-I-CONTRACT;CCG01-T-COMMENT;CCG03-A-CNT-LN-MAX-REBT;CCG03-A-CNT-LN-MAX-REBT-NI;CCG03-A-CNT-LN-PROT-ACQ;CCG03-A-CNT-LN-PROT-ACQ-NI;CCG03-A-CNT-LN-UNIT-COST;CCG03-C-CNT-LN-UM;CCG03-D-CNT-LINE-EXPIRE;CCG03-D-CNT-LINE-EXPIRE-NI;CCG03-D-CNT-LINE-START;CCG03-F-FRT-EXEMPT;CCG03-F-JIT-EXEMPT;CCG03-I-GRP-CONTROL-NBR;CCG03-L-CNT-LINE;CCG06-D-ASGN-EFFECT;CCG06-D-ASGN-EXPIRE;CCG06-D-ASGN-EXPIRE-NI;CCG09-I-IND-VND-CNT-NBR;CCG09-I-RPT-GRP;CCG09-I-RPT-GRP-CNT;CCG27-F-CNT-PRIORITY,CCG01-C-CNT-ENTRY-METHOD;CCG01-C-CNT-TYPE;CCG01-C-EXPIRE-MSG;CCG01-C-PROD-CATGRY;CCG01-C-REPLACED-CNT-NBR;CCG01-C-REPLACES-CNT-NBR;CCG01-C-TIER;CCG01-D-CNT-EFFECT;CCG01-D-CNT-EXPIRE;CCG01-D-CNT-PROT-END;CCG01-D-CNT-PROT-START;CCG01-D-CNT-START;CCG01-D-RCVD-DATE;CCG01-I-CONTRACT;CCG01-T-COMMENT;CCG03-A-CNT-LN-MAX-REBT;CCG03-A-CNT-LN-MAX-REBT-NI;CCG03-A-CNT-LN-PROT-ACQ;CCG03-A-CNT-LN-PROT-ACQ-NI;CCG03-A-CNT-LN-UNIT-COST;CCG03-C-CNT-LN-UM;CCG03-D-CNT-LINE-EXPIRE;CCG03-D-CNT-LINE-EXPIRE-NI;CCG03-D-CNT-LINE-START;CCG03-F-FRT-EXEMPT;CCG03-F-JIT-EXEMPT;CCG03-I-GRP-CONTROL-NBR;CCG03-L-CNT-LINE;CCG06-D-ASGN-EFFECT;CCG06-D-ASGN-EXPIRE;CCG06-D-ASGN-EXPIRE-NI;CCG09-I-IND-VND-CNT-NBR;CCG09-I-RPT-GRP;CCG09-I-RPT-GRP-CNT;CCG27-F-CNT-PRIORITY;OMGPR-I-CUSTOMER;OMGPR-I-PARENT-VENDOR;OMGPR-I-VENDOR;OMGPR-I-VND-PRODUCT;WS-CURRENT-DB2-DATE;WS-WS-NOT-BYPASSED,,,Y,,Y,2,+00;+100;OTHER,,Y, 9040-EXIT EVALUATE SQLCODE WHEN +00 MOVE CCG01-D-CNT-EXPIRE TO WS-PRICE-EXP-DATE PERFORM 7695-ADD-EXP-DATE-ARRA-010 THRU 7695-EXIT IF OMGPR-ACT-CNT-EXCL-ABSENT MOVE 'N' TO OMGPR-F-CONT-EXCL-SW ELSE PERFORM 7360-VERIFY-FOR-EXCL THRU 7360-EXIT END-IF IF OMGPR-CONTRACT-EXCLUDED MOVE WS-NO-IND TO WS-F-COST-CONT-FND ELSE MOVE WS-YES-IND TO WS-F-COST-CONT-FND END-IF GO TO 0235-EXIT WHEN +100 IF OMGPR-F-SPECIAL-CONTRACT = 'Y' MOVE '#601-SPECIAL CONTRACT NOTFOUND FOR ' TO OMGPR-ERROR-MESSAGE (1:35) MOV,"EXEC SQL SELECT CCG01.I_CONTRACT, CCG01.C_CNT_ENTRY_METHOD, CONVERT(CHAR(10),CCG01.D_CNT_EFFECT,101), CONVERT(CHAR(10),CCG01.D_CNT_EXPIRE,101), CONVERT(CHAR(10),CCG01.D_CNT_START,101), CONVERT(CHAR(10),CCG01.D_CNT_PROT_START,101), CONVERT(CHAR(10),CCG01.D_CNT_PROT_END,101), CCG01.T_COMMENT, CCG01.C_CNT_TYPE, CCG03.L_CNT_LINE, CCG03.C_CNT_LN_UM, CCG03.A_CNT_LN_UNIT_COST, CCG03.A_CNT_LN_PROT_ACQ, CCG03.A_CNT_LN_MAX_REBT, CONVERT(CHAR(10),CCG03.D_CNT_LINE_START,101), CONVERT(CHAR(10),CCG03.D_CNT_LINE_EXPIRE,101), CCG03.F_JIT_EXEMPT, CCG03.F_FRT_EXEMPT, CONVERT(CHAR(10),CCG06.D_ASGN_EFFECT,101), CONVERT(CHAR(10),CCG06.D_ASGN_EXPIRE,101), CCG09.I_IND_VND_CNT_NBR, CCG09.I_RPT_GRP, CCG09.I_RPT_GRP_CNT, CCG01.C_PROD_CATGRY, CCG01.C_REPLACES_CNT_NBR, CONVERT(CHAR(10),CCG01.D_RCVD_DATE,101), CCG01.C_EXPIRE_MSG, CCG01.C_TIER, CCG01.C_REPLACED_CNT_NBR, CCG27.F_CNT_PRIORITY, CCG03.I_GRP_CONTROL_NBR INTO :CCG01-I-CONTRACT, :CCG01-C-CNT-ENTRY-METHOD, :CCG01-D-CNT-EFFECT, :CCG01-D-CNT-EXPIRE, :CCG01-D-CNT-START, :CCG01-D-CNT-PROT-START, :CCG01-D-CNT-PROT-END, :CCG01-T-COMMENT, :CCG01-C-CNT-TYPE, :CCG03-L-CNT-LINE, :CCG03-C-CNT-LN-UM, :CCG03-A-CNT-LN-UNIT-COST, :CCG03-A-CNT-LN-PROT-ACQ :CCG03-A-CNT-LN-PROT-ACQ-NI, :CCG03-A-CNT-LN-MAX-REBT :CCG03-A-CNT-LN-MAX-REBT-NI, :CCG03-D-CNT-LINE-START, :CCG03-D-CNT-LINE-EXPIRE :CCG03-D-CNT-LINE-EXPIRE-NI, :CCG03-F-JIT-EXEMPT, :CCG03-F-FRT-EXEMPT, :CCG06-D-ASGN-EFFECT, :CCG06-D-ASGN-EXPIRE :CCG06-D-ASGN-EXPIRE-NI, :CCG09-I-IND-VND-CNT-NBR, :CCG09-I-RPT-GRP, :CCG09-I-RPT-GRP-CNT, :CCG01-C-PROD-CATGRY, :CCG01-C-REPLACES-CNT-NBR, :CCG01-D-RCVD-DATE, :CCG01-C-EXPIRE-MSG, :CCG01-C-TIER, :CCG01-C-REPLACED-CNT-NBR, :CCG27-F-CNT-PRIORITY, :CCG03-I-GRP-CONTROL-NBR FROM CCG01, CCG03, CCG04, CCG06, CCG09, CC_CNT_PRT_FLG CCG27 WHERE CCG06.I_CUSTOMER = :OMGPR-I-CUSTOMER AND CCG01.I_VENDOR = :OMGPR-I-PARENT-VENDOR AND CCG01.D_CNT_START <= :WS-CURRENT-DB2-DATE AND CCG01.D_CNT_PROT_END >= :WS-CURRENT-DB2-DATE AND CCG01.F_BYPASS = :WS-WS-NOT-BYPASSED AND CCG03.D_CNT_LINE_START <= :WS-CURRENT-DB2-DATE AND (CCG03.D_CNT_LINE_EXPIRE >= :WS-CURRENT-DB2-DATE OR CCG03.D_CNT_LINE_EXPIRE IS NULL) AND CCG06.D_ASGN_EFFECT <= :WS-CURRENT-DB2-DATE AND (CCG06.D_ASGN_EXPIRE >= :WS-CURRENT-DB2-DATE OR CCG06.D_ASGN_EXPIRE IS NULL) AND CCG09.D_IND_VND_CNT_EFF <= :WS-CURRENT-DB2-DATE AND (CCG09.D_IND_VND_CNT_EXP >= :WS-CURRENT-DB2-DATE OR CCG09.D_IND_VND_CNT_EXP IS NULL) AND CCG27.D_CNT_PRT_EFF <= :WS-CURRENT-DB2-DATE AND (CCG27.D_CNT_PRT_EXP >= :WS-CURRENT-DB2-DATE OR CCG27.D_CNT_PRT_EXP IS NULL) AND CCG03.I_VENDOR = :OMGPR-I-VENDOR AND CCG03.I_VND_PRODUCT = :OMGPR-I-VND-PRODUCT AND CCG01.I_CONTRACT = CCG03.I_CONTRACT AND CCG01.I_CONTRACT = CCG04.I_CONTRACT AND CCG01.I_CONTRACT = CCG06.I_CONTRACT AND CCG01.I_CONTRACT = CCG09.I_CONTRACT AND CCG01.I_CONTRACT = CCG27.I_CONTRACT AND CCG04.I_DIVISION = CCG09.I_DIVISION END-EXEC."
234,A6U01.CBL,9045-SQL-SELECT-010,20569,20673,SELECT,,,"CCG01, CCG03, CCG04, CCG06, CCG09, CC_CNT_PRT_FLG CCG27",CCG01;CCG03;CCG04;CCG06;CCG09;CC_CNT_PRT_FLG,CCG01.I_CONTRACT = :OMGPR-I-CONTRACT AND CCG03.I_VENDOR = :OMGPR-I-VENDOR AND CCG03.I_VND_PRODUCT = :OMGPR-I-VND-PRODUCT AND CCG06.I_CUSTOMER = :OMGPR-I-CUSTOMER AND CCG01.D_CNT_START <= :WS-CURRENT-DB2-DATE AND CCG01.D_CNT_PROT_END >= :WS-CURRENT-DB2-DATE AND CCG03.D_CNT_LINE_START <= :WS-CURRENT-DB2-DATE AND (CCG03.D_CNT_LINE_EXPIRE >= :WS-CURRENT-DB2-DATE OR CCG03.D_CNT_LINE_EXPIRE IS NULL) AND CCG06.D_ASGN_EFFECT <= :WS-CURRENT-DB2-DATE AND (CCG06.D_ASGN_EXPIRE >= :WS-CURRENT-DB2-DATE OR CCG06.D_ASGN_EXPIRE IS NULL) AND CCG09.D_IND_VND_CNT_EFF <= :WS-CURRENT-DB2-DATE AND (CCG09.D_IND_VND_CNT_EXP >= :WS-CURRENT-DB2-DATE OR CCG09.D_IND_VND_CNT_EXP IS NULL) AND CCG27.D_CNT_PRT_EFF <= :WS-CURRENT-DB2-DATE AND (CCG27.D_CNT_PRT_EXP >= :WS-CURRENT-DB2-DATE OR CCG27.D_CNT_PRT_EXP IS NULL) AND CCG01.I_CONTRACT = CCG03.I_CONTRACT AND CCG01.I_CONTRACT = CCG04.I_CONTRACT AND CCG01.I_CONTRACT = CCG06.I_CONTRACT AND CCG01.I_CONTRACT = CCG09.I_CONTRACT AND CCG01.I_CONTRACT = CCG27.I_CONTRACT AND CCG04.I_DIVISION = CCG09.I_DIVISION,,CCG01-C-CNT-ENTRY-METHOD;CCG01-C-CNT-TYPE;CCG01-C-EXPIRE-MSG;CCG01-C-PROD-CATGRY;CCG01-C-REPLACED-CNT-NBR;CCG01-C-REPLACES-CNT-NBR;CCG01-C-TIER;CCG01-D-CNT-EFFECT;CCG01-D-CNT-EXPIRE;CCG01-D-CNT-PROT-END;CCG01-D-CNT-PROT-START;CCG01-D-CNT-START;CCG01-D-RCVD-DATE;CCG01-I-CONTRACT;CCG01-T-COMMENT;CCG03-A-CNT-LN-MAX-REBT;CCG03-A-CNT-LN-MAX-REBT-NI;CCG03-A-CNT-LN-PROT-ACQ;CCG03-A-CNT-LN-PROT-ACQ-NI;CCG03-A-CNT-LN-UNIT-COST;CCG03-C-CNT-LN-UM;CCG03-D-CNT-LINE-EXPIRE;CCG03-D-CNT-LINE-EXPIRE-NI;CCG03-D-CNT-LINE-START;CCG03-F-FRT-EXEMPT;CCG03-F-JIT-EXEMPT;CCG03-I-GRP-CONTROL-NBR;CCG03-L-CNT-LINE;CCG06-D-ASGN-EFFECT;CCG06-D-ASGN-EXPIRE;CCG06-D-ASGN-EXPIRE-NI;CCG09-I-IND-VND-CNT-NBR;CCG09-I-RPT-GRP;CCG09-I-RPT-GRP-CNT;CCG27-F-CNT-PRIORITY,CCG01-C-CNT-ENTRY-METHOD;CCG01-C-CNT-TYPE;CCG01-C-EXPIRE-MSG;CCG01-C-PROD-CATGRY;CCG01-C-REPLACED-CNT-NBR;CCG01-C-REPLACES-CNT-NBR;CCG01-C-TIER;CCG01-D-CNT-EFFECT;CCG01-D-CNT-EXPIRE;CCG01-D-CNT-PROT-END;CCG01-D-CNT-PROT-START;CCG01-D-CNT-START;CCG01-D-RCVD-DATE;CCG01-I-CONTRACT;CCG01-T-COMMENT;CCG03-A-CNT-LN-MAX-REBT;CCG03-A-CNT-LN-MAX-REBT-NI;CCG03-A-CNT-LN-PROT-ACQ;CCG03-A-CNT-LN-PROT-ACQ-NI;CCG03-A-CNT-LN-UNIT-COST;CCG03-C-CNT-LN-UM;CCG03-D-CNT-LINE-EXPIRE;CCG03-D-CNT-LINE-EXPIRE-NI;CCG03-D-CNT-LINE-START;CCG03-F-FRT-EXEMPT;CCG03-F-JIT-EXEMPT;CCG03-I-GRP-CONTROL-NBR;CCG03-L-CNT-LINE;CCG06-D-ASGN-EFFECT;CCG06-D-ASGN-EXPIRE;CCG06-D-ASGN-EXPIRE-NI;CCG09-I-IND-VND-CNT-NBR;CCG09-I-RPT-GRP;CCG09-I-RPT-GRP-CNT;CCG27-F-CNT-PRIORITY;OMGPR-I-CONTRACT;OMGPR-I-CUSTOMER;OMGPR-I-VENDOR;OMGPR-I-VND-PRODUCT;WS-CURRENT-DB2-DATE,,,Y,,Y,2,+00;OTHER,,Y, 9045-EXIT END-IF. EVALUATE SQLCODE WHEN +00 MOVE WS-YES-IND TO WS-F-COST-CONT-FND GO TO 0235-EXIT WHEN OTHER MOVE 'SELECT' TO WS-DB-OPERATION MOVE 'INDV CONT MIN' TO WS-DB-NAME MOVE SQLCODE TO WS-DB-RETURN-CODE MOVE 'DB ERROR' TO WS-DB-STATUS-MSG MOVE 38 TO WS-DB-ERROR-NBR OMGPR-Q-ERROR-NBR MOVE WS-DB2-FATAL-ERROR-IND TO OMGPR-Q-ERROR-CODE MOVE WS-DB-OPERATION-MSG TO OMGPR-ERROR-MESSAGE MOVE WS-YES-IND TO OMGPR-F-PRICER-ERROR GO TO 0020-EXIT-PRICER END-EVALUATE.,"EXEC SQL SELECT CCG01.I_CONTRACT, CCG01.C_CNT_ENTRY_METHOD, CONVERT(CHAR(10),CCG01.D_CNT_EFFECT,101), CONVERT(CHAR(10),CCG01.D_CNT_EXPIRE,101), CONVERT(CHAR(10),CCG01.D_CNT_START,101), CONVERT(CHAR(10),CCG01.D_CNT_PROT_START,101), CONVERT(CHAR(10),CCG01.D_CNT_PROT_END,101), CCG01.T_COMMENT, CCG01.C_CNT_TYPE, CCG03.L_CNT_LINE, CCG03.C_CNT_LN_UM, CCG03.A_CNT_LN_UNIT_COST, CCG03.A_CNT_LN_PROT_ACQ, CCG03.A_CNT_LN_MAX_REBT, CONVERT(CHAR(10),CCG03.D_CNT_LINE_START,101), CONVERT(CHAR(10),CCG03.D_CNT_LINE_EXPIRE,101), CCG03.F_JIT_EXEMPT, CCG03.F_FRT_EXEMPT, CONVERT(CHAR(10),CCG06.D_ASGN_EFFECT,101), CONVERT(CHAR(10),CCG06.D_ASGN_EXPIRE,101), CCG09.I_IND_VND_CNT_NBR, CCG09.I_RPT_GRP, CCG09.I_RPT_GRP_CNT, CCG01.C_PROD_CATGRY, CCG01.C_REPLACES_CNT_NBR, CONVERT(CHAR(10),CCG01.D_RCVD_DATE,101), CCG01.C_EXPIRE_MSG, CCG01.C_TIER, CCG01.C_REPLACED_CNT_NBR, CCG27.F_CNT_PRIORITY, CCG03.I_GRP_CONTROL_NBR INTO :CCG01-I-CONTRACT, :CCG01-C-CNT-ENTRY-METHOD, :CCG01-D-CNT-EFFECT, :CCG01-D-CNT-EXPIRE, :CCG01-D-CNT-START, :CCG01-D-CNT-PROT-START, :CCG01-D-CNT-PROT-END, :CCG01-T-COMMENT, :CCG01-C-CNT-TYPE, :CCG03-L-CNT-LINE, :CCG03-C-CNT-LN-UM, :CCG03-A-CNT-LN-UNIT-COST, :CCG03-A-CNT-LN-PROT-ACQ :CCG03-A-CNT-LN-PROT-ACQ-NI, :CCG03-A-CNT-LN-MAX-REBT :CCG03-A-CNT-LN-MAX-REBT-NI, :CCG03-D-CNT-LINE-START, :CCG03-D-CNT-LINE-EXPIRE :CCG03-D-CNT-LINE-EXPIRE-NI, :CCG03-F-JIT-EXEMPT, :CCG03-F-FRT-EXEMPT, :CCG06-D-ASGN-EFFECT, :CCG06-D-ASGN-EXPIRE :CCG06-D-ASGN-EXPIRE-NI, :CCG09-I-IND-VND-CNT-NBR, :CCG09-I-RPT-GRP, :CCG09-I-RPT-GRP-CNT, :CCG01-C-PROD-CATGRY, :CCG01-C-REPLACES-CNT-NBR, :CCG01-D-RCVD-DATE, :CCG01-C-EXPIRE-MSG, :CCG01-C-TIER, :CCG01-C-REPLACED-CNT-NBR, :CCG27-F-CNT-PRIORITY, :CCG03-I-GRP-CONTROL-NBR FROM CCG01, CCG03, CCG04, CCG06, CCG09, CC_CNT_PRT_FLG CCG27 WHERE CCG01.I_CONTRACT = :OMGPR-I-CONTRACT AND CCG03.I_VENDOR = :OMGPR-I-VENDOR AND CCG03.I_VND_PRODUCT = :OMGPR-I-VND-PRODUCT AND CCG06.I_CUSTOMER = :OMGPR-I-CUSTOMER AND CCG01.D_CNT_START <= :WS-CURRENT-DB2-DATE AND CCG01.D_CNT_PROT_END >= :WS-CURRENT-DB2-DATE AND CCG03.D_CNT_LINE_START <= :WS-CURRENT-DB2-DATE AND (CCG03.D_CNT_LINE_EXPIRE >= :WS-CURRENT-DB2-DATE OR CCG03.D_CNT_LINE_EXPIRE IS NULL) AND CCG06.D_ASGN_EFFECT <= :WS-CURRENT-DB2-DATE AND (CCG06.D_ASGN_EXPIRE >= :WS-CURRENT-DB2-DATE OR CCG06.D_ASGN_EXPIRE IS NULL) AND CCG09.D_IND_VND_CNT_EFF <= :WS-CURRENT-DB2-DATE AND (CCG09.D_IND_VND_CNT_EXP >= :WS-CURRENT-DB2-DATE OR CCG09.D_IND_VND_CNT_EXP IS NULL) AND CCG27.D_CNT_PRT_EFF <= :WS-CURRENT-DB2-DATE AND (CCG27.D_CNT_PRT_EXP >= :WS-CURRENT-DB2-DATE OR CCG27.D_CNT_PRT_EXP IS NULL) AND CCG01.I_CONTRACT = CCG03.I_CONTRACT AND CCG01.I_CONTRACT = CCG04.I_CONTRACT AND CCG01.I_CONTRACT = CCG06.I_CONTRACT AND CCG01.I_CONTRACT = CCG09.I_CONTRACT AND CCG01.I_CONTRACT = CCG27.I_CONTRACT AND CCG04.I_DIVISION = CCG09.I_DIVISION END-EXEC."
235,A6U01.CBL,9060-SQL-CLOSE-MIN-010,20682,20684,CLOSE_CURSOR,MIN_INDV,,,,,,,,,,,,Y,2,,NOT =+0,Y, PERFORM 9065-SQL-OPEN-MIN-010 THRU IF SQLCODE NOT = +0 MOVE 'OPEN CURSOR' TO WS-DB-OPERATION MOVE 'INDIV CONT MIN' TO WS-DB-NAME MOVE SQLCODE TO WS-DB-RETURN-CODE MOVE 'DB ERROR' TO WS-DB-STATUS-MSG MOVE 41 TO WS-DB-ERROR-NBR OMGPR-Q-ERROR-NBR MOVE WS-DB2-FATAL-ERROR-IND TO OMGPR-Q-ERROR-CODE MOVE WS-DB-OPERATION-MSG TO OMGPR-ERROR-MESSAGE MOVE WS-YES-IND TO OMGPR-F-PRICER-ERROR GO TO 0020-EXIT-PRICER END-IF.,EXEC SQL CLOSE MIN_INDV END-EXEC.
236,A6U01.CBL,9065-SQL-OPEN-MIN-010,20691,20693,OPEN_CURSOR,MIN_INDV,,,,,,,,,,,,Y,2,,NOT =+0,Y, IF SQLCODE NOT = +0 MOVE 'OPEN CURSOR' TO WS-DB-OPERATION MOVE 'INDIV CONT MIN' TO WS-DB-NAME MOVE SQLCODE TO WS-DB-RETURN-CODE MOVE 'DB ERROR' TO WS-DB-STATUS-MSG MOVE 41 TO WS-DB-ERROR-NBR OMGPR-Q-ERROR-NBR MOVE WS-DB2-FATAL-ERROR-IND TO OMGPR-Q-ERROR-CODE MOVE WS-DB-OPERATION-MSG TO OMGPR-ERROR-MESSAGE MOVE WS-YES-IND TO OMGPR-F-PRICER-ERROR GO TO 0020-EXIT-PRICER END-IF.,EXEC SQL OPEN MIN_INDV END-EXEC.
237,A6U01.CBL,9070-SQL-FETCH-FROM-MIN-010,20700,20709,FETCH_CURSOR,MIN_INDV,,,,,,,CCG01-I-CONTRACT;CCG03-A-CNT-LN-UNIT-COST;CCG03-C-CNT-LN-UM;CCG03-F-FRT-EXEMPT;CCG03-F-JIT-EXEMPT;CCG27-F-CNT-PRIORITY,,,,,Y,2,+0;+100;OTHER,,Y, 9070-EXIT EVALUATE SQLCODE WHEN +0 IF OMGPR-ACT-CNT-EXCL-ABSENT MOVE 'N' TO OMGPR-F-CONT-EXCL-SW WS-COST-CONT-EXCLUDED-SW ELSE PERFORM 7360-VERIFY-FOR-EXCL THRU 7360-EXIT END-IF IF WS-COST-CONT-EXCLUDED CONTINUE ELSE PERFORM 0272-COMPARE-COST THRU 0272-EXIT END-IF WHEN +100 MOVE 'Y' TO WS-NOMORE-CONTRACTS-SW IF WS-PRIORITY-I-CONTRACT > ZEROES MOVE WS-PRIORITY-I-CONTRACT TO OMGPR-I-CONTRACT MOVE WS-PRIORITY-LN-UNIT-COST TO OMGPR-A-CNT-LN-UNIT-COST END-IF WHEN OTHER MOVE 'FETCH' TO WS-DB-OPERATIO,"EXEC SQL FETCH FROM MIN_INDV INTO :CCG01-I-CONTRACT, :CCG03-C-CNT-LN-UM, :CCG03-A-CNT-LN-UNIT-COST, :CCG03-F-JIT-EXEMPT, :CCG03-F-FRT-EXEMPT, :CCG27-F-CNT-PRIORITY END-EXEC."
238,A6U01.CBL,9075-SQL-OPEN-ACT-010,20716,20718,OPEN_CURSOR,ACT_PRD_CAT_CSR,,,,,,,,,,,,Y,2,,NOT =+0,Y, IF SQLCODE NOT = +0 MOVE 'OPEN CURSOR' TO WS-DB-OPERATION MOVE 'ACT VND CAT' TO WS-DB-NAME MOVE SQLCODE TO WS-DB-RETURN-CODE MOVE 'DB ERROR' TO WS-DB-STATUS-MSG MOVE 150 TO WS-DB-ERROR-NBR OMGPR-Q-ERROR-NBR MOVE WS-DB2-FATAL-ERROR-IND TO OMGPR-Q-ERROR-CODE MOVE WS-DB-OPERATION-MSG TO OMGPR-ERROR-MESSAGE MOVE WS-YES-IND TO OMGPR-F-PRICER-ERROR GO TO 0020-EXIT-PRICER END-IF.,EXEC SQL OPEN ACT_PRD_CAT_CSR END-EXEC.
239,A6U01.CBL,9080-SQL-FETCH-FROM-ACT-010,20725,20732,FETCH_CURSOR,ACT_PRD_CAT_CSR,,,,,,,CUG13-C-OVERRIDE-TYPE;CUG13-D-AC-CA-BG-OVR-EXP;CUG13-D-AC-CA-BG-OVR-EXP-NI;CUG13-I-BUY-GROUP;CUG13-S-BG-MEMBER,,,,,Y,2,+0;+100;OTHER,,Y, 9080-EXIT EVALUATE SQLCODE WHEN +0 CONTINUE WHEN +100 CONTINUE WHEN OTHER MOVE 'SELECT' TO WS-DB-OPERATION MOVE 'CUG13' TO WS-DB-NAME MOVE SQLCODE TO WS-DB-RETURN-CODE MOVE 'DB ERROR' TO WS-DB-STATUS-MSG MOVE 5 TO WS-DB-ERROR-NBR OMGPR-Q-ERROR-NBR MOVE WS-DB2-FATAL-ERROR-IND TO OMGPR-Q-ERROR-CODE MOVE WS-DB-OPERATION-MSG TO OMGPR-ERROR-MESSAGE MOVE WS-YES-IND TO OMGPR-F-PRICER-ERROR GO TO 0020-EXIT-PRICER END-EVALUATE,"EXEC SQL FETCH FROM ACT_PRD_CAT_CSR INTO :CUG13-I-BUY-GROUP, :CUG13-S-BG-MEMBER, :CUG13-D-AC-CA-BG-OVR-EXP :CUG13-D-AC-CA-BG-OVR-EXP-NI, :CUG13-C-OVERRIDE-TYPE END-EXEC."
240,A6U01.CBL,9085-SQL-CLOSE-ACT-010,20739,20741,CLOSE_CURSOR,ACT_PRD_CAT_CSR,,,,,,,,,,,,Y,2,,NOT =+0,Y, IF SQLCODE NOT = +0 MOVE 'CLOSE CURSOR' TO WS-DB-OPERATION MOVE 'ACT VND CAT' TO WS-DB-NAME MOVE SQLCODE TO WS-DB-RETURN-CODE MOVE 'DB ERROR' TO WS-DB-STATUS-MSG MOVE 151 TO WS-DB-ERROR-NBR OMGPR-Q-ERROR-NBR MOVE WS-DB2-FATAL-ERROR-IND TO OMGPR-Q-ERROR-CODE MOVE WS-DB-OPERATION-MSG TO OMGPR-ERROR-MESSAGE MOVE WS-YES-IND TO OMGPR-F-PRICER-ERROR GO TO 0020-EXIT-PRICER END-IF.,EXEC SQL CLOSE ACT_PRD_CAT_CSR END-EXEC.
241,A6U01.CBL,9090-SQL-CLOSE-A6Z01-010,20748,20750,CLOSE_CURSOR,A6Z01_C_CUG11,,,,,,,,,,,,Y,2,,NOT =+0,Y, PERFORM 9095-SQL-OPEN-A6Z01-010 THRU IF SQLCODE NOT = +0 MOVE 'OPEN CURSOR' TO WS-DB-OPERATION MOVE 'CUG11' TO WS-DB-NAME MOVE SQLCODE TO WS-DB-RETURN-CODE MOVE 'DB ERROR' TO WS-DB-STATUS-MSG MOVE 12 TO WS-DB-ERROR-NBR OMGPR-Q-ERROR-NBR MOVE WS-DB2-FATAL-ERROR-IND TO OMGPR-Q-ERROR-CODE MOVE WS-DB-OPERATION-MSG TO OMGPR-ERROR-MESSAGE MOVE WS-YES-IND TO OMGPR-F-PRICER-ERROR GO TO 0020-EXIT-PRICER END-IF.,EXEC SQL CLOSE A6Z01_C_CUG11 END-EXEC.
242,A6U01.CBL,9095-SQL-OPEN-A6Z01-010,20757,20759,OPEN_CURSOR,A6Z01_C_CUG11,,,,,,,,,,,,Y,2,,NOT =+0,Y, IF SQLCODE NOT = +0 MOVE 'OPEN CURSOR' TO WS-DB-OPERATION MOVE 'CUG11' TO WS-DB-NAME MOVE SQLCODE TO WS-DB-RETURN-CODE MOVE 'DB ERROR' TO WS-DB-STATUS-MSG MOVE 12 TO WS-DB-ERROR-NBR OMGPR-Q-ERROR-NBR MOVE WS-DB2-FATAL-ERROR-IND TO OMGPR-Q-ERROR-CODE MOVE WS-DB-OPERATION-MSG TO OMGPR-ERROR-MESSAGE MOVE WS-YES-IND TO OMGPR-F-PRICER-ERROR GO TO 0020-EXIT-PRICER END-IF.,EXEC SQL OPEN A6Z01_C_CUG11 END-EXEC.
243,A6U01.CBL,9100-SQL-FETCH-FROM-A6Z01-010,20766,20773,FETCH_CURSOR,A6Z01_C_CUG11,,,,,,,CUG11-D-BG-TIER-START;CUG11-I-BUY-GROUP;CUG11-Q-ACCT-BG-PRIORITY;CUG11-Q-PREF-TIER-LEVEL;CUG11-S-BG-MEMBER,,,,,Y,2,+0;+100;OTHER,,Y, 9100-EXIT EVALUATE SQLCODE WHEN +0 CONTINUE WHEN +100 MOVE 'Y' TO WS-F-ACCT-PRI-FOUND WHEN OTHER MOVE 'FETCH' TO WS-DB-OPERATION MOVE 'CUG11' TO WS-DB-NAME MOVE SQLCODE TO WS-DB-RETURN-CODE MOVE 'DB ERROR' TO WS-DB-STATUS-MSG MOVE 13 TO WS-DB-ERROR-NBR OMGPR-Q-ERROR-NBR MOVE WS-DB2-FATAL-ERROR-IND TO OMGPR-Q-ERROR-CODE MOVE WS-DB-OPERATION-MSG TO OMGPR-ERROR-MESSAGE MOVE WS-YES-IND TO OMGPR-F-PRICER-ERROR GO TO 0020-EXIT-PRICER END-EVALUATE,"EXEC SQL FETCH FROM A6Z01_C_CUG11 INTO :CUG11-I-BUY-GROUP, :CUG11-S-BG-MEMBER, :CUG11-Q-ACCT-BG-PRIORITY, :CUG11-Q-PREF-TIER-LEVEL, :CUG11-D-BG-TIER-START END-EXEC."
244,A6U01.CBL,9105-SQL-OPEN-ACT-010,20780,20782,OPEN_CURSOR,ACT_VEN_CSR,,,,,,,,,,,,Y,2,,NOT =+0,Y, IF SQLCODE NOT = +0 MOVE 'OPEN CURSOR' TO WS-DB-OPERATION MOVE 'ACT VND ' TO WS-DB-NAME MOVE SQLCODE TO WS-DB-RETURN-CODE MOVE 'DB ERROR' TO WS-DB-STATUS-MSG MOVE 152 TO WS-DB-ERROR-NBR OMGPR-Q-ERROR-NBR MOVE WS-DB2-FATAL-ERROR-IND TO OMGPR-Q-ERROR-CODE MOVE WS-DB-OPERATION-MSG TO OMGPR-ERROR-MESSAGE MOVE WS-YES-IND TO OMGPR-F-PRICER-ERROR GO TO 0020-EXIT-PRICER END-IF.,EXEC SQL OPEN ACT_VEN_CSR END-EXEC.
245,A6U01.CBL,9110-SQL-FETCH-FROM-ACT-010,20789,20796,FETCH_CURSOR,ACT_VEN_CSR,,,,,,,CUG12-C-OVERRIDE-TYPE;CUG12-D-AC-VN-BG-OVR-EXP;CUG12-D-AC-VN-BG-OVR-EXP-NI;CUG12-I-BUY-GROUP;CUG12-S-BG-MEMBER,,,,,Y,2,+0;+100;OTHER,,Y, 9110-EXIT EVALUATE SQLCODE WHEN +0 CONTINUE WHEN +100 CONTINUE WHEN OTHER MOVE 'SELECT' TO WS-DB-OPERATION MOVE 'CUG12' TO WS-DB-NAME MOVE SQLCODE TO WS-DB-RETURN-CODE MOVE 'DB ERROR' TO WS-DB-STATUS-MSG MOVE 153 TO WS-DB-ERROR-NBR OMGPR-Q-ERROR-NBR MOVE WS-DB2-FATAL-ERROR-IND TO OMGPR-Q-ERROR-CODE MOVE WS-DB-OPERATION-MSG TO OMGPR-ERROR-MESSAGE MOVE WS-YES-IND TO OMGPR-F-PRICER-ERROR GO TO 0020-EXIT-PRICER END-EVALUATE,"EXEC SQL FETCH FROM ACT_VEN_CSR INTO :CUG12-I-BUY-GROUP, :CUG12-S-BG-MEMBER, :CUG12-D-AC-VN-BG-OVR-EXP :CUG12-D-AC-VN-BG-OVR-EXP-NI, :CUG12-C-OVERRIDE-TYPE END-EXEC."
246,A6U01.CBL,9115-SQL-CLOSE-ACT-010,20803,20805,CLOSE_CURSOR,ACT_VEN_CSR,,,,,,,,,,,,Y,2,,NOT =+0,Y, IF SQLCODE NOT = +0 MOVE 'CLOSE CURSOR' TO WS-DB-OPERATION MOVE 'ACT VND ' TO WS-DB-NAME MOVE SQLCODE TO WS-DB-RETURN-CODE MOVE 'DB ERROR' TO WS-DB-STATUS-MSG MOVE 154 TO WS-DB-ERROR-NBR OMGPR-Q-ERROR-NBR MOVE WS-DB2-FATAL-ERROR-IND TO OMGPR-Q-ERROR-CODE MOVE WS-DB-OPERATION-MSG TO OMGPR-ERROR-MESSAGE MOVE WS-YES-IND TO OMGPR-F-PRICER-ERROR GO TO 0020-EXIT-PRICER END-IF.,EXEC SQL CLOSE ACT_VEN_CSR END-EXEC.
247,A6U01.CBL,9120-SQL-CLOSE-A6Z01-010,20812,20814,CLOSE_CURSOR,A6Z01_C_CUG07,,,,,,,,,,,,Y,2,,NOT =+0,Y, PERFORM 9125-SQL-OPEN-A6Z01-010 THRU IF SQLCODE NOT = +0 MOVE 'OPEN CURSOR' TO WS-DB-OPERATION MOVE 'CUG07' TO WS-DB-NAME MOVE SQLCODE TO WS-DB-RETURN-CODE MOVE 'DB ERROR' TO WS-DB-STATUS-MSG MOVE 15 TO WS-DB-ERROR-NBR OMGPR-Q-ERROR-NBR MOVE WS-DB2-FATAL-ERROR-IND TO OMGPR-Q-ERROR-CODE MOVE WS-DB-OPERATION-MSG TO OMGPR-ERROR-MESSAGE MOVE WS-YES-IND TO OMGPR-F-PRICER-ERROR GO TO 0020-EXIT-PRICER END-IF.,EXEC SQL CLOSE A6Z01_C_CUG07 END-EXEC.
248,A6U01.CBL,9125-SQL-OPEN-A6Z01-010,20821,20823,OPEN_CURSOR,A6Z01_C_CUG07,,,,,,,,,,,,Y,2,,NOT =+0,Y, IF SQLCODE NOT = +0 MOVE 'OPEN CURSOR' TO WS-DB-OPERATION MOVE 'CUG07' TO WS-DB-NAME MOVE SQLCODE TO WS-DB-RETURN-CODE MOVE 'DB ERROR' TO WS-DB-STATUS-MSG MOVE 15 TO WS-DB-ERROR-NBR OMGPR-Q-ERROR-NBR MOVE WS-DB2-FATAL-ERROR-IND TO OMGPR-Q-ERROR-CODE MOVE WS-DB-OPERATION-MSG TO OMGPR-ERROR-MESSAGE MOVE WS-YES-IND TO OMGPR-F-PRICER-ERROR GO TO 0020-EXIT-PRICER END-IF.,EXEC SQL OPEN A6Z01_C_CUG07 END-EXEC.
249,A6U01.CBL,9130-SQL-FETCH-FROM-A6Z01-010,20830,20837,FETCH_CURSOR,A6Z01_C_CUG07,,,,,,,CUG07-D-BG-TIER-START;CUG07-I-BUY-GROUP;CUG07-Q-CUST-BG-PRIORITY;CUG07-Q-PREF-TIER-LEVEL;CUG07-S-BG-MEMBER,,,,,Y,2,+0;+100;OTHER,,Y, 9130-EXIT EVALUATE SQLCODE WHEN +0 CONTINUE WHEN +100 MOVE 'Y' TO WS-F-CUST-PRI-FOUND WHEN OTHER MOVE 'FETCH' TO WS-DB-OPERATION MOVE 'CUG07' TO WS-DB-NAME MOVE SQLCODE TO WS-DB-RETURN-CODE MOVE 'DB ERROR' TO WS-DB-STATUS-MSG MOVE 16 TO WS-DB-ERROR-NBR OMGPR-Q-ERROR-NBR MOVE WS-DB2-FATAL-ERROR-IND TO OMGPR-Q-ERROR-CODE MOVE WS-DB-OPERATION-MSG TO OMGPR-ERROR-MESSAGE MOVE WS-YES-IND TO OMGPR-F-PRICER-ERROR GO TO 0020-EXIT-PRICER END-EVALUATE,"EXEC SQL FETCH FROM A6Z01_C_CUG07 INTO :CUG07-I-BUY-GROUP, :CUG07-S-BG-MEMBER, :CUG07-Q-CUST-BG-PRIORITY, :CUG07-Q-PREF-TIER-LEVEL, :CUG07-D-BG-TIER-START END-EXEC."
250,A6U01.CBL,9135-SQL-OPEN-CUS-010,20844,20846,OPEN_CURSOR,CUS_PRD_CAT_CSR,,,,,,,,,,,,Y,2,,NOT =+0,Y, IF SQLCODE NOT = +0 MOVE 'OPEN CURSOR' TO WS-DB-OPERATION MOVE 'CUS VND CAT' TO WS-DB-NAME MOVE SQLCODE TO WS-DB-RETURN-CODE MOVE 'DB ERROR' TO WS-DB-STATUS-MSG MOVE 155 TO WS-DB-ERROR-NBR OMGPR-Q-ERROR-NBR MOVE WS-DB2-FATAL-ERROR-IND TO OMGPR-Q-ERROR-CODE MOVE WS-DB-OPERATION-MSG TO OMGPR-ERROR-MESSAGE MOVE WS-YES-IND TO OMGPR-F-PRICER-ERROR GO TO 0020-EXIT-PRICER END-IF.,EXEC SQL OPEN CUS_PRD_CAT_CSR END-EXEC.
251,A6U01.CBL,9140-SQL-FETCH-FROM-CUS-010,20853,20860,FETCH_CURSOR,CUS_PRD_CAT_CSR,,,,,,,CUG09-C-OVERRIDE-TYPE;CUG09-D-CU-CA-BG-OVR-EXP;CUG09-D-CU-CA-BG-OVR-EXP-NI;CUG09-I-BUY-GROUP;CUG09-S-BG-MEMBER,,,,,Y,2,+0;+100;OTHER,,Y, 9140-EXIT EVALUATE SQLCODE WHEN +0 CONTINUE WHEN +100 CONTINUE WHEN OTHER MOVE 'SELECT' TO WS-DB-OPERATION MOVE 'CUG09' TO WS-DB-NAME MOVE SQLCODE TO WS-DB-RETURN-CODE MOVE 'DB ERROR' TO WS-DB-STATUS-MSG MOVE 156 TO WS-DB-ERROR-NBR OMGPR-Q-ERROR-NBR MOVE WS-DB2-FATAL-ERROR-IND TO OMGPR-Q-ERROR-CODE MOVE WS-DB-OPERATION-MSG TO OMGPR-ERROR-MESSAGE MOVE WS-YES-IND TO OMGPR-F-PRICER-ERROR GO TO 0020-EXIT-PRICER END-EVALUATE,"EXEC SQL FETCH FROM CUS_PRD_CAT_CSR INTO :CUG09-I-BUY-GROUP, :CUG09-S-BG-MEMBER, :CUG09-D-CU-CA-BG-OVR-EXP :CUG09-D-CU-CA-BG-OVR-EXP-NI, :CUG09-C-OVERRIDE-TYPE END-EXEC."
252,A6U01.CBL,9145-SQL-CLOSE-CUS-010,20867,20869,CLOSE_CURSOR,CUS_PRD_CAT_CSR,,,,,,,,,,,,Y,2,,NOT =+0,Y, IF SQLCODE NOT = +0 MOVE 'CLOSE CURSOR' TO WS-DB-OPERATION MOVE 'ACT VND CAT' TO WS-DB-NAME MOVE SQLCODE TO WS-DB-RETURN-CODE MOVE 'DB ERROR' TO WS-DB-STATUS-MSG MOVE 157 TO WS-DB-ERROR-NBR OMGPR-Q-ERROR-NBR MOVE WS-DB2-FATAL-ERROR-IND TO OMGPR-Q-ERROR-CODE MOVE WS-DB-OPERATION-MSG TO OMGPR-ERROR-MESSAGE MOVE WS-YES-IND TO OMGPR-F-PRICER-ERROR GO TO 0020-EXIT-PRICER END-IF.,EXEC SQL CLOSE CUS_PRD_CAT_CSR END-EXEC.
253,A6U01.CBL,9150-SQL-OPEN-CUS-010,20876,20878,OPEN_CURSOR,CUS_VEN_CSR,,,,,,,,,,,,Y,2,,NOT =+0,Y, IF SQLCODE NOT = +0 MOVE 'OPEN CURSOR' TO WS-DB-OPERATION MOVE 'CUS VND ' TO WS-DB-NAME MOVE SQLCODE TO WS-DB-RETURN-CODE MOVE 'DB ERROR' TO WS-DB-STATUS-MSG MOVE 158 TO WS-DB-ERROR-NBR OMGPR-Q-ERROR-NBR MOVE WS-DB2-FATAL-ERROR-IND TO OMGPR-Q-ERROR-CODE MOVE WS-DB-OPERATION-MSG TO OMGPR-ERROR-MESSAGE MOVE WS-YES-IND TO OMGPR-F-PRICER-ERROR GO TO 0020-EXIT-PRICER END-IF.,EXEC SQL OPEN CUS_VEN_CSR END-EXEC.
254,A6U01.CBL,9155-SQL-FETCH-FROM-CUS-010,20885,20892,FETCH_CURSOR,CUS_VEN_CSR,,,,,,,CUG08-C-OVERRIDE-TYPE;CUG08-D-CU-VN-BG-OVR-EXP;CUG08-D-CU-VN-BG-OVR-EXP-NI;CUG08-I-BUY-GROUP;CUG08-S-BG-MEMBER,,,,,Y,2,+0;+100;OTHER,,Y, 9155-EXIT EVALUATE SQLCODE WHEN +0 CONTINUE WHEN +100 CONTINUE WHEN OTHER MOVE 'SELECT' TO WS-DB-OPERATION MOVE 'CUG08' TO WS-DB-NAME MOVE SQLCODE TO WS-DB-RETURN-CODE MOVE 'DB ERROR' TO WS-DB-STATUS-MSG MOVE 158 TO WS-DB-ERROR-NBR OMGPR-Q-ERROR-NBR MOVE WS-DB2-FATAL-ERROR-IND TO OMGPR-Q-ERROR-CODE MOVE WS-DB-OPERATION-MSG TO OMGPR-ERROR-MESSAGE MOVE WS-YES-IND TO OMGPR-F-PRICER-ERROR GO TO 0020-EXIT-PRICER END-EVALUATE,"EXEC SQL FETCH FROM CUS_VEN_CSR INTO :CUG08-I-BUY-GROUP, :CUG08-S-BG-MEMBER, :CUG08-D-CU-VN-BG-OVR-EXP :CUG08-D-CU-VN-BG-OVR-EXP-NI, :CUG08-C-OVERRIDE-TYPE END-EXEC."
255,A6U01.CBL,9160-SQL-CLOSE-CUS-010,20899,20901,CLOSE_CURSOR,CUS_VEN_CSR,,,,,,,,,,,,Y,2,,NOT =+0,Y, IF SQLCODE NOT = +0 MOVE 'CLOSE CURSOR' TO WS-DB-OPERATION MOVE 'ACT VND ' TO WS-DB-NAME MOVE SQLCODE TO WS-DB-RETURN-CODE MOVE 'DB ERROR' TO WS-DB-STATUS-MSG MOVE 159 TO WS-DB-ERROR-NBR OMGPR-Q-ERROR-NBR MOVE WS-DB2-FATAL-ERROR-IND TO OMGPR-Q-ERROR-CODE MOVE WS-DB-OPERATION-MSG TO OMGPR-ERROR-MESSAGE MOVE WS-YES-IND TO OMGPR-F-PRICER-ERROR GO TO 0020-EXIT-PRICER END-IF.,EXEC SQL CLOSE CUS_VEN_CSR END-EXEC.
256,A6U01.CBL,9165-SQL-CLOSE-MIN-010,20908,20910,CLOSE_CURSOR,MIN_GRP_CONT,,,,,,,,,,,,,0,,,,,EXEC SQL CLOSE MIN_GRP_CONT END-EXEC.
257,A6U01.CBL,9170-SQL-CLOSE-MIN-010,20917,20919,CLOSE_CURSOR,MIN_GRP,,,,,,,,,,,,Y,2,,NOT =+0,Y, 9170-EXIT END-IF. IF SQLCODE NOT = +0 MOVE 'CLOSE CURSOR' TO WS-DB-OPERATION MOVE 'GRP CONT MIN' TO WS-DB-NAME MOVE SQLCODE TO WS-DB-RETURN-CODE MOVE 'DB ERROR' TO WS-DB-STATUS-MSG MOVE 29 TO WS-DB-ERROR-NBR OMGPR-Q-ERROR-NBR MOVE WS-DB2-FATAL-ERROR-IND TO OMGPR-Q-ERROR-CODE MOVE WS-DB-OPERATION-MSG TO OMGPR-ERROR-MESSAGE MOVE WS-YES-IND TO OMGPR-F-PRICER-ERROR GO TO 0020-EXIT-PRICER END-IF.,EXEC SQL CLOSE MIN_GRP END-EXEC.
258,A6U01.CBL,9175-SQL-OPEN-MIN-010,20926,20928,OPEN_CURSOR,MIN_GRP_CONT,,,,,,,,,,,,,0,,,,,EXEC SQL OPEN MIN_GRP_CONT END-EXEC.
259,A6U01.CBL,9180-SQL-OPEN-MIN-010,20935,20937,OPEN_CURSOR,MIN_GRP,,,,,,,,,,,,Y,2,,NOT =+0,Y, 9180-EXIT END-IF. IF SQLCODE NOT = +0 MOVE 'OPEN CURSOR' TO WS-DB-OPERATION MOVE 'GRP CONT MIN' TO WS-DB-NAME MOVE SQLCODE TO WS-DB-RETURN-CODE MOVE 'DB ERROR' TO WS-DB-STATUS-MSG MOVE 27 TO WS-DB-ERROR-NBR OMGPR-Q-ERROR-NBR MOVE WS-DB2-FATAL-ERROR-IND TO OMGPR-Q-ERROR-CODE MOVE WS-DB-OPERATION-MSG TO OMGPR-ERROR-MESSAGE MOVE WS-YES-IND TO OMGPR-F-PRICER-ERROR GO TO 0020-EXIT-PRICER END-IF.,EXEC SQL OPEN MIN_GRP END-EXEC.
260,A6U01.CBL,9185-SQL-FETCH-FROM-MIN-010,20944,20952,FETCH_CURSOR,MIN_GRP_CONT,,,,,,,CCG01-I-CONTRACT;CCG03-A-CNT-LN-UNIT-COST;CCG03-C-CNT-LN-UM;CCG05-F-CNT-PRIORITY;CCG05-F-GRP-CNT-ELIG-LIS,,,,,,0,,,,,"EXEC SQL FETCH FROM MIN_GRP_CONT INTO :CCG01-I-CONTRACT, :CCG03-C-CNT-LN-UM, :CCG03-A-CNT-LN-UNIT-COST, :CCG05-F-GRP-CNT-ELIG-LIS, :CCG05-F-CNT-PRIORITY END-EXEC."
261,A6U01.CBL,9190-SQL-FETCH-FROM-MIN-010,20959,20967,FETCH_CURSOR,MIN_GRP,,,,,,,CCG01-I-CONTRACT;CCG03-A-CNT-LN-UNIT-COST;CCG03-C-CNT-LN-UM;CCG05-F-CNT-PRIORITY;CCG05-F-GRP-CNT-ELIG-LIS,,,,,Y,2,+0;+100;OTHER,,Y, 9190-EXIT END-IF EVALUATE SQLCODE WHEN +0 IF OMGPR-ACT-CNT-EXCL-ABSENT MOVE 'N' TO OMGPR-F-CONT-EXCL-SW WS-COST-CONT-EXCLUDED-SW ELSE PERFORM 7360-VERIFY-FOR-EXCL THRU 7360-EXIT END-IF IF WS-COST-CONT-EXCLUDED CONTINUE ELSE PERFORM 0362-VERIFY-ELIGIBILITY THRU 0362-EXIT END-IF WHEN +100 MOVE 'Y' TO WS-NOMORE-CONTRACTS-SW IF WS-PRIORITY-I-CONTRACT > ZEROES MOVE WS-PRIORITY-I-CONTRACT TO OMGPR-I-CONTRACT MOVE WS-PRIORITY-LN-UNIT-COST TO OMGPR-A-CNT-LN-UNIT-COST END-IF WHEN OTHER MOVE 'FETCH' TO W,"EXEC SQL FETCH FROM MIN_GRP INTO :CCG01-I-CONTRACT, :CCG03-C-CNT-LN-UM, :CCG03-A-CNT-LN-UNIT-COST, :CCG05-F-GRP-CNT-ELIG-LIS, :CCG05-F-CNT-PRIORITY END-EXEC."
262,A6U01.CBL,9195-SQL-SELECT-010,20974,20991,SELECT,,,ING01,ING01,I_DIVISION = :OMGPR-I-DIVISION AND I_VENDOR = :OMGPR-I-VENDOR AND I_VND_PRODUCT = :OMGPR-I-VND-PRODUCT,,ING01-A-DIV-INV-FREIGHT;ING01-C-DIV-INV-PRC-LVL;ING01-C-INV-CLASS;ING01-C-INV-SUB-CLASS;ING01-F-STOCK-ITEM,ING01-A-DIV-INV-FREIGHT;ING01-C-DIV-INV-PRC-LVL;ING01-C-INV-CLASS;ING01-C-INV-SUB-CLASS;ING01-F-STOCK-ITEM;OMGPR-I-DIVISION;OMGPR-I-VENDOR;OMGPR-I-VND-PRODUCT,,,,,Y,2,+0;+100;OTHER,,Y, EVALUATE SQLCODE WHEN +0 MOVE ING01-C-INV-CLASS TO OMGPR-C-INV-CLASS MOVE ING01-C-DIV-INV-PRC-LVL TO VNG03-C-VND-PRC-LEVEL PERFORM 7105-SEL-PRC-LST-010 THRU 7105-EXIT WHEN +100 MOVE WS-NO-IND TO ING01-F-STOCK-ITEM PERFORM 7575-SEL-MAX-PRCLST-010 THRU 7575-EXIT WHEN OTHER MOVE 'SELECT' TO WS-DB-OPERATION MOVE 'ING01' TO WS-DB-NAME MOVE SQLCODE TO WS-DB-RETURN-CODE MOVE 'DB ERROR' TO WS-DB-STATUS-MSG MOVE 23 TO WS-DB-ERROR-NBR OMGPR-Q-ERROR-NBR MOVE WS-DB2-FATAL-ERROR-IND TO OMGPR-Q-ERROR-CODE MO,"EXEC SQL SELECT ING01.C_DIV_INV_PRC_LVL, ING01.F_STOCK_ITEM, ING01.A_DIV_INV_FREIGHT, ING01.C_INV_CLASS, ING01.C_INV_SUB_CLASS INTO :ING01-C-DIV-INV-PRC-LVL, :ING01-F-STOCK-ITEM, :ING01-A-DIV-INV-FREIGHT, :ING01-C-INV-CLASS, :ING01-C-INV-SUB-CLASS FROM ING01 WHERE I_DIVISION = :OMGPR-I-DIVISION AND I_VENDOR = :OMGPR-I-VENDOR AND I_VND_PRODUCT = :OMGPR-I-VND-PRODUCT END-EXEC."
263,A6U01.CBL,9200-SQL-SELECT-010,20998,21034,SELECT,,,VNG03,VNG03,"I_VENDOR = :OMGPR-I-VENDOR AND I_VND_PRODUCT = :OMGPR-I-VND-PRODUCT AND C_VND_PRC_LEVEL = :VNG03-C-VND-PRC-LEVEL AND D_VND_PRC_LIST_EFF = ( SELECT CONVERT(CHAR(10),MAX(D_VND_PRC_LIST_EFF),101) FROM VNG03 WHERE I_VENDOR = :OMGPR-I-VENDOR AND I_VND_PRODUCT = :OMGPR-I-VND-PRODUCT AND C_VND_PRC_LEVEL = :VNG03-C-VND-PRC-LEVEL AND D_VND_PRC_ACTIVE <= :WS-CURRENT-DB2-DATE AND (D_VND_PRC_EXPIRE >= :WS-CURRENT-DB2-DATE OR D_VND_PRC_EXPIRE IS NULL))",,VNG03-A-VND-PRC-ACQ-COST;VNG03-A-VND-PRC-BEST-QTY;VNG03-A-VND-PRC-DEALER;VNG03-A-VND-PRC-LST-DOC;VNG03-A-VND-PRC-LST-HOSP;VNG03-C-VND-PRC-UM;VNG03-D-VND-PRC-ACTIVE;VNG03-D-VND-PRC-EXPIRE;VNG03-D-VND-PRC-EXPIRE-NI;VNG03-D-VND-PRC-LIST-EFF,OMGPR-I-VENDOR;OMGPR-I-VND-PRODUCT;VNG03-A-VND-PRC-ACQ-COST;VNG03-A-VND-PRC-BEST-QTY;VNG03-A-VND-PRC-DEALER;VNG03-A-VND-PRC-LST-DOC;VNG03-A-VND-PRC-LST-HOSP;VNG03-C-VND-PRC-LEVEL;VNG03-C-VND-PRC-UM;VNG03-D-VND-PRC-ACTIVE;VNG03-D-VND-PRC-EXPIRE;VNG03-D-VND-PRC-EXPIRE-NI;VNG03-D-VND-PRC-LIST-EFF;WS-CURRENT-DB2-DATE,,,Y,,Y,2,+0;+100;OTHER,,Y, EVALUATE SQLCODE WHEN +0 CONTINUE WHEN +100 PERFORM 7575-SEL-MAX-PRCLST-010 THRU 7575-EXIT WHEN OTHER MOVE 'SELECT' TO WS-DB-OPERATION MOVE 'VNG03' TO WS-DB-NAME MOVE SQLCODE TO WS-DB-RETURN-CODE MOVE 'DB ERROR' TO WS-DB-STATUS-MSG MOVE 45 TO WS-DB-ERROR-NBR OMGPR-Q-ERROR-NBR MOVE WS-DB2-FATAL-ERROR-IND TO OMGPR-Q-ERROR-CODE MOVE WS-DB-OPERATION-MSG TO OMGPR-ERROR-MESSAGE MOVE WS-YES-IND TO OMGPR-F-PRICER-ERROR GO TO 0020-EXIT-PRICER END-EVALUATE.,"EXEC SQL SELECT VNG03.C_VND_PRC_UM, CONVERT(CHAR(10),VNG03.D_VND_PRC_LIST_EFF,101), CONVERT(CHAR(10),VNG03.D_VND_PRC_ACTIVE,101), CONVERT(CHAR(10),VNG03.D_VND_PRC_EXPIRE,101), VNG03.A_VND_PRC_DEALER, VNG03.A_VND_PRC_ACQ_COST, VNG03.A_VND_PRC_BEST_QTY, VNG03.A_VND_PRC_LST_HOSP, VNG03.A_VND_PRC_LST_DOC INTO :VNG03-C-VND-PRC-UM, :VNG03-D-VND-PRC-LIST-EFF, :VNG03-D-VND-PRC-ACTIVE, :VNG03-D-VND-PRC-EXPIRE :VNG03-D-VND-PRC-EXPIRE-NI, :VNG03-A-VND-PRC-DEALER, :VNG03-A-VND-PRC-ACQ-COST, :VNG03-A-VND-PRC-BEST-QTY, :VNG03-A-VND-PRC-LST-HOSP, :VNG03-A-VND-PRC-LST-DOC FROM VNG03 WHERE I_VENDOR = :OMGPR-I-VENDOR AND I_VND_PRODUCT = :OMGPR-I-VND-PRODUCT AND C_VND_PRC_LEVEL = :VNG03-C-VND-PRC-LEVEL AND D_VND_PRC_LIST_EFF = ( SELECT CONVERT(CHAR(10),MAX(D_VND_PRC_LIST_EFF),101) FROM VNG03 WHERE I_VENDOR = :OMGPR-I-VENDOR AND I_VND_PRODUCT = :OMGPR-I-VND-PRODUCT AND C_VND_PRC_LEVEL = :VNG03-C-VND-PRC-LEVEL AND D_VND_PRC_ACTIVE <= :WS-CURRENT-DB2-DATE AND (D_VND_PRC_EXPIRE >= :WS-CURRENT-DB2-DATE OR D_VND_PRC_EXPIRE IS NULL)) END-EXEC."
264,A6U01.CBL,9205-SQL-SELECT-010,21041,21059,SELECT,,,SAG10,SAG10,SAG10.I_BAS_SELL = :SAG10-I-BAS-SELL AND SAG10.D_SELL_START <= :WS-CURRENT-DB2-DATE AND (SAG10.D_SELL_EXPIRE >= :WS-CURRENT-DB2-DATE OR SAG10.D_SELL_EXPIRE IS NULL),,SAG10-C-SELL-PRC-METHOD;SAG10-D-SELL-EXPIRE;SAG10-D-SELL-EXPIRE-NI;SAG10-D-SELL-START;SAG10-I-BAS-SELL;SAG10-T-SELL-COMMENT,SAG10-C-SELL-PRC-METHOD;SAG10-D-SELL-EXPIRE;SAG10-D-SELL-EXPIRE-NI;SAG10-D-SELL-START;SAG10-I-BAS-SELL;SAG10-T-SELL-COMMENT;WS-CURRENT-DB2-DATE,,,Y,,Y,2,+0;OTHER,,Y, EVALUATE SQLCODE WHEN +0 MOVE WS-YES-IND TO WS-F-SELL-ARR-FND MOVE SAG10-I-BAS-SELL TO OMGPR-I-BAS-SELL MOVE SAG05-D-SELL-ARR-EFF TO OMGPR-D-BAS-SELL-EFF IF SAG10-T-SELL-COMMENT > SPACES MOVE SAG10-T-SELL-COMMENT TO OMGPR-T-SELL-COMMENT END-IF MOVE SAG10-C-SELL-PRC-METHOD TO OMGPR-PRICING-METHOD WS-C-SELL-PRC-METHOD IF SAG10-D-SELL-EXPIRE-NI NOT = -1 MOVE SAG10-D-SELL-EXPIRE TO WS-PRICE-EXP-DATE PERFORM 7695-ADD-EXP-DATE-ARRA-010 THRU 7695-EXIT END-IF EVALUATE OMGPR-PRICING-METHOD WHEN '1' MOVE,"EXEC SQL SELECT SAG10.I_BAS_SELL, CONVERT(CHAR(10),SAG10.D_SELL_START,101), SAG10.T_SELL_COMMENT, SAG10.C_SELL_PRC_METHOD, CONVERT(CHAR(10),SAG10.D_SELL_EXPIRE,101) INTO :SAG10-I-BAS-SELL, :SAG10-D-SELL-START, :SAG10-T-SELL-COMMENT, :SAG10-C-SELL-PRC-METHOD, :SAG10-D-SELL-EXPIRE :SAG10-D-SELL-EXPIRE-NI FROM SAG10 WHERE SAG10.I_BAS_SELL = :SAG10-I-BAS-SELL AND SAG10.D_SELL_START <= :WS-CURRENT-DB2-DATE AND (SAG10.D_SELL_EXPIRE >= :WS-CURRENT-DB2-DATE OR SAG10.D_SELL_EXPIRE IS NULL) END-EXEC."
265,A6U01.CBL,9210-SQL-SELECT-010,21066,21083,SELECT,,,SAG04,SAG04,SAG04.I_BAS_SELL = :SAG04-I-BAS-SELL AND SAG04.I_VENDOR = :OMGPR-I-VENDOR AND SAG04.D_SELL_START <= :WS-CURRENT-DB2-DATE AND (SAG04.D_SELL_EXPIRE >= :WS-CURRENT-DB2-DATE OR SAG04.D_SELL_EXPIRE IS NULL),,SAG04-C-SELL-PRC-METHOD;SAG04-D-SELL-EXPIRE;SAG04-D-SELL-EXPIRE-NI;SAG04-D-SELL-START;SAG04-T-SELL-COMMENT,OMGPR-I-VENDOR;SAG04-C-SELL-PRC-METHOD;SAG04-D-SELL-EXPIRE;SAG04-D-SELL-EXPIRE-NI;SAG04-D-SELL-START;SAG04-I-BAS-SELL;SAG04-T-SELL-COMMENT;WS-CURRENT-DB2-DATE,,,Y,,Y,2,+0;OTHER,,Y, EVALUATE SQLCODE WHEN +0 MOVE WS-YES-IND TO WS-F-SELL-ARR-FND MOVE SAG05-D-SELL-ARR-EFF TO OMGPR-D-BAS-SELL-EFF IF SAG04-T-SELL-COMMENT > SPACES MOVE SAG04-T-SELL-COMMENT TO OMGPR-T-SELL-COMMENT END-IF MOVE SAG04-C-SELL-PRC-METHOD TO OMGPR-PRICING-METHOD WS-C-SELL-PRC-METHOD IF SAG04-D-SELL-EXPIRE-NI NOT = -1 MOVE SAG04-D-SELL-EXPIRE TO WS-PRICE-EXP-DATE PERFORM 7695-ADD-EXP-DATE-ARRA-010 THRU 7695-EXIT END-IF EVALUATE OMGPR-PRICING-METHOD WHEN '1' MOVE SAG04-D-SELL-START TO SAG13-D-SELL-START ,"EXEC SQL SELECT CONVERT(CHAR(10),SAG04.D_SELL_START,101), SAG04.T_SELL_COMMENT, SAG04.C_SELL_PRC_METHOD, CONVERT(CHAR(10),SAG04.D_SELL_EXPIRE,101) INTO :SAG04-D-SELL-START, :SAG04-T-SELL-COMMENT, :SAG04-C-SELL-PRC-METHOD, :SAG04-D-SELL-EXPIRE :SAG04-D-SELL-EXPIRE-NI FROM SAG04 WHERE SAG04.I_BAS_SELL = :SAG04-I-BAS-SELL AND SAG04.I_VENDOR = :OMGPR-I-VENDOR AND SAG04.D_SELL_START <= :WS-CURRENT-DB2-DATE AND (SAG04.D_SELL_EXPIRE >= :WS-CURRENT-DB2-DATE OR SAG04.D_SELL_EXPIRE IS NULL) END-EXEC."
266,A6U01.CBL,9215-SQL-SELECT-010,21090,21108,SELECT,,,SAG06,SAG06,SAG06.I_BAS_SELL = :SAG06-I-BAS-SELL AND SAG06.I_VENDOR = :OMGPR-I-VENDOR AND SAG06.S_PROD_CATEGORY = :OMGPR-S-PROD-CATEGORY AND SAG06.D_SELL_START <= :WS-CURRENT-DB2-DATE AND (SAG06.D_SELL_EXPIRE >= :WS-CURRENT-DB2-DATE OR SAG06.D_SELL_EXPIRE IS NULL),,SAG06-C-SELL-PRC-METHOD;SAG06-D-SELL-EXPIRE;SAG06-D-SELL-EXPIRE-NI;SAG06-D-SELL-START;SAG06-T-SELL-COMMENT,OMGPR-I-VENDOR;OMGPR-S-PROD-CATEGORY;SAG06-C-SELL-PRC-METHOD;SAG06-D-SELL-EXPIRE;SAG06-D-SELL-EXPIRE-NI;SAG06-D-SELL-START;SAG06-I-BAS-SELL;SAG06-T-SELL-COMMENT;WS-CURRENT-DB2-DATE,,,Y,,Y,2,+0;OTHER,,Y, EVALUATE SQLCODE WHEN +0 MOVE WS-YES-IND TO WS-F-SELL-ARR-FND MOVE SAG05-D-SELL-ARR-EFF TO OMGPR-D-BAS-SELL-EFF IF SAG06-T-SELL-COMMENT > SPACES MOVE SAG06-T-SELL-COMMENT TO OMGPR-T-SELL-COMMENT END-IF MOVE SAG06-C-SELL-PRC-METHOD TO OMGPR-PRICING-METHOD WS-C-SELL-PRC-METHOD IF SAG06-D-SELL-EXPIRE-NI NOT = -1 MOVE SAG06-D-SELL-EXPIRE TO WS-PRICE-EXP-DATE PERFORM 7695-ADD-EXP-DATE-ARRA-010 THRU 7695-EXIT END-IF EVALUATE OMGPR-PRICING-METHOD WHEN '1' MOVE SAG06-D-SELL-START TO SAG16-D-SELL-START ,"EXEC SQL SELECT CONVERT(CHAR(10),SAG06.D_SELL_START,101), SAG06.T_SELL_COMMENT, SAG06.C_SELL_PRC_METHOD, CONVERT(CHAR(10),SAG06.D_SELL_EXPIRE,101) INTO :SAG06-D-SELL-START, :SAG06-T-SELL-COMMENT, :SAG06-C-SELL-PRC-METHOD, :SAG06-D-SELL-EXPIRE :SAG06-D-SELL-EXPIRE-NI FROM SAG06 WHERE SAG06.I_BAS_SELL = :SAG06-I-BAS-SELL AND SAG06.I_VENDOR = :OMGPR-I-VENDOR AND SAG06.S_PROD_CATEGORY = :OMGPR-S-PROD-CATEGORY AND SAG06.D_SELL_START <= :WS-CURRENT-DB2-DATE AND (SAG06.D_SELL_EXPIRE >= :WS-CURRENT-DB2-DATE OR SAG06.D_SELL_EXPIRE IS NULL) END-EXEC."
267,A6U01.CBL,9220-SQL-SELECT-010,21115,21135,SELECT,,,SAG07,SAG07,SAG07.I_BAS_SELL = :SAG07-I-BAS-SELL AND SAG07.I_VENDOR = :OMGPR-I-VENDOR AND SAG07.I_VND_PRODUCT = :OMGPR-I-VND-PRODUCT AND SAG07.D_SELL_START <= :WS-CURRENT-DB2-DATE AND (SAG07.D_SELL_EXPIRE >= :WS-CURRENT-DB2-DATE OR SAG07.D_SELL_EXPIRE IS NULL),,SAG07-C-SELL-PRC-METHOD;SAG07-D-SELL-EXPIRE;SAG07-D-SELL-EXPIRE-NI;SAG07-D-SELL-START;SAG07-L-SELL-PROD-SEQ;SAG07-T-SELL-COMMENT,OMGPR-I-VENDOR;OMGPR-I-VND-PRODUCT;SAG07-C-SELL-PRC-METHOD;SAG07-D-SELL-EXPIRE;SAG07-D-SELL-EXPIRE-NI;SAG07-D-SELL-START;SAG07-I-BAS-SELL;SAG07-L-SELL-PROD-SEQ;SAG07-T-SELL-COMMENT;WS-CURRENT-DB2-DATE,,,Y,,Y,2,+0;OTHER,,Y, EVALUATE SQLCODE WHEN +0 MOVE WS-YES-IND TO WS-F-SELL-ARR-FND MOVE SAG05-D-SELL-ARR-EFF TO OMGPR-D-BAS-SELL-EFF IF SAG07-T-SELL-COMMENT >= SPACES MOVE SAG07-T-SELL-COMMENT TO OMGPR-T-SELL-COMMENT END-IF MOVE SAG07-C-SELL-PRC-METHOD TO OMGPR-PRICING-METHOD WS-C-SELL-PRC-METHOD IF SAG07-D-SELL-EXPIRE-NI NOT = -1 MOVE SAG07-D-SELL-EXPIRE TO WS-PRICE-EXP-DATE PERFORM 7695-ADD-EXP-DATE-ARRA-010 THRU 7695-EXIT END-IF EVALUATE OMGPR-PRICING-METHOD WHEN '1' MOVE SAG07-D-SELL-START TO SAG23-D-SELL-START,"EXEC SQL SELECT CONVERT(CHAR(10),SAG07.D_SELL_START,101), SAG07.L_SELL_PROD_SEQ, SAG07.T_SELL_COMMENT, SAG07.C_SELL_PRC_METHOD, CONVERT(CHAR(10),SAG07.D_SELL_EXPIRE,101) INTO :SAG07-D-SELL-START, :SAG07-L-SELL-PROD-SEQ, :SAG07-T-SELL-COMMENT, :SAG07-C-SELL-PRC-METHOD, :SAG07-D-SELL-EXPIRE :SAG07-D-SELL-EXPIRE-NI FROM SAG07 WHERE SAG07.I_BAS_SELL = :SAG07-I-BAS-SELL AND SAG07.I_VENDOR = :OMGPR-I-VENDOR AND SAG07.I_VND_PRODUCT = :OMGPR-I-VND-PRODUCT AND SAG07.D_SELL_START <= :WS-CURRENT-DB2-DATE AND (SAG07.D_SELL_EXPIRE >= :WS-CURRENT-DB2-DATE OR SAG07.D_SELL_EXPIRE IS NULL) END-EXEC."
268,A6U01.CBL,9225-SQL-SELECT-010,21142,21159,SELECT,,,SAG08,SAG08,SAG08.I_BAS_SELL = :SAG08-I-BAS-SELL AND SAG08.I_CONTRACT = :OMGPR-I-CONTRACT AND SAG08.D_SELL_START <= :WS-CURRENT-DB2-DATE AND (SAG08.D_SELL_EXPIRE >= :WS-CURRENT-DB2-DATE OR SAG08.D_SELL_EXPIRE IS NULL),,SAG08-C-SELL-PRC-METHOD;SAG08-D-SELL-EXPIRE;SAG08-D-SELL-EXPIRE-NI;SAG08-D-SELL-START;SAG08-T-SELL-COMMENT,OMGPR-I-CONTRACT;SAG08-C-SELL-PRC-METHOD;SAG08-D-SELL-EXPIRE;SAG08-D-SELL-EXPIRE-NI;SAG08-D-SELL-START;SAG08-I-BAS-SELL;SAG08-T-SELL-COMMENT;WS-CURRENT-DB2-DATE,,,Y,,Y,2,+0;OTHER,,Y, EVALUATE SQLCODE WHEN +0 MOVE WS-YES-IND TO WS-F-SELL-ARR-FND MOVE SAG05-D-SELL-ARR-EFF TO OMGPR-D-BAS-SELL-EFF IF SAG08-T-SELL-COMMENT > SPACES MOVE SAG08-T-SELL-COMMENT TO OMGPR-T-SELL-COMMENT END-IF MOVE SAG08-C-SELL-PRC-METHOD TO OMGPR-PRICING-METHOD WS-C-SELL-PRC-METHOD IF SAG08-D-SELL-EXPIRE-NI NOT = -1 MOVE SAG08-D-SELL-EXPIRE TO WS-PRICE-EXP-DATE PERFORM 7695-ADD-EXP-DATE-ARRA-010 THRU 7695-EXIT END-IF EVALUATE OMGPR-PRICING-METHOD WHEN '1' MOVE SAG08-D-SELL-START TO SAG19-D-SELL-START ,"EXEC SQL SELECT CONVERT(CHAR(10),SAG08.D_SELL_START,101), SAG08.T_SELL_COMMENT, SAG08.C_SELL_PRC_METHOD, CONVERT(CHAR(10),SAG08.D_SELL_EXPIRE,101) INTO :SAG08-D-SELL-START, :SAG08-T-SELL-COMMENT, :SAG08-C-SELL-PRC-METHOD, :SAG08-D-SELL-EXPIRE :SAG08-D-SELL-EXPIRE-NI FROM SAG08 WHERE SAG08.I_BAS_SELL = :SAG08-I-BAS-SELL AND SAG08.I_CONTRACT = :OMGPR-I-CONTRACT AND SAG08.D_SELL_START <= :WS-CURRENT-DB2-DATE AND (SAG08.D_SELL_EXPIRE >= :WS-CURRENT-DB2-DATE OR SAG08.D_SELL_EXPIRE IS NULL) END-EXEC."
269,A6U01.CBL,9230-SQL-SELECT-010,21166,21181,SELECT,,,CUG34,CUG34,CUG34.I_ACCOUNT = :OMGPR-I-ACCOUNT AND CUG34.D_ACCT_BG_PRI_EFF = :CUG34-D-ACCT-BG-PRI-EFF AND CUG34.I_BUY_GROUP = :CUG34-I-BUY-GROUP AND CUG34.S_BG_MEMBER = :CUG34-S-BG-MEMBER AND CUG34.I_BUY_GROUP_PARENT = :CUG34-I-BUY-GROUP-PARENT,,CUG34-D-BG-TIER-START;CUG34-Q-PREF-TIER-LEVEL,CUG34-D-ACCT-BG-PRI-EFF;CUG34-D-BG-TIER-START;CUG34-I-BUY-GROUP;CUG34-I-BUY-GROUP-PARENT;CUG34-Q-PREF-TIER-LEVEL;CUG34-S-BG-MEMBER;OMGPR-I-ACCOUNT,,,Y,,Y,2,+0;+100;OTHER,=+0;=+100;=+100,Y," EVALUATE SQLCODE WHEN +0 MOVE CUG34-Q-PREF-TIER-LEVEL TO WS-Q-PREF-TIER-LEVEL MOVE CUG34-D-BG-TIER-START TO WS-D-BG-TIER-START WHEN +100 MOVE BGG03-I-BUY-GROUP-PARENT TO SAG03-I-BUY-GROUP MOVE WS-Q-PREF-TIER-LEVEL TO SAG03-Q-PREF-TIER-LEVEL PERFORM 7680-GET-TIER-START-010 THRU 7680-EXIT IF SQLCODE = +0 CONTINUE ELSE IF SQLCODE = +100 MOVE 1 TO SAG03-Q-PREF-TIER-LEVEL PERFORM 7680-GET-TIER-START-010 THRU 7680-EXIT IF SQLCODE = +100 MOVE 'NO PARENT TIER, DEFAULTING TO CHILD - ' TIER' TO OMGPR-ERR","EXEC SQL SELECT CUG34.Q_PREF_TIER_LEVEL, CONVERT(CHAR(10),CUG34.D_BG_TIER_START,101) INTO :CUG34-Q-PREF-TIER-LEVEL, :CUG34-D-BG-TIER-START FROM CUG34 WHERE CUG34.I_ACCOUNT = :OMGPR-I-ACCOUNT AND CUG34.D_ACCT_BG_PRI_EFF = :CUG34-D-ACCT-BG-PRI-EFF AND CUG34.I_BUY_GROUP = :CUG34-I-BUY-GROUP AND CUG34.S_BG_MEMBER = :CUG34-S-BG-MEMBER AND CUG34.I_BUY_GROUP_PARENT = :CUG34-I-BUY-GROUP-PARENT END-EXEC."
270,A6U01.CBL,9235-SQL-SELECT-010,21188,21203,SELECT,,,CUG33,CUG33,CUG33.I_CUSTOMER = :OMGPR-I-CUSTOMER AND CUG33.D_CUST_BG_PRI_EFF = :CUG33-D-CUST-BG-PRI-EFF AND CUG33.I_BUY_GROUP = :CUG33-I-BUY-GROUP AND CUG33.S_BG_MEMBER = :CUG33-S-BG-MEMBER AND CUG33.I_BUY_GROUP_PARENT = :CUG33-I-BUY-GROUP-PARENT,,CUG33-D-BG-TIER-START;CUG33-Q-PREF-TIER-LEVEL,CUG33-D-BG-TIER-START;CUG33-D-CUST-BG-PRI-EFF;CUG33-I-BUY-GROUP;CUG33-I-BUY-GROUP-PARENT;CUG33-Q-PREF-TIER-LEVEL;CUG33-S-BG-MEMBER;OMGPR-I-CUSTOMER,,,Y,,Y,2,+0;+100;OTHER,=+0;=+100;=+100,Y," EVALUATE SQLCODE WHEN +0 MOVE CUG33-Q-PREF-TIER-LEVEL TO WS-Q-PREF-TIER-LEVEL MOVE CUG33-D-BG-TIER-START TO WS-D-BG-TIER-START WHEN +100 MOVE BGG03-I-BUY-GROUP-PARENT TO SAG03-I-BUY-GROUP MOVE WS-Q-PREF-TIER-LEVEL TO SAG03-Q-PREF-TIER-LEVEL PERFORM 7680-GET-TIER-START-010 THRU 7680-EXIT IF SQLCODE = +0 CONTINUE ELSE IF SQLCODE = +100 MOVE 1 TO SAG03-Q-PREF-TIER-LEVEL PERFORM 7680-GET-TIER-START-010 THRU 7680-EXIT IF SQLCODE = +100 MOVE 'NO PARENT TIER, DEFAULTING TO CHILD - ' TIER' TO OMGPR-ERR","EXEC SQL SELECT CUG33.Q_PREF_TIER_LEVEL, CONVERT(CHAR(10),CUG33.D_BG_TIER_START,101) INTO :CUG33-Q-PREF-TIER-LEVEL, :CUG33-D-BG-TIER-START FROM CUG33 WHERE CUG33.I_CUSTOMER = :OMGPR-I-CUSTOMER AND CUG33.D_CUST_BG_PRI_EFF = :CUG33-D-CUST-BG-PRI-EFF AND CUG33.I_BUY_GROUP = :CUG33-I-BUY-GROUP AND CUG33.S_BG_MEMBER = :CUG33-S-BG-MEMBER AND CUG33.I_BUY_GROUP_PARENT = :CUG33-I-BUY-GROUP-PARENT END-EXEC."
271,A6U01.CBL,9240-SQL-SELECT-010,21210,21225,SELECT,,,CUG19,CUG19,CUG19.I_ACCOUNT = :OMGPR-I-ACCOUNT AND CUG19.D_SPC_USG_VERS_EFF <= :WS-CURRENT-DB2-DATE AND (CUG19.D_SPC_USG_VERS_EXP >= :WS-CURRENT-DB2-DATE OR CUG19.D_SPC_USG_VERS_EXP IS NULL),,CUG19-D-SPC-USG-VERS-EFF;CUG19-D-SPC-USG-VERS-EXP;CUG19-D-SPC-USG-VERS-EXP-NI,CUG19-D-SPC-USG-VERS-EFF;CUG19-D-SPC-USG-VERS-EXP;CUG19-D-SPC-USG-VERS-EXP-NI;OMGPR-I-ACCOUNT;WS-CURRENT-DB2-DATE,,,Y,,Y,2,+0;OTHER,,Y, EVALUATE SQLCODE WHEN +0 MOVE CUG19-D-SPC-USG-VERS-EFF TO CUG18-D-SPC-USG-VERS-EFF PERFORM 7700-SEL-SPEC-ITEM-010 THRU 7700-EXIT WHEN OTHER MOVE 'SELECT' TO WS-DB-OPERATION MOVE 'CUG19' TO WS-DB-NAME MOVE SQLCODE TO WS-DB-RETURN-CODE MOVE 'DB ERROR' TO WS-DB-STATUS-MSG MOVE 62 TO WS-DB-ERROR-NBR OMGPR-Q-ERROR-NBR MOVE WS-DB2-FATAL-ERROR-IND TO OMGPR-Q-ERROR-CODE MOVE WS-DB-OPERATION-MSG TO OMGPR-ERROR-MESSAGE MOVE WS-YES-IND TO OMGPR-F-PRICER-ERROR GO TO 0020-EXIT-PRICER END-EVALUATE.,"EXEC SQL SELECT CONVERT(CHAR(10),CUG19.D_SPC_USG_VERS_EFF,101), CONVERT(CHAR(10),CUG19.D_SPC_USG_VERS_EXP,101) INTO :CUG19-D-SPC-USG-VERS-EFF, :CUG19-D-SPC-USG-VERS-EXP :CUG19-D-SPC-USG-VERS-EXP-NI FROM CUG19 WHERE CUG19.I_ACCOUNT = :OMGPR-I-ACCOUNT AND CUG19.D_SPC_USG_VERS_EFF <= :WS-CURRENT-DB2-DATE AND (CUG19.D_SPC_USG_VERS_EXP >= :WS-CURRENT-DB2-DATE OR CUG19.D_SPC_USG_VERS_EXP IS NULL) END-EXEC."
272,A6U01.CBL,9245-SQL-SELECT-010,21232,21251,SELECT,,,CUG21,CUG21,CUG21.I_CUSTOMER = :OMGPR-I-CUSTOMER AND CUG21.C_INV_CLASS = :OMGPR-C-INV-CLASS AND CUG21.F_APPLY_TO_COST = :CUG21-F-APPLY-TO-COST AND CUG21.D_CUST_INV_CLS_EFF <= :WS-CURRENT-DB2-DATE AND (CUG21.D_CUST_INV_CLS_EXP >= :WS-CURRENT-DB2-DATE OR CUG21.D_CUST_INV_CLS_EXP IS NULL),,CUG21-D-CUST-INV-CLS-EFF;CUG21-D-CUST-INV-CLS-EXP;CUG21-D-CUST-INV-CLS-EXP-NI;CUG21-P-CUST-INV-CLASS,CUG21-D-CUST-INV-CLS-EFF;CUG21-D-CUST-INV-CLS-EXP;CUG21-D-CUST-INV-CLS-EXP-NI;CUG21-F-APPLY-TO-COST;CUG21-P-CUST-INV-CLASS;OMGPR-C-INV-CLASS;OMGPR-I-CUSTOMER;WS-CURRENT-DB2-DATE,,,Y,,Y,2,+0;+100;OTHER,,Y, EVALUATE SQLCODE WHEN +0 MOVE CUG21-D-CUST-INV-CLS-EFF TO CUG22-D-CUST-INV-CLS-EFF PERFORM 7805-SEL-INV-CLS-ITEM-010 THRU 7805-EXIT WHEN +100 CONTINUE WHEN OTHER MOVE 'SELECT' TO WS-DB-OPERATION MOVE 'CUG21' TO WS-DB-NAME MOVE SQLCODE TO WS-DB-RETURN-CODE MOVE 'DB ERROR' TO WS-DB-STATUS-MSG MOVE 61 TO WS-DB-ERROR-NBR OMGPR-Q-ERROR-NBR MOVE WS-DB2-FATAL-ERROR-IND TO OMGPR-Q-ERROR-CODE MOVE WS-DB-OPERATION-MSG TO OMGPR-ERROR-MESSAGE MOVE WS-YES-IND TO OMGPR-F-PRICER-ERROR GO TO 0020-EXIT-PRICER E,"EXEC SQL SELECT CUG21.P_CUST_INV_CLASS, CONVERT(CHAR(10),CUG21.D_CUST_INV_CLS_EFF,101), CONVERT(CHAR(10),CUG21.D_CUST_INV_CLS_EXP,101) INTO :CUG21-P-CUST-INV-CLASS, :CUG21-D-CUST-INV-CLS-EFF, :CUG21-D-CUST-INV-CLS-EXP :CUG21-D-CUST-INV-CLS-EXP-NI FROM CUG21 WHERE CUG21.I_CUSTOMER = :OMGPR-I-CUSTOMER AND CUG21.C_INV_CLASS = :OMGPR-C-INV-CLASS AND CUG21.F_APPLY_TO_COST = :CUG21-F-APPLY-TO-COST AND CUG21.D_CUST_INV_CLS_EFF <= :WS-CURRENT-DB2-DATE AND (CUG21.D_CUST_INV_CLS_EXP >= :WS-CURRENT-DB2-DATE OR CUG21.D_CUST_INV_CLS_EXP IS NULL) END-EXEC."
273,A6U01.CBL,9250-SQL-SELECT-010,21258,21275,SELECT,,,BGG10,BGG10,BGG10.I_BUY_GROUP = :BGG10-I-BUY-GROUP AND BGG10.I_VENDOR = :OMGPR-I-VENDOR AND BGG10.D_INFRT_BG_EFF <= :WS-CURRENT-DB2-DATE AND (BGG10.D_INFRT_BG_EXP >= :WS-CURRENT-DB2-DATE OR BGG10.D_INFRT_BG_EXP IS NULL),,BGG10-D-INFRT-BG-EFF;BGG10-D-INFRT-BG-EXP;BGG10-D-INFRT-BG-EXP-NI;BGG10-F-FRT-BG-FLAG;BGG10-P-INFRT-BG,BGG10-D-INFRT-BG-EFF;BGG10-D-INFRT-BG-EXP;BGG10-D-INFRT-BG-EXP-NI;BGG10-F-FRT-BG-FLAG;BGG10-I-BUY-GROUP;BGG10-P-INFRT-BG;OMGPR-I-VENDOR;WS-CURRENT-DB2-DATE,,,Y,,Y,2,,,, 9250-EXIT END-IF. EVALUATE TRUE WHEN SQLCODE = +0 OR +001 MOVE 'Y' TO WS-IN-FRT-FOUND-SW COMPUTE OMGPR-A-INFRT ROUNDED = OMGPR-A-VND-PRC-DEALER * BGG10-P-INFRT-BG MOVE BGG10-P-INFRT-BG TO OMGPR-P-INFRT-BG MOVE BGG10-I-BUY-GROUP TO OMGPR-I-BUY-GROUP-FRT MOVE WS-FRT-BUY-GROUP-IND TO OMGPR-C-INFRT-TYPE IF OMGPR-F-AA-FRT-IN = 'V' MOVE OMGPR-F-AA-FRT-IN TO WS-APPLY-FRT-CST-SELL-SW ELSE MOVE BGG10-F-FRT-BG-FLAG TO WS-APPLY-FRT-CST-SELL-SW END-IF,"EXEC SQL SELECT BGG10.P_INFRT_BG, CONVERT(CHAR(10),BGG10.D_INFRT_BG_EFF,101), CONVERT(CHAR(10),BGG10.D_INFRT_BG_EXP,101), BGG10.F_FRT_BG_FLAG INTO :BGG10-P-INFRT-BG, :BGG10-D-INFRT-BG-EFF, :BGG10-D-INFRT-BG-EXP :BGG10-D-INFRT-BG-EXP-NI, :BGG10-F-FRT-BG-FLAG FROM BGG10 WHERE BGG10.I_BUY_GROUP = :BGG10-I-BUY-GROUP AND BGG10.I_VENDOR = :OMGPR-I-VENDOR AND BGG10.D_INFRT_BG_EFF <= :WS-CURRENT-DB2-DATE AND (BGG10.D_INFRT_BG_EXP >= :WS-CURRENT-DB2-DATE OR BGG10.D_INFRT_BG_EXP IS NULL) END-EXEC."
274,A6U01.CBL,9255-SQL-CLOSE-A6Z01-010,21282,21284,CLOSE_CURSOR,A6Z01_S_CUG11,,,,,,,,,,,,Y,2,,NOT =+0,Y, PERFORM 9260-SQL-OPEN-A6Z01-010 THRU IF SQLCODE NOT = +0 MOVE 'OPEN CURSOR' TO WS-DB-OPERATION MOVE 'CUG11' TO WS-DB-NAME MOVE SQLCODE TO WS-DB-RETURN-CODE MOVE 'DB ERROR' TO WS-DB-STATUS-MSG MOVE 139 TO WS-DB-ERROR-NBR OMGPR-Q-ERROR-NBR MOVE WS-DB2-FATAL-ERROR-IND TO OMGPR-Q-ERROR-CODE MOVE WS-DB-OPERATION-MSG TO OMGPR-ERROR-MESSAGE MOVE WS-YES-IND TO OMGPR-F-PRICER-ERROR GO TO 0020-EXIT-PRICER END-IF.,EXEC SQL CLOSE A6Z01_S_CUG11 END-EXEC.
275,A6U01.CBL,9260-SQL-OPEN-A6Z01-010,21291,21293,OPEN_CURSOR,A6Z01_S_CUG11,,,,,,,,,,,,Y,2,,NOT =+0,Y, IF SQLCODE NOT = +0 MOVE 'OPEN CURSOR' TO WS-DB-OPERATION MOVE 'CUG11' TO WS-DB-NAME MOVE SQLCODE TO WS-DB-RETURN-CODE MOVE 'DB ERROR' TO WS-DB-STATUS-MSG MOVE 139 TO WS-DB-ERROR-NBR OMGPR-Q-ERROR-NBR MOVE WS-DB2-FATAL-ERROR-IND TO OMGPR-Q-ERROR-CODE MOVE WS-DB-OPERATION-MSG TO OMGPR-ERROR-MESSAGE MOVE WS-YES-IND TO OMGPR-F-PRICER-ERROR GO TO 0020-EXIT-PRICER END-IF.,EXEC SQL OPEN A6Z01_S_CUG11 END-EXEC.
276,A6U01.CBL,9265-SQL-FETCH-FROM-A6Z01-010,21300,21306,FETCH_CURSOR,A6Z01_S_CUG11,,,,,,,BGG01-I-DIVISION;CUG11-I-BUY-GROUP;CUG11-Q-ACCT-BG-PRIORITY;CUG11-S-BG-MEMBER,,,,,Y,2,+0;+100;OTHER,,Y, 9265-EXIT EVALUATE SQLCODE WHEN +0 CONTINUE WHEN +100 MOVE 'Y' TO WS-F-NOMORE-SURCHG WHEN OTHER MOVE 'FETCH' TO WS-DB-OPERATION MOVE 'CUG11' TO WS-DB-NAME MOVE SQLCODE TO WS-DB-RETURN-CODE MOVE 'DB ERROR' TO WS-DB-STATUS-MSG MOVE 140 TO WS-DB-ERROR-NBR OMGPR-Q-ERROR-NBR MOVE WS-DB2-FATAL-ERROR-IND TO OMGPR-Q-ERROR-CODE MOVE WS-DB-OPERATION-MSG TO OMGPR-ERROR-MESSAGE MOVE WS-YES-IND TO OMGPR-F-PRICER-ERROR GO TO 0020-EXIT-PRICER END-EVALUATE,"EXEC SQL FETCH FROM A6Z01_S_CUG11 INTO :CUG11-I-BUY-GROUP, :CUG11-S-BG-MEMBER, :CUG11-Q-ACCT-BG-PRIORITY, :BGG01-I-DIVISION END-EXEC."
277,A6U01.CBL,9270-SQL-CLOSE-A6Z01-010,21313,21315,CLOSE_CURSOR,A6Z01_S_CUG07,,,,,,,,,,,,Y,2,,NOT =+0,Y, PERFORM 9275-SQL-OPEN-A6Z01-010 THRU IF SQLCODE NOT = +0 MOVE 'OPEN CURSOR' TO WS-DB-OPERATION MOVE 'CUG11' TO WS-DB-NAME MOVE SQLCODE TO WS-DB-RETURN-CODE MOVE 'DB ERROR' TO WS-DB-STATUS-MSG MOVE 143 TO WS-DB-ERROR-NBR OMGPR-Q-ERROR-NBR MOVE WS-DB2-FATAL-ERROR-IND TO OMGPR-Q-ERROR-CODE MOVE WS-DB-OPERATION-MSG TO OMGPR-ERROR-MESSAGE MOVE WS-YES-IND TO OMGPR-F-PRICER-ERROR GO TO 0020-EXIT-PRICER END-IF.,EXEC SQL CLOSE A6Z01_S_CUG07 END-EXEC.
278,A6U01.CBL,9275-SQL-OPEN-A6Z01-010,21322,21324,OPEN_CURSOR,A6Z01_S_CUG07,,,,,,,,,,,,Y,2,,NOT =+0,Y, IF SQLCODE NOT = +0 MOVE 'OPEN CURSOR' TO WS-DB-OPERATION MOVE 'CUG11' TO WS-DB-NAME MOVE SQLCODE TO WS-DB-RETURN-CODE MOVE 'DB ERROR' TO WS-DB-STATUS-MSG MOVE 143 TO WS-DB-ERROR-NBR OMGPR-Q-ERROR-NBR MOVE WS-DB2-FATAL-ERROR-IND TO OMGPR-Q-ERROR-CODE MOVE WS-DB-OPERATION-MSG TO OMGPR-ERROR-MESSAGE MOVE WS-YES-IND TO OMGPR-F-PRICER-ERROR GO TO 0020-EXIT-PRICER END-IF.,EXEC SQL OPEN A6Z01_S_CUG07 END-EXEC.
279,A6U01.CBL,9280-SQL-FETCH-FROM-A6Z01-010,21331,21337,FETCH_CURSOR,A6Z01_S_CUG07,,,,,,,BGG01-I-DIVISION;CUG07-I-BUY-GROUP;CUG07-Q-CUST-BG-PRIORITY;CUG07-S-BG-MEMBER,,,,,Y,2,+0;+100;OTHER,,Y, 9280-EXIT EVALUATE SQLCODE WHEN +0 CONTINUE WHEN +100 MOVE 'Y' TO WS-F-NOMORE-SURCHG WHEN OTHER MOVE 'FETCH' TO WS-DB-OPERATION MOVE 'CUG11' TO WS-DB-NAME MOVE SQLCODE TO WS-DB-RETURN-CODE MOVE 'DB ERROR' TO WS-DB-STATUS-MSG MOVE 140 TO WS-DB-ERROR-NBR OMGPR-Q-ERROR-NBR MOVE WS-DB2-FATAL-ERROR-IND TO OMGPR-Q-ERROR-CODE MOVE WS-DB-OPERATION-MSG TO OMGPR-ERROR-MESSAGE MOVE WS-YES-IND TO OMGPR-F-PRICER-ERROR GO TO 0020-EXIT-PRICER END-EVALUATE,"EXEC SQL FETCH FROM A6Z01_S_CUG07 INTO :CUG07-I-BUY-GROUP, :CUG07-S-BG-MEMBER, :CUG07-Q-CUST-BG-PRIORITY, :BGG01-I-DIVISION END-EXEC."
280,A6U01.CBL,9283-SQL-ROW-CNT-010,21344,21382,SELECT,,,CCG03,CCG03,"CCG03.I_VENDOR = :OMGPR-I-VENDOR AND CCG03.I_VND_PRODUCT = :OMGPR-I-VND-PRODUCT AND CCG03.D_CNT_LINE_START <= :WS-CURRENT-DB2-DATE AND (CCG03.D_CNT_LINE_EXPIRE >= :WS-CURRENT-DB2-DATE OR CCG03.D_CNT_LINE_EXPIRE IS NULL) AND EXISTS (SELECT CCG01.I_CONTRACT FROM CCG01, CCG05, CCG10 WHERE CCG01.I_CONTRACT = CCG03.I_CONTRACT AND CCG01.I_CONTRACT = CCG05.I_CONTRACT AND CCG01.I_CONTRACT = CCG10.I_CONTRACT AND CCG01.I_VENDOR = :OMGPR-I-PARENT-VENDOR AND CCG01.C_CNT_TYPE = :WS-WS-CNT-TYPE AND CCG01.F_BYPASS = :WS-WS-NOT-BYPASSED AND CCG01.D_CNT_START <= :WS-CURRENT-DB2-DATE AND CCG01.D_CNT_PROT_END >= :WS-CURRENT-DB2-DATE AND CCG05.I_BUY_GROUP = :CCG05-I-BUY-GROUP AND CCG01.I_VENDOR = CCG10.I_VENDOR AND CCG05.D_GRP_FLG_EFF <= :WS-CURRENT-DB2-DATE AND (CCG05.D_GRP_FLG_EXP >= :WS-CURRENT-DB2-DATE OR CCG05.D_GRP_FLG_EXP IS NULL) AND CCG10.D_GRP_VND_CNT_EFF <= :WS-CURRENT-DB2-DATE AND (CCG10.D_GRP_VND_CNT_EXP >= :WS-CURRENT-DB2-DATE OR CCG10.D_GRP_VND_CNT_EXP IS NULL))",,WS-I-CONTRACT-TEMP,CCG05-I-BUY-GROUP;OMGPR-I-PARENT-VENDOR;OMGPR-I-VENDOR;OMGPR-I-VND-PRODUCT;WS-CURRENT-DB2-DATE;WS-I-CONTRACT-TEMP;WS-WS-CNT-TYPE;WS-WS-NOT-BYPASSED,,,Y,Y,Y,1,+0;100;-811;OTHER,,Y, EVALUATE SQLCODE WHEN +0 MOVE 'N' TO WS-DUP-CONT-EXISTS-SW WHEN 100 MOVE 'N' TO WS-DUP-CONT-EXISTS-SW WHEN -811 MOVE 'Y' TO WS-DUP-CONT-EXISTS-SW WHEN OTHER MOVE 'SELECT' TO WS-DB-OPERATION MOVE 'COUNT' TO WS-DB-NAME MOVE SQLCODE TO WS-DB-RETURN-CODE MOVE 'DB ERROR' TO WS-DB-STATUS-MSG MOVE 890 TO WS-DB-ERROR-NBR OMGPR-Q-ERROR-NBR MOVE WS-DB2-FATAL-ERROR-IND TO OMGPR-Q-ERROR-CODE MOVE WS-DB-OPERATION-MSG TO OMGPR-ERROR-MESSAGE MOVE WS-YES-IND TO OMGPR-F-PRICER-ERROR GO TO 0020-EXIT-PRICER END-E,"EXEC SQL SELECT I_CONTRACT INTO :WS-I-CONTRACT-TEMP FROM CCG03 WHERE CCG03.I_VENDOR = :OMGPR-I-VENDOR AND CCG03.I_VND_PRODUCT = :OMGPR-I-VND-PRODUCT AND CCG03.D_CNT_LINE_START <= :WS-CURRENT-DB2-DATE AND (CCG03.D_CNT_LINE_EXPIRE >= :WS-CURRENT-DB2-DATE OR CCG03.D_CNT_LINE_EXPIRE IS NULL) AND EXISTS (SELECT CCG01.I_CONTRACT FROM CCG01, CCG05, CCG10 WHERE CCG01.I_CONTRACT = CCG03.I_CONTRACT AND CCG01.I_CONTRACT = CCG05.I_CONTRACT AND CCG01.I_CONTRACT = CCG10.I_CONTRACT AND CCG01.I_VENDOR = :OMGPR-I-PARENT-VENDOR AND CCG01.C_CNT_TYPE = :WS-WS-CNT-TYPE AND CCG01.F_BYPASS = :WS-WS-NOT-BYPASSED AND CCG01.D_CNT_START <= :WS-CURRENT-DB2-DATE AND CCG01.D_CNT_PROT_END >= :WS-CURRENT-DB2-DATE AND CCG05.I_BUY_GROUP = :CCG05-I-BUY-GROUP AND CCG01.I_VENDOR = CCG10.I_VENDOR AND CCG05.D_GRP_FLG_EFF <= :WS-CURRENT-DB2-DATE AND (CCG05.D_GRP_FLG_EXP >= :WS-CURRENT-DB2-DATE OR CCG05.D_GRP_FLG_EXP IS NULL) AND CCG10.D_GRP_VND_CNT_EFF <= :WS-CURRENT-DB2-DATE AND (CCG10.D_GRP_VND_CNT_EXP >= :WS-CURRENT-DB2-DATE OR CCG10.D_GRP_VND_CNT_EXP IS NULL)) END-EXEC."
281,A6U01.CBL,9285-SQL-SELECT-010,21411,21464,SELECT,,,"CCG01, CCG03, CCG05, CCG10",CCG01;CCG03;CCG05;CCG10,CCG05.I_BUY_GROUP = :CCG05-I-BUY-GROUP AND CCG01.I_CONTRACT = CCG03.I_CONTRACT AND CCG01.I_CONTRACT = CCG05.I_CONTRACT AND CCG01.I_CONTRACT = CCG10.I_CONTRACT AND CCG01.I_VENDOR = :OMGPR-I-PARENT-VENDOR AND CCG03.I_VENDOR = :OMGPR-I-VENDOR AND CCG01.I_VENDOR = CCG10.I_VENDOR AND CCG01.C_CNT_TYPE = :WS-WS-CNT-TYPE AND CCG01.F_BYPASS = :WS-WS-NOT-BYPASSED AND CCG03.I_VND_PRODUCT = :OMGPR-I-VND-PRODUCT AND CCG01.D_CNT_START <= :WS-CURRENT-DB2-DATE AND CCG01.D_CNT_PROT_END >= :WS-CURRENT-DB2-DATE AND CCG03.D_CNT_LINE_START <= :WS-CURRENT-DB2-DATE AND (CCG03.D_CNT_LINE_EXPIRE >= :WS-CURRENT-DB2-DATE OR CCG03.D_CNT_LINE_EXPIRE IS NULL) AND CCG05.D_GRP_FLG_EFF <= :WS-CURRENT-DB2-DATE AND (CCG05.D_GRP_FLG_EXP >= :WS-CURRENT-DB2-DATE OR CCG05.D_GRP_FLG_EXP IS NULL) AND CCG10.D_GRP_VND_CNT_EFF <= :WS-CURRENT-DB2-DATE AND (CCG10.D_GRP_VND_CNT_EXP >= :WS-CURRENT-DB2-DATE OR CCG10.D_GRP_VND_CNT_EXP IS NULL),,CCG01-C-EXPIRE-MSG;CCG01-C-PROD-CATGRY;CCG01-C-REPLACED-CNT-NBR;CCG01-C-REPLACES-CNT-NBR;CCG01-C-TIER;CCG01-D-RCVD-DATE;CCG01-I-CONTRACT;CCG05-F-CNT-PRIORITY;CCG05-F-GRP-CNT-ELIG-LIS,CCG01-C-EXPIRE-MSG;CCG01-C-PROD-CATGRY;CCG01-C-REPLACED-CNT-NBR;CCG01-C-REPLACES-CNT-NBR;CCG01-C-TIER;CCG01-D-RCVD-DATE;CCG01-I-CONTRACT;CCG05-F-CNT-PRIORITY;CCG05-F-GRP-CNT-ELIG-LIS;CCG05-I-BUY-GROUP;OMGPR-I-PARENT-VENDOR;OMGPR-I-VENDOR;OMGPR-I-VND-PRODUCT;WS-CURRENT-DB2-DATE;WS-WS-CNT-TYPE;WS-WS-NOT-BYPASSED,,,Y,,,0,,,,,"EXEC SQL SELECT CCG01.I_CONTRACT, CCG05.F_GRP_CNT_ELIG_LIS, CCG01.C_PROD_CATGRY, CCG01.C_REPLACES_CNT_NBR, CONVERT(CHAR(10),CCG01.D_RCVD_DATE,101), CCG01.C_EXPIRE_MSG, CCG01.C_TIER, CCG01.C_REPLACED_CNT_NBR, CCG05.F_CNT_PRIORITY INTO :CCG01-I-CONTRACT, :CCG05-F-GRP-CNT-ELIG-LIS, :CCG01-C-PROD-CATGRY, :CCG01-C-REPLACES-CNT-NBR, :CCG01-D-RCVD-DATE, :CCG01-C-EXPIRE-MSG, :CCG01-C-TIER, :CCG01-C-REPLACED-CNT-NBR, :CCG05-F-CNT-PRIORITY FROM CCG01, CCG03, CCG05, CCG10 WHERE CCG05.I_BUY_GROUP = :CCG05-I-BUY-GROUP AND CCG01.I_CONTRACT = CCG03.I_CONTRACT AND CCG01.I_CONTRACT = CCG05.I_CONTRACT AND CCG01.I_CONTRACT = CCG10.I_CONTRACT AND CCG01.I_VENDOR = :OMGPR-I-PARENT-VENDOR AND CCG03.I_VENDOR = :OMGPR-I-VENDOR AND CCG01.I_VENDOR = CCG10.I_VENDOR AND CCG01.C_CNT_TYPE = :WS-WS-CNT-TYPE AND CCG01.F_BYPASS = :WS-WS-NOT-BYPASSED AND CCG03.I_VND_PRODUCT = :OMGPR-I-VND-PRODUCT AND CCG01.D_CNT_START <= :WS-CURRENT-DB2-DATE AND CCG01.D_CNT_PROT_END >= :WS-CURRENT-DB2-DATE AND CCG03.D_CNT_LINE_START <= :WS-CURRENT-DB2-DATE AND (CCG03.D_CNT_LINE_EXPIRE >= :WS-CURRENT-DB2-DATE OR CCG03.D_CNT_LINE_EXPIRE IS NULL) AND CCG05.D_GRP_FLG_EFF <= :WS-CURRENT-DB2-DATE AND (CCG05.D_GRP_FLG_EXP >= :WS-CURRENT-DB2-DATE OR CCG05.D_GRP_FLG_EXP IS NULL) AND CCG10.D_GRP_VND_CNT_EFF <= :WS-CURRENT-DB2-DATE AND (CCG10.D_GRP_VND_CNT_EXP >= :WS-CURRENT-DB2-DATE OR CCG10.D_GRP_VND_CNT_EXP IS NULL) END-EXEC."
282,A6U01.CBL,9290-SQL-SELECT-010,21471,21578,SELECT,,,"CCG01, CCG03, CCG05, CCG10, BGG01",CCG01;CCG03;CCG05;CCG10;BGG01,CCG05.I_BUY_GROUP = :CCG05-I-BUY-GROUP AND CCG05.I_BUY_GROUP = BGG01.I_BUY_GROUP AND CCG01.I_CONTRACT = :OMGPR-I-CONTRACT AND CCG01.I_CONTRACT = CCG03.I_CONTRACT AND CCG01.I_CONTRACT = CCG05.I_CONTRACT AND CCG01.I_CONTRACT = CCG10.I_CONTRACT AND CCG01.I_VENDOR = :OMGPR-I-PARENT-VENDOR AND CCG03.I_VENDOR = :OMGPR-I-VENDOR AND CCG01.I_VENDOR = CCG10.I_VENDOR AND CCG03.I_VND_PRODUCT = :OMGPR-I-VND-PRODUCT AND CCG01.D_CNT_START <= :WS-CURRENT-DB2-DATE AND CCG01.D_CNT_PROT_END >= :WS-CURRENT-DB2-DATE AND CCG03.D_CNT_LINE_START <= :WS-CURRENT-DB2-DATE AND (CCG03.D_CNT_LINE_EXPIRE >= :WS-CURRENT-DB2-DATE OR CCG03.D_CNT_LINE_EXPIRE IS NULL) AND CCG05.D_GRP_FLG_EFF <= :WS-CURRENT-DB2-DATE AND (CCG05.D_GRP_FLG_EXP >= :WS-CURRENT-DB2-DATE OR CCG05.D_GRP_FLG_EXP IS NULL) AND CCG10.D_GRP_VND_CNT_EFF <= :WS-CURRENT-DB2-DATE AND (CCG10.D_GRP_VND_CNT_EXP >= :WS-CURRENT-DB2-DATE OR CCG10.D_GRP_VND_CNT_EXP IS NULL),,BGG01-D-BG-EFFECT;BGG01-D-BG-EXPIRE;BGG01-D-BG-EXPIRE-NI;BGG01-D-BG-START;BGG01-I-DIVISION;BGG01-N-BUY-GROUP-SHORT;CCG01-C-CNT-ENTRY-METHOD;CCG01-C-CNT-TYPE;CCG01-C-EXPIRE-MSG;CCG01-C-PROD-CATGRY;CCG01-C-REPLACED-CNT-NBR;CCG01-C-REPLACES-CNT-NBR;CCG01-C-TIER;CCG01-D-CNT-EFFECT;CCG01-D-CNT-EXPIRE;CCG01-D-CNT-PROT-END;CCG01-D-CNT-PROT-START;CCG01-D-CNT-START;CCG01-D-RCVD-DATE;CCG01-I-CONTRACT;CCG01-T-COMMENT;CCG03-A-CNT-LN-MAX-REBT;CCG03-A-CNT-LN-MAX-REBT-NI;CCG03-A-CNT-LN-PROT-ACQ;CCG03-A-CNT-LN-PROT-ACQ-NI;CCG03-A-CNT-LN-UNIT-COST;CCG03-C-CNT-LN-UM;CCG03-D-CNT-LINE-EXPIRE;CCG03-D-CNT-LINE-EXPIRE-NI;CCG03-D-CNT-LINE-START;CCG03-F-FRT-EXEMPT;CCG03-F-JIT-EXEMPT;CCG03-I-GRP-CONTROL-NBR;CCG03-L-CNT-LINE;CCG05-F-CNT-PRIORITY;CCG05-F-GRP-CNT-ELIG-LIS;CCG05-F-GRP-CNT-FEES;CCG10-I-GRP-VND-CNT-NBR,BGG01-D-BG-EFFECT;BGG01-D-BG-EXPIRE;BGG01-D-BG-EXPIRE-NI;BGG01-D-BG-START;BGG01-I-DIVISION;BGG01-N-BUY-GROUP-SHORT;CCG01-C-CNT-ENTRY-METHOD;CCG01-C-CNT-TYPE;CCG01-C-EXPIRE-MSG;CCG01-C-PROD-CATGRY;CCG01-C-REPLACED-CNT-NBR;CCG01-C-REPLACES-CNT-NBR;CCG01-C-TIER;CCG01-D-CNT-EFFECT;CCG01-D-CNT-EXPIRE;CCG01-D-CNT-PROT-END;CCG01-D-CNT-PROT-START;CCG01-D-CNT-START;CCG01-D-RCVD-DATE;CCG01-I-CONTRACT;CCG01-T-COMMENT;CCG03-A-CNT-LN-MAX-REBT;CCG03-A-CNT-LN-MAX-REBT-NI;CCG03-A-CNT-LN-PROT-ACQ;CCG03-A-CNT-LN-PROT-ACQ-NI;CCG03-A-CNT-LN-UNIT-COST;CCG03-C-CNT-LN-UM;CCG03-D-CNT-LINE-EXPIRE;CCG03-D-CNT-LINE-EXPIRE-NI;CCG03-D-CNT-LINE-START;CCG03-F-FRT-EXEMPT;CCG03-F-JIT-EXEMPT;CCG03-I-GRP-CONTROL-NBR;CCG03-L-CNT-LINE;CCG05-F-CNT-PRIORITY;CCG05-F-GRP-CNT-ELIG-LIS;CCG05-F-GRP-CNT-FEES;CCG05-I-BUY-GROUP;CCG10-I-GRP-VND-CNT-NBR;OMGPR-I-CONTRACT;OMGPR-I-PARENT-VENDOR;OMGPR-I-VENDOR;OMGPR-I-VND-PRODUCT;WS-CURRENT-DB2-DATE,,,Y,,Y,2,+0;OTHER,,Y, 9290-EXIT EVALUATE SQLCODE WHEN +0 IF BGG01-D-BG-EXPIRE-NI NOT = -1 MOVE BGG01-D-BG-EXPIRE TO WS-PRICE-EXP-DATE PERFORM 7695-ADD-EXP-DATE-ARRA-010 THRU 7695-EXIT END-IF PERFORM 7945-SEL-GRP-CNT-NBR-010 THRU 7945-EXIT WHEN OTHER MOVE 'SELECT' TO WS-DB-OPERATION MOVE 'CONT LINE' TO WS-DB-NAME MOVE SQLCODE TO WS-DB-RETURN-CODE MOVE 'DB ERROR' TO WS-DB-STATUS-MSG MOVE 26 TO WS-DB-ERROR-NBR OMGPR-Q-ERROR-NBR MOVE WS-DB2-FATAL-ERROR-IND TO OMGPR-Q-ERROR-CODE MOVE WS-DB-OPERATION-MSG TO OMGPR-ERROR-ME,"EXEC SQL SELECT CCG01.I_CONTRACT, CCG01.C_CNT_ENTRY_METHOD, CONVERT(CHAR(10),CCG01.D_CNT_EFFECT,101), CONVERT(CHAR(10),CCG01.D_CNT_EXPIRE,101), CONVERT(CHAR(10),CCG01.D_CNT_START,101), CONVERT(CHAR(10),CCG01.D_CNT_PROT_START,101), CONVERT(CHAR(10),CCG01.D_CNT_PROT_END,101), CCG01.T_COMMENT, CCG01.C_CNT_TYPE, CCG01.C_PROD_CATGRY, CCG01.C_REPLACES_CNT_NBR, CONVERT(CHAR(10),CCG01.D_RCVD_DATE,101), CCG01.C_EXPIRE_MSG, CCG01.C_TIER, CCG01.C_REPLACED_CNT_NBR, CCG03.L_CNT_LINE, CCG03.C_CNT_LN_UM, CCG03.A_CNT_LN_UNIT_COST, CCG03.A_CNT_LN_PROT_ACQ, CCG03.A_CNT_LN_MAX_REBT, CONVERT(CHAR(10),CCG03.D_CNT_LINE_START,101), CONVERT(CHAR(10),CCG03.D_CNT_LINE_EXPIRE,101), CCG03.F_JIT_EXEMPT, CCG03.F_FRT_EXEMPT, CCG05.F_GRP_CNT_ELIG_LIS, CCG05.F_GRP_CNT_FEES, CCG05.F_CNT_PRIORITY, CCG10.I_GRP_VND_CNT_NBR, BGG01.N_BUY_GROUP_SHORT, BGG01.I_DIVISION, CONVERT(CHAR(10),BGG01.D_BG_START,101), CONVERT(CHAR(10),BGG01.D_BG_EFFECT,101), CONVERT(CHAR(10),BGG01.D_BG_EXPIRE,101), CCG03.I_GRP_CONTROL_NBR INTO :CCG01-I-CONTRACT, :CCG01-C-CNT-ENTRY-METHOD, :CCG01-D-CNT-EFFECT, :CCG01-D-CNT-EXPIRE, :CCG01-D-CNT-START, :CCG01-D-CNT-PROT-START, :CCG01-D-CNT-PROT-END, :CCG01-T-COMMENT, :CCG01-C-CNT-TYPE, :CCG01-C-PROD-CATGRY, :CCG01-C-REPLACES-CNT-NBR, :CCG01-D-RCVD-DATE, :CCG01-C-EXPIRE-MSG, :CCG01-C-TIER, :CCG01-C-REPLACED-CNT-NBR, :CCG03-L-CNT-LINE, :CCG03-C-CNT-LN-UM, :CCG03-A-CNT-LN-UNIT-COST, :CCG03-A-CNT-LN-PROT-ACQ :CCG03-A-CNT-LN-PROT-ACQ-NI, :CCG03-A-CNT-LN-MAX-REBT :CCG03-A-CNT-LN-MAX-REBT-NI, :CCG03-D-CNT-LINE-START, :CCG03-D-CNT-LINE-EXPIRE :CCG03-D-CNT-LINE-EXPIRE-NI, :CCG03-F-JIT-EXEMPT, :CCG03-F-FRT-EXEMPT, :CCG05-F-GRP-CNT-ELIG-LIS, :CCG05-F-GRP-CNT-FEES, :CCG05-F-CNT-PRIORITY, :CCG10-I-GRP-VND-CNT-NBR, :BGG01-N-BUY-GROUP-SHORT, :BGG01-I-DIVISION, :BGG01-D-BG-START, :BGG01-D-BG-EFFECT, :BGG01-D-BG-EXPIRE :BGG01-D-BG-EXPIRE-NI, :CCG03-I-GRP-CONTROL-NBR FROM CCG01, CCG03, CCG05, CCG10, BGG01 WHERE CCG05.I_BUY_GROUP = :CCG05-I-BUY-GROUP AND CCG05.I_BUY_GROUP = BGG01.I_BUY_GROUP AND CCG01.I_CONTRACT = :OMGPR-I-CONTRACT AND CCG01.I_CONTRACT = CCG03.I_CONTRACT AND CCG01.I_CONTRACT = CCG05.I_CONTRACT AND CCG01.I_CONTRACT = CCG10.I_CONTRACT AND CCG01.I_VENDOR = :OMGPR-I-PARENT-VENDOR AND CCG03.I_VENDOR = :OMGPR-I-VENDOR AND CCG01.I_VENDOR = CCG10.I_VENDOR AND CCG03.I_VND_PRODUCT = :OMGPR-I-VND-PRODUCT AND CCG01.D_CNT_START <= :WS-CURRENT-DB2-DATE AND CCG01.D_CNT_PROT_END >= :WS-CURRENT-DB2-DATE AND CCG03.D_CNT_LINE_START <= :WS-CURRENT-DB2-DATE AND (CCG03.D_CNT_LINE_EXPIRE >= :WS-CURRENT-DB2-DATE OR CCG03.D_CNT_LINE_EXPIRE IS NULL) AND CCG05.D_GRP_FLG_EFF <= :WS-CURRENT-DB2-DATE AND (CCG05.D_GRP_FLG_EXP >= :WS-CURRENT-DB2-DATE OR CCG05.D_GRP_FLG_EXP IS NULL) AND CCG10.D_GRP_VND_CNT_EFF <= :WS-CURRENT-DB2-DATE AND (CCG10.D_GRP_VND_CNT_EXP >= :WS-CURRENT-DB2-DATE OR CCG10.D_GRP_VND_CNT_EXP IS NULL) END-EXEC."
283,A6U01.CBL,9295-SQL-SELECT-010,21585,21604,SELECT,,,BGG03,BGG03,BGG03.I_BUY_GROUP = :BGG03-I-BUY-GROUP AND BGG03.D_PARTNER_START <= :WS-CURRENT-DB2-DATE AND (BGG03.D_PARTNER_EXPIRE >= :WS-CURRENT-DB2-DATE OR BGG03.D_PARTNER_EXPIRE IS NULL),,BGG03-D-PARTNER-EFFECT;BGG03-D-PARTNER-EXPIRE;BGG03-D-PARTNER-EXPIRE-NI;BGG03-D-PARTNER-START;BGG03-I-BUY-GROUP-PARENT,BGG03-D-PARTNER-EFFECT;BGG03-D-PARTNER-EXPIRE;BGG03-D-PARTNER-EXPIRE-NI;BGG03-D-PARTNER-START;BGG03-I-BUY-GROUP;BGG03-I-BUY-GROUP-PARENT;WS-CURRENT-DB2-DATE,,,Y,,Y,2,+0;+100;OTHER,,Y, 9295-EXIT EVALUATE SQLCODE WHEN +0 MOVE BGG03-I-BUY-GROUP-PARENT TO WS-BG-FOR-BYP IF BGG03-D-PARTNER-EXPIRE-NI NOT = -1 MOVE BGG03-D-PARTNER-EXPIRE TO WS-PRICE-EXP-DATE PERFORM 7695-ADD-EXP-DATE-ARRA-010 THRU 7695-EXIT END-IF PERFORM 7910-CHK-BYP-ARRAY-010 THRU 7910-EXIT IF WS-BG-BYPASS GO TO 7321-EXIT ELSE CONTINUE END-IF IF WS-BG-MEMBER-NOT-FND PERFORM 7590-SEL-BGM-WITHOUT-N-010 THRU 7590-EXIT IF WS-BG-MEMBER-FND MOVE BGG03-I-BUY-GROUP-PARENT TO CCG05-I-BUY-GROUP CCG07-I-BUY-GROUP MOVE BGG02-,"EXEC SQL SELECT BGG03.I_BUY_GROUP_PARENT, CONVERT(CHAR(10),BGG03.D_PARTNER_START,101), CONVERT(CHAR(10),BGG03.D_PARTNER_EFFECT,101), CONVERT(CHAR(10),BGG03.D_PARTNER_EXPIRE,101) INTO :BGG03-I-BUY-GROUP-PARENT, :BGG03-D-PARTNER-START, :BGG03-D-PARTNER-EFFECT, :BGG03-D-PARTNER-EXPIRE :BGG03-D-PARTNER-EXPIRE-NI FROM BGG03 WHERE BGG03.I_BUY_GROUP = :BGG03-I-BUY-GROUP AND BGG03.D_PARTNER_START <= :WS-CURRENT-DB2-DATE AND (BGG03.D_PARTNER_EXPIRE >= :WS-CURRENT-DB2-DATE OR BGG03.D_PARTNER_EXPIRE IS NULL) END-EXEC."
284,A6U01.CBL,9300-SQL-SELECT-010,21611,21621,SELECT,,,VNG03,VNG03,I_VENDOR = :OMGPR-I-VENDOR AND I_VND_PRODUCT = :OMGPR-I-VND-PRODUCT AND D_VND_PRC_ACTIVE <= :WS-CURRENT-DB2-DATE AND (D_VND_PRC_EXPIRE >= :WS-CURRENT-DB2-DATE OR D_VND_PRC_EXPIRE IS NULL),,VNG03-D-VND-PRC-LIST-EFF,OMGPR-I-VENDOR;OMGPR-I-VND-PRODUCT;VNG03-D-VND-PRC-LIST-EFF;WS-CURRENT-DB2-DATE,,,Y,,Y,2,+0;+100;OTHER,,Y, EVALUATE SQLCODE WHEN +0 PERFORM 9305-SQL-SELECT-010 THRU 9305-EXIT EVALUATE SQLCODE WHEN +0 PERFORM 9310-SQL-SELECT-010 THRU 9310-EXIT EVALUATE SQLCODE WHEN +0 CONTINUE WHEN +100 MOVE '#128 - MAX PRICE LIST NOT FOUND' TO OMGPR-ERROR-MESSAGE MOVE 128 TO OMGPR-Q-ERROR-NBR MOVE WS-PRC-LIST-NOT-FOUND-IND TO OMGPR-Q-ERROR-CODE MOVE WS-YES-IND TO OMGPR-F-PRICER-ERROR GO TO 0020-EXIT-PRICER WHEN OTHER MOVE 'SELECT' TO WS-DB-OPERATION MOVE 'VNG03 MAX' TO WS-DB-NAME MOVE SQLCODE TO WS-DB-RETURN-CODE MO,"EXEC SQL SELECT CONVERT(CHAR(10),MAX(D_VND_PRC_LIST_EFF),101) INTO :VNG03-D-VND-PRC-LIST-EFF FROM VNG03 WHERE I_VENDOR = :OMGPR-I-VENDOR AND I_VND_PRODUCT = :OMGPR-I-VND-PRODUCT AND D_VND_PRC_ACTIVE <= :WS-CURRENT-DB2-DATE AND (D_VND_PRC_EXPIRE >= :WS-CURRENT-DB2-DATE OR D_VND_PRC_EXPIRE IS NULL) END-EXEC."
285,A6U01.CBL,9305-SQL-SELECT-010,21628,21637,SELECT,,,VNG03,VNG03,I_VENDOR = :OMGPR-I-VENDOR AND I_VND_PRODUCT = :OMGPR-I-VND-PRODUCT AND D_VND_PRC_LIST_EFF = :VNG03-D-VND-PRC-LIST-EFF,,VNG03-C-VND-PRC-LEVEL,OMGPR-I-VENDOR;OMGPR-I-VND-PRODUCT;VNG03-C-VND-PRC-LEVEL;VNG03-D-VND-PRC-LIST-EFF,,,Y,,Y,2,+0;+100;OTHER,,Y, 9305-EXIT EVALUATE SQLCODE WHEN +0 PERFORM 9310-SQL-SELECT-010 THRU 9310-EXIT EVALUATE SQLCODE WHEN +0 CONTINUE WHEN +100 MOVE '#128 - MAX PRICE LIST NOT FOUND' TO OMGPR-ERROR-MESSAGE MOVE 128 TO OMGPR-Q-ERROR-NBR MOVE WS-PRC-LIST-NOT-FOUND-IND TO OMGPR-Q-ERROR-CODE MOVE WS-YES-IND TO OMGPR-F-PRICER-ERROR GO TO 0020-EXIT-PRICER WHEN OTHER MOVE 'SELECT' TO WS-DB-OPERATION MOVE 'VNG03 MAX' TO WS-DB-NAME MOVE SQLCODE TO WS-DB-RETURN-CODE MOVE 'DB ERROR' TO WS-DB-STATUS-MSG MOVE 129 TO WS-DB-ERROR-,EXEC SQL SELECT MAX(C_VND_PRC_LEVEL) INTO :VNG03-C-VND-PRC-LEVEL FROM VNG03 WHERE I_VENDOR = :OMGPR-I-VENDOR AND I_VND_PRODUCT = :OMGPR-I-VND-PRODUCT AND D_VND_PRC_LIST_EFF = :VNG03-D-VND-PRC-LIST-EFF END-EXEC.
286,A6U01.CBL,9310-SQL-SELECT-010,21644,21669,SELECT,,,VNG03,VNG03,I_VENDOR = :OMGPR-I-VENDOR AND I_VND_PRODUCT = :OMGPR-I-VND-PRODUCT AND C_VND_PRC_LEVEL = :VNG03-C-VND-PRC-LEVEL AND D_VND_PRC_LIST_EFF = :VNG03-D-VND-PRC-LIST-EFF,,VNG03-A-VND-PRC-ACQ-COST;VNG03-A-VND-PRC-BEST-QTY;VNG03-A-VND-PRC-DEALER;VNG03-A-VND-PRC-LST-DOC;VNG03-A-VND-PRC-LST-HOSP;VNG03-C-VND-PRC-UM;VNG03-D-VND-PRC-ACTIVE;VNG03-D-VND-PRC-EXPIRE;VNG03-D-VND-PRC-EXPIRE-NI,OMGPR-I-VENDOR;OMGPR-I-VND-PRODUCT;VNG03-A-VND-PRC-ACQ-COST;VNG03-A-VND-PRC-BEST-QTY;VNG03-A-VND-PRC-DEALER;VNG03-A-VND-PRC-LST-DOC;VNG03-A-VND-PRC-LST-HOSP;VNG03-C-VND-PRC-LEVEL;VNG03-C-VND-PRC-UM;VNG03-D-VND-PRC-ACTIVE;VNG03-D-VND-PRC-EXPIRE;VNG03-D-VND-PRC-EXPIRE-NI;VNG03-D-VND-PRC-LIST-EFF,,,Y,,Y,2,+0;+100;OTHER,,Y, 9310-EXIT EVALUATE SQLCODE WHEN +0 CONTINUE WHEN +100 MOVE '#128 - MAX PRICE LIST NOT FOUND' TO OMGPR-ERROR-MESSAGE MOVE 128 TO OMGPR-Q-ERROR-NBR MOVE WS-PRC-LIST-NOT-FOUND-IND TO OMGPR-Q-ERROR-CODE MOVE WS-YES-IND TO OMGPR-F-PRICER-ERROR GO TO 0020-EXIT-PRICER WHEN OTHER MOVE 'SELECT' TO WS-DB-OPERATION MOVE 'VNG03 MAX' TO WS-DB-NAME MOVE SQLCODE TO WS-DB-RETURN-CODE MOVE 'DB ERROR' TO WS-DB-STATUS-MSG MOVE 129 TO WS-DB-ERROR-NBR OMGPR-Q-ERROR-NBR MOVE WS-DB2-FATAL-ERROR-IND TO OMGPR-Q-ERROR-C,"EXEC SQL SELECT C_VND_PRC_UM, CONVERT(CHAR(10),D_VND_PRC_ACTIVE,101), CONVERT(CHAR(10),D_VND_PRC_EXPIRE,101), A_VND_PRC_DEALER, A_VND_PRC_ACQ_COST, A_VND_PRC_BEST_QTY, A_VND_PRC_LST_HOSP, A_VND_PRC_LST_DOC INTO :VNG03-C-VND-PRC-UM, :VNG03-D-VND-PRC-ACTIVE, :VNG03-D-VND-PRC-EXPIRE :VNG03-D-VND-PRC-EXPIRE-NI, :VNG03-A-VND-PRC-DEALER, :VNG03-A-VND-PRC-ACQ-COST, :VNG03-A-VND-PRC-BEST-QTY, :VNG03-A-VND-PRC-LST-HOSP, :VNG03-A-VND-PRC-LST-DOC FROM VNG03 WHERE I_VENDOR = :OMGPR-I-VENDOR AND I_VND_PRODUCT = :OMGPR-I-VND-PRODUCT AND C_VND_PRC_LEVEL = :VNG03-C-VND-PRC-LEVEL AND D_VND_PRC_LIST_EFF = :VNG03-D-VND-PRC-LIST-EFF END-EXEC."
287,A6U01.CBL,9315-SQL-SELECT-010,21676,21696,SELECT,,,"SAG02, SAG05",SAG02;SAG05,SAG02.I_BUY_GROUP = :WS-I-BUY-GROUP AND SAG02.Q_PREF_TIER_LEVEL = :WS-Q-PREF-TIER-LEVEL AND SAG02.D_BG_TIER_START = :WS-D-BG-TIER-START AND SAG02.I_BAS_SELL = SAG05.I_BAS_SELL AND SAG05.D_SELL_ARR_START <= :WS-CURRENT-DB2-DATE AND (SAG05.D_SELL_ARR_EXP >= :WS-CURRENT-DB2-DATE OR SAG05.D_SELL_ARR_EXP IS NULL),,SAG01-I-BAS-SELL;SAG05-D-SELL-ARR-EXP;SAG05-D-SELL-ARR-EXP-NI;SAG05-T-SELL-COMMENT,SAG01-I-BAS-SELL;SAG05-D-SELL-ARR-EXP;SAG05-D-SELL-ARR-EXP-NI;SAG05-T-SELL-COMMENT;WS-CURRENT-DB2-DATE;WS-D-BG-TIER-START;WS-I-BUY-GROUP;WS-Q-PREF-TIER-LEVEL,,,Y,,Y,2,+0;+100;OTHER,,Y, EVALUATE SQLCODE WHEN +0 MOVE SAG01-I-BAS-SELL TO WS-GROUP-BAS-SELL MOVE SAG05-T-SELL-COMMENT TO WS-HOLD-GROUP-SELL-COMT IF SAG05-D-SELL-ARR-EXP-NI NOT = -1 MOVE SAG05-D-SELL-ARR-EXP TO WS-PRICE-EXP-DATE PERFORM 7695-ADD-EXP-DATE-ARRA-010 THRU 7695-EXIT END-IF WHEN +100 MOVE ZEROS TO WS-GROUP-BAS-SELL WHEN OTHER MOVE 'SELECT' TO WS-DB-OPERATION MOVE 'GRP SELL ARR' TO WS-DB-NAME MOVE SQLCODE TO WS-DB-RETURN-CODE MOVE 'DB ERROR' TO WS-DB-STATUS-MSG MOVE 32 TO WS-DB-ERROR-NBR OMGPR-Q-ERROR-NBR MOV,"EXEC SQL SELECT SAG02.I_BAS_SELL, SAG05.T_SELL_COMMENT, CONVERT(CHAR(10),SAG05.D_SELL_ARR_EXP,101) INTO :SAG01-I-BAS-SELL, :SAG05-T-SELL-COMMENT, :SAG05-D-SELL-ARR-EXP :SAG05-D-SELL-ARR-EXP-NI FROM SAG02, SAG05 WHERE SAG02.I_BUY_GROUP = :WS-I-BUY-GROUP AND SAG02.Q_PREF_TIER_LEVEL = :WS-Q-PREF-TIER-LEVEL AND SAG02.D_BG_TIER_START = :WS-D-BG-TIER-START AND SAG02.I_BAS_SELL = SAG05.I_BAS_SELL AND SAG05.D_SELL_ARR_START <= :WS-CURRENT-DB2-DATE AND (SAG05.D_SELL_ARR_EXP >= :WS-CURRENT-DB2-DATE OR SAG05.D_SELL_ARR_EXP IS NULL) END-EXEC."
288,A6U01.CBL,9320-SQL-SELECT-010,21703,21720,SELECT,,,BGG03,BGG03,BGG03.I_BUY_GROUP = :BGG03-I-BUY-GROUP AND BGG03.D_PARTNER_START <= :WS-CURRENT-DB2-DATE AND (BGG03.D_PARTNER_EXPIRE >= :WS-CURRENT-DB2-DATE OR BGG03.D_PARTNER_EXPIRE IS NULL),,BGG03-D-PARTNER-EFFECT;BGG03-D-PARTNER-EXPIRE;BGG03-D-PARTNER-EXPIRE-NI;BGG03-D-PARTNER-START;BGG03-I-BUY-GROUP-PARENT,BGG03-D-PARTNER-EFFECT;BGG03-D-PARTNER-EXPIRE;BGG03-D-PARTNER-EXPIRE-NI;BGG03-D-PARTNER-START;BGG03-I-BUY-GROUP;BGG03-I-BUY-GROUP-PARENT;WS-CURRENT-DB2-DATE,,,Y,,Y,2,+0;+100;OTHER,,Y, EVALUATE SQLCODE WHEN +0 MOVE BGG03-I-BUY-GROUP-PARENT TO BGG03-I-BUY-GROUP WS-I-BUY-GROUP MOVE ZEROES TO WS-S-BG-MEMBER IF BGG03-D-PARTNER-EXPIRE-NI NOT = -1 MOVE BGG03-D-PARTNER-EXPIRE TO WS-PRICE-EXP-DATE PERFORM 7695-ADD-EXP-DATE-ARRA-010 THRU 7695-EXIT END-IF GO TO 7585-EXIT WHEN +100 MOVE WS-NO-IND TO WS-FIND-PARENT-SW GO TO 7585-EXIT WHEN OTHER MOVE 'SELECT' TO WS-DB-OPERATION MOVE 'BGG03' TO WS-DB-NAME MOVE SQLCODE TO WS-DB-RETURN-CODE MOVE 'DB ERROR' TO WS-DB-STATUS-MSG MOVE 113 TO WS-,"EXEC SQL SELECT BGG03.I_BUY_GROUP_PARENT, CONVERT(CHAR(10),BGG03.D_PARTNER_START,101), CONVERT(CHAR(10),BGG03.D_PARTNER_EFFECT,101), CONVERT(CHAR(10),BGG03.D_PARTNER_EXPIRE,101) INTO :BGG03-I-BUY-GROUP-PARENT, :BGG03-D-PARTNER-START, :BGG03-D-PARTNER-EFFECT, :BGG03-D-PARTNER-EXPIRE :BGG03-D-PARTNER-EXPIRE-NI FROM BGG03 WHERE BGG03.I_BUY_GROUP = :BGG03-I-BUY-GROUP AND BGG03.D_PARTNER_START <= :WS-CURRENT-DB2-DATE AND (BGG03.D_PARTNER_EXPIRE >= :WS-CURRENT-DB2-DATE OR BGG03.D_PARTNER_EXPIRE IS NULL) END-EXEC."
289,A6U01.CBL,9325-SQL-SELECT-010,21727,21762,SELECT,,,BGG02,BGG02,"BGG02.I_BUY_GROUP = :BGG02-I-BUY-GROUP AND BGG02.S_BG_MEMBER = ( SELECT MAX(BGG02.S_BG_MEMBER) FROM BGG02, BGG19 WHERE BGG02.I_BUY_GROUP = :BGG02-I-BUY-GROUP AND BGG19.I_CUSTOMER = :OMGPR-I-CUSTOMER AND BGG02.D_BGM_START_MEM <= :WS-CURRENT-DB2-DATE AND (BGG02.D_BGM_END_MEM >= :WS-CURRENT-DB2-DATE OR BGG02.D_BGM_END_MEM IS NULL) AND BGG02.I_BUY_GROUP = BGG19.I_BUY_GROUP AND BGG02.S_BG_MEMBER = BGG19.S_BG_MEMBER AND BGG19.D_BGM_XREF_START <= :WS-CURRENT-DB2-DATE AND (BGG19.D_BGM_XREF_EXPIRE >= :WS-CURRENT-DB2-DATE OR BGG19.D_BGM_XREF_EXPIRE IS NULL)) AND BGG02.D_BGM_START_MEM <= :WS-CURRENT-DB2-DATE AND (BGG02.D_BGM_END_MEM >= :WS-CURRENT-DB2-DATE OR BGG02.D_BGM_END_MEM IS NULL)",,BGG02-D-BGM-BEGIN-MEM;BGG02-D-BGM-END-MEM;BGG02-D-BGM-END-MEM-NI;BGG02-D-BGM-START-MEM;BGG02-S-BG-MEMBER,BGG02-D-BGM-BEGIN-MEM;BGG02-D-BGM-END-MEM;BGG02-D-BGM-END-MEM-NI;BGG02-D-BGM-START-MEM;BGG02-I-BUY-GROUP;BGG02-S-BG-MEMBER;OMGPR-I-CUSTOMER;WS-CURRENT-DB2-DATE,,,Y,,Y,2,+0;+100;OTHER,,Y, EVALUATE SQLCODE WHEN +0 MOVE 'Y' TO WS-F-BG-MEMBER IF BGG02-D-BGM-END-MEM-NI NOT = -1 MOVE BGG02-D-BGM-END-MEM TO WS-PRICE-EXP-DATE PERFORM 7695-ADD-EXP-DATE-ARRA-010 THRU 7695-EXIT END-IF WHEN +100 MOVE 'N' TO WS-F-BG-MEMBER WHEN OTHER MOVE 'SELECT' TO WS-DB-OPERATION MOVE 'BGG02' TO WS-DB-NAME MOVE SQLCODE TO WS-DB-RETURN-CODE MOVE 'DB ERROR' TO WS-DB-STATUS-MSG MOVE 111 TO WS-DB-ERROR-NBR OMGPR-Q-ERROR-NBR MOVE WS-DB2-FATAL-ERROR-IND TO OMGPR-Q-ERROR-CODE MOVE WS-DB-OPERATION-MSG TO OMGPR-E,"EXEC SQL SELECT BGG02.S_BG_MEMBER, CONVERT(CHAR(10),BGG02.D_BGM_START_MEM,101), CONVERT(CHAR(10),BGG02.D_BGM_BEGIN_MEM,101), CONVERT(CHAR(10),BGG02.D_BGM_END_MEM,101) INTO :BGG02-S-BG-MEMBER, :BGG02-D-BGM-START-MEM, :BGG02-D-BGM-BEGIN-MEM, :BGG02-D-BGM-END-MEM :BGG02-D-BGM-END-MEM-NI FROM BGG02 WHERE BGG02.I_BUY_GROUP = :BGG02-I-BUY-GROUP AND BGG02.S_BG_MEMBER = ( SELECT MAX(BGG02.S_BG_MEMBER) FROM BGG02, BGG19 WHERE BGG02.I_BUY_GROUP = :BGG02-I-BUY-GROUP AND BGG19.I_CUSTOMER = :OMGPR-I-CUSTOMER AND BGG02.D_BGM_START_MEM <= :WS-CURRENT-DB2-DATE AND (BGG02.D_BGM_END_MEM >= :WS-CURRENT-DB2-DATE OR BGG02.D_BGM_END_MEM IS NULL) AND BGG02.I_BUY_GROUP = BGG19.I_BUY_GROUP AND BGG02.S_BG_MEMBER = BGG19.S_BG_MEMBER AND BGG19.D_BGM_XREF_START <= :WS-CURRENT-DB2-DATE AND (BGG19.D_BGM_XREF_EXPIRE >= :WS-CURRENT-DB2-DATE OR BGG19.D_BGM_XREF_EXPIRE IS NULL)) AND BGG02.D_BGM_START_MEM <= :WS-CURRENT-DB2-DATE AND (BGG02.D_BGM_END_MEM >= :WS-CURRENT-DB2-DATE OR BGG02.D_BGM_END_MEM IS NULL) END-EXEC."
290,A6U01.CBL,9330-SQL-SELECT-010,21769,21782,SELECT,,,VNG05,VNG05,VNG05.I_VENDOR = :VNG05-I-VENDOR AND VNG05.I_VND_PRODUCT = :VNG05-I-VND-PRODUCT AND VNG05.C_VD_PRD_ALT_UM = :VNG05-C-VD-PRD-ALT-UM,,VNG05-A-VD-PRD-ALT-UMF;VNG05-C-VD-PRD-ALT-UM;VNG05-F-ALT-UOM-DESIGNATOR,VNG05-A-VD-PRD-ALT-UMF;VNG05-C-VD-PRD-ALT-UM;VNG05-F-ALT-UOM-DESIGNATOR;VNG05-I-VENDOR;VNG05-I-VND-PRODUCT,,,,,Y,2,OTHER,,Y, 9330-EXIT EVALUATE TRUE WHEN SQLCODE = +0 MOVE VNG05-A-VD-PRD-ALT-UMF TO WS-CA-CONVERT-UP-UMF WHEN SQLCODE = +100 MOVE '#95 - ALTERNATE UNIT OF MEASURE IS ' TO OMGPR-ERROR-MESSAGE (1:35) MOVE 'NOT FOUND IN A6X01 ' TO OMGPR-ERROR-MESSAGE (36:25) MOVE WS-UM-NOT-FOUND-IND TO OMGPR-Q-ERROR-CODE MOVE 95 TO OMGPR-Q-ERROR-NBR MOVE WS-YES-IND TO OMGPR-F-PRICER-ERROR GO TO 0020-EXIT-PRICER WHEN OTHER MOVE 'SELECT' TO WS-DB-OPERATION MOVE 'VNG05 UP' TO WS-DB-NAME MOVE SQLCODE TO WS-DB-RETURN-CODE MOVE 'D,"EXEC SQL SELECT VNG05.C_VD_PRD_ALT_UM, VNG05.A_VD_PRD_ALT_UMF, VNG05.F_ALT_UOM_DESIGNATOR INTO :VNG05-C-VD-PRD-ALT-UM, :VNG05-A-VD-PRD-ALT-UMF, :VNG05-F-ALT-UOM-DESIGNATOR FROM VNG05 WHERE VNG05.I_VENDOR = :VNG05-I-VENDOR AND VNG05.I_VND_PRODUCT = :VNG05-I-VND-PRODUCT AND VNG05.C_VD_PRD_ALT_UM = :VNG05-C-VD-PRD-ALT-UM END-EXEC."
291,A6U01.CBL,9335-SQL-SELECT-010,21789,21806,SELECT,,,SAG11,SAG11,SAG11.I_BAS_SELL = :SAG11-I-BAS-SELL AND SAG11.D_SELL_START = :SAG11-D-SELL-START,,SAG11-P-SELL-GRSSMGN;SAG11-P-SELL-GRSSMGN-CUS;SAG11-P-SELL-GRSSMGN-CUS-NI;SAG11-P-SELL-GRSSMGN-IND;SAG11-P-SELL-GRSSMGN-NON;SAG11-P-SELL-GRSSMGN-NSC,SAG11-D-SELL-START;SAG11-I-BAS-SELL;SAG11-P-SELL-GRSSMGN;SAG11-P-SELL-GRSSMGN-CUS;SAG11-P-SELL-GRSSMGN-CUS-NI;SAG11-P-SELL-GRSSMGN-IND;SAG11-P-SELL-GRSSMGN-NON;SAG11-P-SELL-GRSSMGN-NSC,,,Y,,Y,2,+0;OTHER,,Y, EVALUATE SQLCODE WHEN +0 MOVE SAG11-P-SELL-GRSSMGN TO WS-P-SELL-GRSSMGN-SAN MOVE SAG11-P-SELL-GRSSMGN-NON TO WS-P-SELL-GRSSMGN-NON MOVE SAG11-P-SELL-GRSSMGN-NSC TO WS-P-SELL-GRSSMGN-NSC MOVE SAG11-P-SELL-GRSSMGN-IND TO WS-P-SELL-GRSSMGN-IND IF SAG11-P-SELL-GRSSMGN-CUS-NI = -1 MOVE -1 TO WS-P-SELL-GRSSMGN-CUS-NI MOVE LOW-VALUES TO WS-P-SELL-GRSSMGN-CUS-X ELSE MOVE +0 TO WS-P-SELL-GRSSMGN-CUS-NI MOVE SAG11-P-SELL-GRSSMGN-CUS TO WS-P-SELL-GRSSMGN-CUS END-IF WHEN OTHER MOVE 'SELECT' TO WS-DB-OPERAT,"EXEC SQL SELECT SAG11.P_SELL_GRSSMGN, SAG11.P_SELL_GRSSMGN_NON, SAG11.P_SELL_GRSSMGN_NSC, SAG11.P_SELL_GRSSMGN_IND, SAG11.P_SELL_GRSSMGN_CUS INTO :SAG11-P-SELL-GRSSMGN, :SAG11-P-SELL-GRSSMGN-NON, :SAG11-P-SELL-GRSSMGN-NSC, :SAG11-P-SELL-GRSSMGN-IND, :SAG11-P-SELL-GRSSMGN-CUS :SAG11-P-SELL-GRSSMGN-CUS-NI FROM SAG11 WHERE SAG11.I_BAS_SELL = :SAG11-I-BAS-SELL AND SAG11.D_SELL_START = :SAG11-D-SELL-START END-EXEC."
292,A6U01.CBL,9340-SQL-SELECT-010,21813,21830,SELECT,,,SAG12,SAG12,SAG12.I_BAS_SELL = :SAG12-I-BAS-SELL AND SAG12.D_SELL_START = :SAG12-D-SELL-START,,SAG12-P-SELL-CST-PLS;SAG12-P-SELL-CST-PLS-CUS;SAG12-P-SELL-CST-PLS-CUS-NI;SAG12-P-SELL-CST-PLS-IND;SAG12-P-SELL-CST-PLS-NON;SAG12-P-SELL-CST-PLS-NSC,SAG12-D-SELL-START;SAG12-I-BAS-SELL;SAG12-P-SELL-CST-PLS;SAG12-P-SELL-CST-PLS-CUS;SAG12-P-SELL-CST-PLS-CUS-NI;SAG12-P-SELL-CST-PLS-IND;SAG12-P-SELL-CST-PLS-NON;SAG12-P-SELL-CST-PLS-NSC,,,Y,,Y,2,+0;OTHER,,Y, EVALUATE SQLCODE WHEN +0 MOVE SAG12-P-SELL-CST-PLS TO WS-P-SELL-CST-PLS-SAN MOVE SAG12-P-SELL-CST-PLS-NON TO WS-P-SELL-CST-PLS-NON MOVE SAG12-P-SELL-CST-PLS-NSC TO WS-P-SELL-CST-PLS-NSC MOVE SAG12-P-SELL-CST-PLS-IND TO WS-P-SELL-CST-PLS-IND IF SAG12-P-SELL-CST-PLS-CUS-NI = -1 MOVE -1 TO WS-P-SELL-CST-PLS-CUS-NI MOVE LOW-VALUES TO WS-P-SELL-CST-PLS-CUS-X ELSE MOVE +0 TO WS-P-SELL-CST-PLS-CUS-NI MOVE SAG12-P-SELL-CST-PLS-CUS TO WS-P-SELL-CST-PLS-CUS END-IF WHEN OTHER MOVE 'SELECT' TO WS-DB-OPERAT,"EXEC SQL SELECT SAG12.P_SELL_CST_PLS, SAG12.P_SELL_CST_PLS_NON, SAG12.P_SELL_CST_PLS_NSC, SAG12.P_SELL_CST_PLS_IND, SAG12.P_SELL_CST_PLS_CUS INTO :SAG12-P-SELL-CST-PLS, :SAG12-P-SELL-CST-PLS-NON, :SAG12-P-SELL-CST-PLS-NSC, :SAG12-P-SELL-CST-PLS-IND, :SAG12-P-SELL-CST-PLS-CUS :SAG12-P-SELL-CST-PLS-CUS-NI FROM SAG12 WHERE SAG12.I_BAS_SELL = :SAG12-I-BAS-SELL AND SAG12.D_SELL_START = :SAG12-D-SELL-START END-EXEC."
293,A6U01.CBL,9345-SQL-SELECT-010,21837,21855,SELECT,,,SAG13,SAG13,SAG13.I_BAS_SELL = :SAG13-I-BAS-SELL AND SAG13.I_VENDOR = :OMGPR-I-VENDOR AND SAG13.D_SELL_START = :SAG13-D-SELL-START,,SAG13-P-SELL-GRSSMGN;SAG13-P-SELL-GRSSMGN-CUS;SAG13-P-SELL-GRSSMGN-CUS-NI;SAG13-P-SELL-GRSSMGN-IND;SAG13-P-SELL-GRSSMGN-NON;SAG13-P-SELL-GRSSMGN-NSC,OMGPR-I-VENDOR;SAG13-D-SELL-START;SAG13-I-BAS-SELL;SAG13-P-SELL-GRSSMGN;SAG13-P-SELL-GRSSMGN-CUS;SAG13-P-SELL-GRSSMGN-CUS-NI;SAG13-P-SELL-GRSSMGN-IND;SAG13-P-SELL-GRSSMGN-NON;SAG13-P-SELL-GRSSMGN-NSC,,,Y,,Y,2,+0;OTHER,,Y, EVALUATE SQLCODE WHEN +0 MOVE SAG13-P-SELL-GRSSMGN TO WS-P-SELL-GRSSMGN-SAN MOVE SAG13-P-SELL-GRSSMGN-NON TO WS-P-SELL-GRSSMGN-NON MOVE SAG13-P-SELL-GRSSMGN-NSC TO WS-P-SELL-GRSSMGN-NSC MOVE SAG13-P-SELL-GRSSMGN-IND TO WS-P-SELL-GRSSMGN-IND IF SAG13-P-SELL-GRSSMGN-CUS-NI = -1 MOVE -1 TO WS-P-SELL-GRSSMGN-CUS-NI MOVE LOW-VALUES TO WS-P-SELL-GRSSMGN-CUS-X ELSE MOVE +0 TO WS-P-SELL-GRSSMGN-CUS-NI MOVE SAG13-P-SELL-GRSSMGN-CUS TO WS-P-SELL-GRSSMGN-CUS END-IF WHEN OTHER MOVE 'SELECT' TO WS-DB-OPERAT,"EXEC SQL SELECT SAG13.P_SELL_GRSSMGN, SAG13.P_SELL_GRSSMGN_NON, SAG13.P_SELL_GRSSMGN_NSC, SAG13.P_SELL_GRSSMGN_IND, SAG13.P_SELL_GRSSMGN_CUS INTO :SAG13-P-SELL-GRSSMGN, :SAG13-P-SELL-GRSSMGN-NON, :SAG13-P-SELL-GRSSMGN-NSC, :SAG13-P-SELL-GRSSMGN-IND, :SAG13-P-SELL-GRSSMGN-CUS :SAG13-P-SELL-GRSSMGN-CUS-NI FROM SAG13 WHERE SAG13.I_BAS_SELL = :SAG13-I-BAS-SELL AND SAG13.I_VENDOR = :OMGPR-I-VENDOR AND SAG13.D_SELL_START = :SAG13-D-SELL-START END-EXEC."
294,A6U01.CBL,9350-SQL-SELECT-010,21862,21880,SELECT,,,SAG14,SAG14,SAG14.I_BAS_SELL = :SAG14-I-BAS-SELL AND SAG14.I_VENDOR = :OMGPR-I-VENDOR AND SAG14.D_SELL_START = :SAG14-D-SELL-START,,SAG14-P-SELL-CST-PLS;SAG14-P-SELL-CST-PLS-CUS;SAG14-P-SELL-CST-PLS-CUS-NI;SAG14-P-SELL-CST-PLS-IND;SAG14-P-SELL-CST-PLS-NON;SAG14-P-SELL-CST-PLS-NSC,OMGPR-I-VENDOR;SAG14-D-SELL-START;SAG14-I-BAS-SELL;SAG14-P-SELL-CST-PLS;SAG14-P-SELL-CST-PLS-CUS;SAG14-P-SELL-CST-PLS-CUS-NI;SAG14-P-SELL-CST-PLS-IND;SAG14-P-SELL-CST-PLS-NON;SAG14-P-SELL-CST-PLS-NSC,,,Y,,Y,2,+0;OTHER,,Y, EVALUATE SQLCODE WHEN +0 MOVE SAG14-P-SELL-CST-PLS TO WS-P-SELL-CST-PLS-SAN MOVE SAG14-P-SELL-CST-PLS-NON TO WS-P-SELL-CST-PLS-NON MOVE SAG14-P-SELL-CST-PLS-NSC TO WS-P-SELL-CST-PLS-NSC MOVE SAG14-P-SELL-CST-PLS-IND TO WS-P-SELL-CST-PLS-IND IF SAG14-P-SELL-CST-PLS-CUS-NI = -1 MOVE -1 TO WS-P-SELL-CST-PLS-CUS-NI MOVE LOW-VALUES TO WS-P-SELL-CST-PLS-CUS-X ELSE MOVE +0 TO WS-P-SELL-CST-PLS-CUS-NI MOVE SAG14-P-SELL-CST-PLS-CUS TO WS-P-SELL-CST-PLS-CUS END-IF WHEN OTHER MOVE 'SELECT' TO WS-DB-OPERAT,"EXEC SQL SELECT SAG14.P_SELL_CST_PLS, SAG14.P_SELL_CST_PLS_NON, SAG14.P_SELL_CST_PLS_NSC, SAG14.P_SELL_CST_PLS_IND, SAG14.P_SELL_CST_PLS_CUS INTO :SAG14-P-SELL-CST-PLS, :SAG14-P-SELL-CST-PLS-NON, :SAG14-P-SELL-CST-PLS-NSC, :SAG14-P-SELL-CST-PLS-IND, :SAG14-P-SELL-CST-PLS-CUS :SAG14-P-SELL-CST-PLS-CUS-NI FROM SAG14 WHERE SAG14.I_BAS_SELL = :SAG14-I-BAS-SELL AND SAG14.I_VENDOR = :OMGPR-I-VENDOR AND SAG14.D_SELL_START = :SAG14-D-SELL-START END-EXEC."
295,A6U01.CBL,9355-SQL-SELECT-010,21887,21895,SELECT,,,SAG15,SAG15,SAG15.I_BAS_SELL = :SAG15-I-BAS-SELL AND SAG15.I_VENDOR = :OMGPR-I-VENDOR AND SAG15.D_SELL_START = :SAG15-D-SELL-START,,SAG15-P-SELL-LIST-LESS,OMGPR-I-VENDOR;SAG15-D-SELL-START;SAG15-I-BAS-SELL;SAG15-P-SELL-LIST-LESS,,,Y,,Y,2,+0;OTHER,,Y, EVALUATE SQLCODE WHEN +0 MOVE SAG15-P-SELL-LIST-LESS TO WS-P-SELL-LIST-LESS WHEN OTHER MOVE 'SELECT' TO WS-DB-OPERATION MOVE 'SAG15' TO WS-DB-NAME MOVE SQLCODE TO WS-DB-RETURN-CODE MOVE 'DB ERROR' TO WS-DB-STATUS-MSG MOVE 83 TO WS-DB-ERROR-NBR OMGPR-Q-ERROR-NBR MOVE WS-DB2-FATAL-ERROR-IND TO OMGPR-Q-ERROR-CODE MOVE WS-DB-OPERATION-MSG TO OMGPR-ERROR-MESSAGE MOVE WS-YES-IND TO OMGPR-F-PRICER-ERROR GO TO 0020-EXIT-PRICER END-EVALUATE.,EXEC SQL SELECT SAG15.P_SELL_LIST_LESS INTO :SAG15-P-SELL-LIST-LESS FROM SAG15 WHERE SAG15.I_BAS_SELL = :SAG15-I-BAS-SELL AND SAG15.I_VENDOR = :OMGPR-I-VENDOR AND SAG15.D_SELL_START = :SAG15-D-SELL-START END-EXEC.
296,A6U01.CBL,9360-SQL-SELECT-010,21902,21921,SELECT,,,SAG16,SAG16,SAG16.I_BAS_SELL = :SAG16-I-BAS-SELL AND SAG16.I_VENDOR = :OMGPR-I-VENDOR AND SAG16.S_PROD_CATEGORY = :OMGPR-S-PROD-CATEGORY AND SAG16.D_SELL_START = :SAG16-D-SELL-START,,SAG16-P-SELL-GRSSMGN;SAG16-P-SELL-GRSSMGN-CUS;SAG16-P-SELL-GRSSMGN-CUS-NI;SAG16-P-SELL-GRSSMGN-IND;SAG16-P-SELL-GRSSMGN-NON;SAG16-P-SELL-GRSSMGN-NSC,OMGPR-I-VENDOR;OMGPR-S-PROD-CATEGORY;SAG16-D-SELL-START;SAG16-I-BAS-SELL;SAG16-P-SELL-GRSSMGN;SAG16-P-SELL-GRSSMGN-CUS;SAG16-P-SELL-GRSSMGN-CUS-NI;SAG16-P-SELL-GRSSMGN-IND;SAG16-P-SELL-GRSSMGN-NON;SAG16-P-SELL-GRSSMGN-NSC,,,Y,,Y,2,+0;OTHER,,Y, EVALUATE SQLCODE WHEN +0 MOVE SAG16-P-SELL-GRSSMGN TO WS-P-SELL-GRSSMGN-SAN MOVE SAG16-P-SELL-GRSSMGN-NON TO WS-P-SELL-GRSSMGN-NON MOVE SAG16-P-SELL-GRSSMGN-NSC TO WS-P-SELL-GRSSMGN-NSC MOVE SAG16-P-SELL-GRSSMGN-IND TO WS-P-SELL-GRSSMGN-IND IF SAG16-P-SELL-GRSSMGN-CUS-NI = -1 MOVE -1 TO WS-P-SELL-GRSSMGN-CUS-NI MOVE LOW-VALUES TO WS-P-SELL-GRSSMGN-CUS-X ELSE MOVE +0 TO WS-P-SELL-GRSSMGN-CUS-NI MOVE SAG16-P-SELL-GRSSMGN-CUS TO WS-P-SELL-GRSSMGN-CUS END-IF WHEN OTHER MOVE 'SELECT' TO WS-DB-OPERAT,"EXEC SQL SELECT SAG16.P_SELL_GRSSMGN, SAG16.P_SELL_GRSSMGN_NON, SAG16.P_SELL_GRSSMGN_NSC, SAG16.P_SELL_GRSSMGN_IND, SAG16.P_SELL_GRSSMGN_CUS INTO :SAG16-P-SELL-GRSSMGN, :SAG16-P-SELL-GRSSMGN-NON, :SAG16-P-SELL-GRSSMGN-NSC, :SAG16-P-SELL-GRSSMGN-IND, :SAG16-P-SELL-GRSSMGN-CUS :SAG16-P-SELL-GRSSMGN-CUS-NI FROM SAG16 WHERE SAG16.I_BAS_SELL = :SAG16-I-BAS-SELL AND SAG16.I_VENDOR = :OMGPR-I-VENDOR AND SAG16.S_PROD_CATEGORY = :OMGPR-S-PROD-CATEGORY AND SAG16.D_SELL_START = :SAG16-D-SELL-START END-EXEC."
297,A6U01.CBL,9365-SQL-SELECT-010,21928,21947,SELECT,,,SAG17,SAG17,SAG17.I_BAS_SELL = :SAG17-I-BAS-SELL AND SAG17.I_VENDOR = :OMGPR-I-VENDOR AND SAG17.S_PROD_CATEGORY = :OMGPR-S-PROD-CATEGORY AND SAG17.D_SELL_START = :SAG17-D-SELL-START,,SAG17-P-SELL-CST-PLS;SAG17-P-SELL-CST-PLS-CUS;SAG17-P-SELL-CST-PLS-CUS-NI;SAG17-P-SELL-CST-PLS-IND;SAG17-P-SELL-CST-PLS-NON;SAG17-P-SELL-CST-PLS-NSC,OMGPR-I-VENDOR;OMGPR-S-PROD-CATEGORY;SAG17-D-SELL-START;SAG17-I-BAS-SELL;SAG17-P-SELL-CST-PLS;SAG17-P-SELL-CST-PLS-CUS;SAG17-P-SELL-CST-PLS-CUS-NI;SAG17-P-SELL-CST-PLS-IND;SAG17-P-SELL-CST-PLS-NON;SAG17-P-SELL-CST-PLS-NSC,,,Y,,Y,2,+0;OTHER,,Y, EVALUATE SQLCODE WHEN +0 MOVE SAG17-P-SELL-CST-PLS TO WS-P-SELL-CST-PLS-SAN MOVE SAG17-P-SELL-CST-PLS-NON TO WS-P-SELL-CST-PLS-NON MOVE SAG17-P-SELL-CST-PLS-NSC TO WS-P-SELL-CST-PLS-NSC MOVE SAG17-P-SELL-CST-PLS-IND TO WS-P-SELL-CST-PLS-IND IF SAG17-P-SELL-CST-PLS-CUS-NI = -1 MOVE -1 TO WS-P-SELL-CST-PLS-CUS-NI MOVE LOW-VALUES TO WS-P-SELL-CST-PLS-CUS-X ELSE MOVE +0 TO WS-P-SELL-CST-PLS-CUS-NI MOVE SAG17-P-SELL-CST-PLS-CUS TO WS-P-SELL-CST-PLS-CUS END-IF WHEN OTHER MOVE 'SELECT' TO WS-DB-OPERAT,"EXEC SQL SELECT SAG17.P_SELL_CST_PLS, SAG17.P_SELL_CST_PLS_NON, SAG17.P_SELL_CST_PLS_NSC, SAG17.P_SELL_CST_PLS_IND, SAG17.P_SELL_CST_PLS_CUS INTO :SAG17-P-SELL-CST-PLS, :SAG17-P-SELL-CST-PLS-NON, :SAG17-P-SELL-CST-PLS-NSC, :SAG17-P-SELL-CST-PLS-IND, :SAG17-P-SELL-CST-PLS-CUS :SAG17-P-SELL-CST-PLS-CUS-NI FROM SAG17 WHERE SAG17.I_BAS_SELL = :SAG17-I-BAS-SELL AND SAG17.I_VENDOR = :OMGPR-I-VENDOR AND SAG17.S_PROD_CATEGORY = :OMGPR-S-PROD-CATEGORY AND SAG17.D_SELL_START = :SAG17-D-SELL-START END-EXEC."
298,A6U01.CBL,9370-SQL-SELECT-010,21954,21963,SELECT,,,SAG18,SAG18,SAG18.I_BAS_SELL = :SAG18-I-BAS-SELL AND SAG18.I_VENDOR = :OMGPR-I-VENDOR AND SAG18.S_PROD_CATEGORY = :OMGPR-S-PROD-CATEGORY AND SAG18.D_SELL_START = :SAG18-D-SELL-START,,SAG18-P-SELL-LIST-LESS,OMGPR-I-VENDOR;OMGPR-S-PROD-CATEGORY;SAG18-D-SELL-START;SAG18-I-BAS-SELL;SAG18-P-SELL-LIST-LESS,,,Y,,Y,2,+0;OTHER,,Y, EVALUATE SQLCODE WHEN +0 MOVE SAG18-P-SELL-LIST-LESS TO WS-P-SELL-LIST-LESS WHEN OTHER MOVE 'SELECT' TO WS-DB-OPERATION MOVE 'SAG18' TO WS-DB-NAME MOVE SQLCODE TO WS-DB-RETURN-CODE MOVE 'DB ERROR' TO WS-DB-STATUS-MSG MOVE 80 TO WS-DB-ERROR-NBR OMGPR-Q-ERROR-NBR MOVE WS-DB2-FATAL-ERROR-IND TO OMGPR-Q-ERROR-CODE MOVE WS-DB-OPERATION-MSG TO OMGPR-ERROR-MESSAGE MOVE WS-YES-IND TO OMGPR-F-PRICER-ERROR GO TO 0020-EXIT-PRICER END-EVALUATE.,EXEC SQL SELECT SAG18.P_SELL_LIST_LESS INTO :SAG18-P-SELL-LIST-LESS FROM SAG18 WHERE SAG18.I_BAS_SELL = :SAG18-I-BAS-SELL AND SAG18.I_VENDOR = :OMGPR-I-VENDOR AND SAG18.S_PROD_CATEGORY = :OMGPR-S-PROD-CATEGORY AND SAG18.D_SELL_START = :SAG18-D-SELL-START END-EXEC.
299,A6U01.CBL,9375-SQL-SELECT-010,21970,21989,SELECT,,,SAG23,SAG23,SAG23.I_BAS_SELL = :SAG23-I-BAS-SELL AND SAG23.I_VENDOR = :OMGPR-I-VENDOR AND SAG23.I_VND_PRODUCT = :OMGPR-I-VND-PRODUCT AND SAG23.D_SELL_START = :SAG23-D-SELL-START,,SAG23-P-SELL-GRSSMGN;SAG23-P-SELL-GRSSMGN-CUS;SAG23-P-SELL-GRSSMGN-CUS-NI;SAG23-P-SELL-GRSSMGN-IND;SAG23-P-SELL-GRSSMGN-NON;SAG23-P-SELL-GRSSMGN-NSC,OMGPR-I-VENDOR;OMGPR-I-VND-PRODUCT;SAG23-D-SELL-START;SAG23-I-BAS-SELL;SAG23-P-SELL-GRSSMGN;SAG23-P-SELL-GRSSMGN-CUS;SAG23-P-SELL-GRSSMGN-CUS-NI;SAG23-P-SELL-GRSSMGN-IND;SAG23-P-SELL-GRSSMGN-NON;SAG23-P-SELL-GRSSMGN-NSC,,,Y,,Y,2,+0;OTHER,,Y, EVALUATE SQLCODE WHEN +0 MOVE SAG23-P-SELL-GRSSMGN TO WS-P-SELL-GRSSMGN-SAN MOVE SAG23-P-SELL-GRSSMGN-NON TO WS-P-SELL-GRSSMGN-NON MOVE SAG23-P-SELL-GRSSMGN-NSC TO WS-P-SELL-GRSSMGN-NSC MOVE SAG23-P-SELL-GRSSMGN-IND TO WS-P-SELL-GRSSMGN-IND IF SAG23-P-SELL-GRSSMGN-CUS-NI = -1 MOVE -1 TO WS-P-SELL-GRSSMGN-CUS-NI MOVE LOW-VALUES TO WS-P-SELL-GRSSMGN-CUS-X ELSE MOVE +0 TO WS-P-SELL-GRSSMGN-CUS-NI MOVE SAG23-P-SELL-GRSSMGN-CUS TO WS-P-SELL-GRSSMGN-CUS END-IF WHEN OTHER MOVE 'SELECT' TO WS-DB-OPERAT,"EXEC SQL SELECT SAG23.P_SELL_GRSSMGN, SAG23.P_SELL_GRSSMGN_NON, SAG23.P_SELL_GRSSMGN_NSC, SAG23.P_SELL_GRSSMGN_IND, SAG23.P_SELL_GRSSMGN_CUS INTO :SAG23-P-SELL-GRSSMGN, :SAG23-P-SELL-GRSSMGN-NON, :SAG23-P-SELL-GRSSMGN-NSC, :SAG23-P-SELL-GRSSMGN-IND, :SAG23-P-SELL-GRSSMGN-CUS :SAG23-P-SELL-GRSSMGN-CUS-NI FROM SAG23 WHERE SAG23.I_BAS_SELL = :SAG23-I-BAS-SELL AND SAG23.I_VENDOR = :OMGPR-I-VENDOR AND SAG23.I_VND_PRODUCT = :OMGPR-I-VND-PRODUCT AND SAG23.D_SELL_START = :SAG23-D-SELL-START END-EXEC."
300,A6U01.CBL,9380-SQL-SELECT-010,21996,22015,SELECT,,,SAG24,SAG24,SAG24.I_BAS_SELL = :SAG24-I-BAS-SELL AND SAG24.I_VENDOR = :OMGPR-I-VENDOR AND SAG24.I_VND_PRODUCT = :OMGPR-I-VND-PRODUCT AND SAG24.D_SELL_START = :SAG24-D-SELL-START,,SAG24-P-SELL-CST-PLS;SAG24-P-SELL-CST-PLS-CUS;SAG24-P-SELL-CST-PLS-CUS-NI;SAG24-P-SELL-CST-PLS-IND;SAG24-P-SELL-CST-PLS-NON;SAG24-P-SELL-CST-PLS-NSC,OMGPR-I-VENDOR;OMGPR-I-VND-PRODUCT;SAG24-D-SELL-START;SAG24-I-BAS-SELL;SAG24-P-SELL-CST-PLS;SAG24-P-SELL-CST-PLS-CUS;SAG24-P-SELL-CST-PLS-CUS-NI;SAG24-P-SELL-CST-PLS-IND;SAG24-P-SELL-CST-PLS-NON;SAG24-P-SELL-CST-PLS-NSC,,,Y,,Y,2,+0;OTHER,,Y, EVALUATE SQLCODE WHEN +0 MOVE SAG24-P-SELL-CST-PLS TO WS-P-SELL-CST-PLS-SAN MOVE SAG24-P-SELL-CST-PLS-NON TO WS-P-SELL-CST-PLS-NON MOVE SAG24-P-SELL-CST-PLS-NSC TO WS-P-SELL-CST-PLS-NSC MOVE SAG24-P-SELL-CST-PLS-IND TO WS-P-SELL-CST-PLS-IND IF SAG24-P-SELL-CST-PLS-CUS-NI = -1 MOVE -1 TO WS-P-SELL-CST-PLS-CUS-NI MOVE LOW-VALUES TO WS-P-SELL-CST-PLS-CUS-X ELSE MOVE +0 TO WS-P-SELL-CST-PLS-CUS-NI MOVE SAG24-P-SELL-CST-PLS-CUS TO WS-P-SELL-CST-PLS-CUS END-IF WHEN OTHER MOVE 'SELECT' TO WS-DB-OPERAT,"EXEC SQL SELECT SAG24.P_SELL_CST_PLS, SAG24.P_SELL_CST_PLS_NON, SAG24.P_SELL_CST_PLS_NSC, SAG24.P_SELL_CST_PLS_IND, SAG24.P_SELL_CST_PLS_CUS INTO :SAG24-P-SELL-CST-PLS, :SAG24-P-SELL-CST-PLS-NON, :SAG24-P-SELL-CST-PLS-NSC, :SAG24-P-SELL-CST-PLS-IND, :SAG24-P-SELL-CST-PLS-CUS :SAG24-P-SELL-CST-PLS-CUS-NI FROM SAG24 WHERE SAG24.I_BAS_SELL = :SAG24-I-BAS-SELL AND SAG24.I_VENDOR = :OMGPR-I-VENDOR AND SAG24.I_VND_PRODUCT = :OMGPR-I-VND-PRODUCT AND SAG24.D_SELL_START = :SAG24-D-SELL-START END-EXEC."
301,A6U01.CBL,9385-SQL-SELECT-010,22022,22031,SELECT,,,SAG25,SAG25,SAG25.I_BAS_SELL = :SAG25-I-BAS-SELL AND SAG25.I_VENDOR = :OMGPR-I-VENDOR AND SAG25.I_VND_PRODUCT = :OMGPR-I-VND-PRODUCT AND SAG25.D_SELL_START = :SAG25-D-SELL-START,,SAG25-P-SELL-LIST-LESS,OMGPR-I-VENDOR;OMGPR-I-VND-PRODUCT;SAG25-D-SELL-START;SAG25-I-BAS-SELL;SAG25-P-SELL-LIST-LESS,,,Y,,Y,2,+0;OTHER,,Y, EVALUATE SQLCODE WHEN +0 MOVE SAG25-P-SELL-LIST-LESS TO WS-P-SELL-LIST-LESS WHEN OTHER MOVE 'SELECT' TO WS-DB-OPERATION MOVE 'SAG25' TO WS-DB-NAME MOVE SQLCODE TO WS-DB-RETURN-CODE MOVE 'DB ERROR' TO WS-DB-STATUS-MSG MOVE 76 TO WS-DB-ERROR-NBR OMGPR-Q-ERROR-NBR MOVE WS-DB2-FATAL-ERROR-IND TO OMGPR-Q-ERROR-CODE MOVE WS-DB-OPERATION-MSG TO OMGPR-ERROR-MESSAGE MOVE WS-YES-IND TO OMGPR-F-PRICER-ERROR GO TO 0020-EXIT-PRICER END-EVALUATE.,EXEC SQL SELECT SAG25.P_SELL_LIST_LESS INTO :SAG25-P-SELL-LIST-LESS FROM SAG25 WHERE SAG25.I_BAS_SELL = :SAG25-I-BAS-SELL AND SAG25.I_VENDOR = :OMGPR-I-VENDOR AND SAG25.I_VND_PRODUCT = :OMGPR-I-VND-PRODUCT AND SAG25.D_SELL_START = :SAG25-D-SELL-START END-EXEC.
302,A6U01.CBL,9390-SQL-SELECT-010,22038,22050,SELECT,,,SAG26,SAG26,SAG26.I_BAS_SELL = :SAG26-I-BAS-SELL AND SAG26.I_VENDOR = :OMGPR-I-VENDOR AND SAG26.I_VND_PRODUCT = :OMGPR-I-VND-PRODUCT AND SAG26.D_SELL_START = :SAG26-D-SELL-START,,SAG26-A-SELL-PROD-PRC;SAG26-C-SELL-PROD-UM,OMGPR-I-VENDOR;OMGPR-I-VND-PRODUCT;SAG26-A-SELL-PROD-PRC;SAG26-C-SELL-PROD-UM;SAG26-D-SELL-START;SAG26-I-BAS-SELL,,,Y,,Y,2,+0;OTHER,,Y, EVALUATE SQLCODE WHEN +0 MOVE SAG26-A-SELL-PROD-PRC TO WS-A-SELL-PROD-PRC MOVE SAG26-C-SELL-PROD-UM TO WS-C-SELL-PROD-UM WHEN OTHER MOVE 'SELECT' TO WS-DB-OPERATION MOVE 'SAG26' TO WS-DB-NAME MOVE SQLCODE TO WS-DB-RETURN-CODE MOVE 'DB ERROR' TO WS-DB-STATUS-MSG MOVE 77 TO WS-DB-ERROR-NBR OMGPR-Q-ERROR-NBR MOVE WS-DB2-FATAL-ERROR-IND TO OMGPR-Q-ERROR-CODE MOVE WS-DB-OPERATION-MSG TO OMGPR-ERROR-MESSAGE MOVE WS-YES-IND TO OMGPR-F-PRICER-ERROR GO TO 0020-EXIT-PRICER END-EVALUATE.,"EXEC SQL SELECT SAG26.A_SELL_PROD_PRC, SAG26.C_SELL_PROD_UM INTO :SAG26-A-SELL-PROD-PRC, :SAG26-C-SELL-PROD-UM FROM SAG26 WHERE SAG26.I_BAS_SELL = :SAG26-I-BAS-SELL AND SAG26.I_VENDOR = :OMGPR-I-VENDOR AND SAG26.I_VND_PRODUCT = :OMGPR-I-VND-PRODUCT AND SAG26.D_SELL_START = :SAG26-D-SELL-START END-EXEC."
303,A6U01.CBL,9395-SQL-SELECT-010,22057,22075,SELECT,,,SAG19,SAG19,SAG19.I_BAS_SELL = :SAG19-I-BAS-SELL AND SAG19.I_CONTRACT = :OMGPR-I-CONTRACT AND SAG19.D_SELL_START = :SAG19-D-SELL-START,,SAG19-P-SELL-GRSSMGN;SAG19-P-SELL-GRSSMGN-CUS;SAG19-P-SELL-GRSSMGN-CUS-NI;SAG19-P-SELL-GRSSMGN-IND;SAG19-P-SELL-GRSSMGN-NON;SAG19-P-SELL-GRSSMGN-NSC,OMGPR-I-CONTRACT;SAG19-D-SELL-START;SAG19-I-BAS-SELL;SAG19-P-SELL-GRSSMGN;SAG19-P-SELL-GRSSMGN-CUS;SAG19-P-SELL-GRSSMGN-CUS-NI;SAG19-P-SELL-GRSSMGN-IND;SAG19-P-SELL-GRSSMGN-NON;SAG19-P-SELL-GRSSMGN-NSC,,,Y,,Y,2,+0;OTHER,,Y, EVALUATE SQLCODE WHEN +0 MOVE SAG19-P-SELL-GRSSMGN TO WS-P-SELL-GRSSMGN-SAN MOVE SAG19-P-SELL-GRSSMGN-NON TO WS-P-SELL-GRSSMGN-NON MOVE SAG19-P-SELL-GRSSMGN-NSC TO WS-P-SELL-GRSSMGN-NSC MOVE SAG19-P-SELL-GRSSMGN-IND TO WS-P-SELL-GRSSMGN-IND IF SAG19-P-SELL-GRSSMGN-CUS-NI = -1 MOVE -1 TO WS-P-SELL-GRSSMGN-CUS-NI MOVE LOW-VALUES TO WS-P-SELL-GRSSMGN-CUS-X ELSE MOVE +0 TO WS-P-SELL-GRSSMGN-CUS-NI MOVE SAG19-P-SELL-GRSSMGN-CUS TO WS-P-SELL-GRSSMGN-CUS END-IF WHEN OTHER MOVE 'SELECT' TO WS-DB-OPERAT,"EXEC SQL SELECT SAG19.P_SELL_GRSSMGN, SAG19.P_SELL_GRSSMGN_NON, SAG19.P_SELL_GRSSMGN_NSC, SAG19.P_SELL_GRSSMGN_IND, SAG19.P_SELL_GRSSMGN_CUS INTO :SAG19-P-SELL-GRSSMGN, :SAG19-P-SELL-GRSSMGN-NON, :SAG19-P-SELL-GRSSMGN-NSC, :SAG19-P-SELL-GRSSMGN-IND, :SAG19-P-SELL-GRSSMGN-CUS :SAG19-P-SELL-GRSSMGN-CUS-NI FROM SAG19 WHERE SAG19.I_BAS_SELL = :SAG19-I-BAS-SELL AND SAG19.I_CONTRACT = :OMGPR-I-CONTRACT AND SAG19.D_SELL_START = :SAG19-D-SELL-START END-EXEC."
304,A6U01.CBL,9400-SQL-SELECT-010,22082,22100,SELECT,,,SAG20,SAG20,SAG20.I_BAS_SELL = :SAG20-I-BAS-SELL AND SAG20.I_CONTRACT = :OMGPR-I-CONTRACT AND SAG20.D_SELL_START = :SAG20-D-SELL-START,,SAG20-P-SELL-CST-PLS;SAG20-P-SELL-CST-PLS-CUS;SAG20-P-SELL-CST-PLS-CUS-NI;SAG20-P-SELL-CST-PLS-IND;SAG20-P-SELL-CST-PLS-NON;SAG20-P-SELL-CST-PLS-NSC,OMGPR-I-CONTRACT;SAG20-D-SELL-START;SAG20-I-BAS-SELL;SAG20-P-SELL-CST-PLS;SAG20-P-SELL-CST-PLS-CUS;SAG20-P-SELL-CST-PLS-CUS-NI;SAG20-P-SELL-CST-PLS-IND;SAG20-P-SELL-CST-PLS-NON;SAG20-P-SELL-CST-PLS-NSC,,,Y,,Y,2,+0;OTHER,,Y, EVALUATE SQLCODE WHEN +0 MOVE SAG20-P-SELL-CST-PLS TO WS-P-SELL-CST-PLS-SAN MOVE SAG20-P-SELL-CST-PLS-NON TO WS-P-SELL-CST-PLS-NON MOVE SAG20-P-SELL-CST-PLS-NSC TO WS-P-SELL-CST-PLS-NSC MOVE SAG20-P-SELL-CST-PLS-IND TO WS-P-SELL-CST-PLS-IND IF SAG20-P-SELL-CST-PLS-CUS-NI = -1 MOVE -1 TO WS-P-SELL-CST-PLS-CUS-NI MOVE LOW-VALUES TO WS-P-SELL-CST-PLS-CUS-X ELSE MOVE +0 TO WS-P-SELL-CST-PLS-CUS-NI MOVE SAG20-P-SELL-CST-PLS-CUS TO WS-P-SELL-CST-PLS-CUS END-IF WHEN OTHER MOVE 'SELECT' TO WS-DB-OPERAT,"EXEC SQL SELECT SAG20.P_SELL_CST_PLS, SAG20.P_SELL_CST_PLS_NON, SAG20.P_SELL_CST_PLS_NSC, SAG20.P_SELL_CST_PLS_IND, SAG20.P_SELL_CST_PLS_CUS INTO :SAG20-P-SELL-CST-PLS, :SAG20-P-SELL-CST-PLS-NON, :SAG20-P-SELL-CST-PLS-NSC, :SAG20-P-SELL-CST-PLS-IND, :SAG20-P-SELL-CST-PLS-CUS :SAG20-P-SELL-CST-PLS-CUS-NI FROM SAG20 WHERE SAG20.I_BAS_SELL = :SAG20-I-BAS-SELL AND SAG20.I_CONTRACT = :OMGPR-I-CONTRACT AND SAG20.D_SELL_START = :SAG20-D-SELL-START END-EXEC."
305,A6U01.CBL,9405-SQL-SELECT-010,22107,22115,SELECT,,,SAG22,SAG22,SAG22.I_BAS_SELL = :SAG22-I-BAS-SELL AND SAG22.I_CONTRACT = :OMGPR-I-CONTRACT AND SAG22.D_SELL_START = :SAG22-D-SELL-START,,SAG22-P-SELL-LIST-LESS,OMGPR-I-CONTRACT;SAG22-D-SELL-START;SAG22-I-BAS-SELL;SAG22-P-SELL-LIST-LESS,,,Y,,Y,2,+0;OTHER,,Y, EVALUATE SQLCODE WHEN +0 MOVE SAG22-P-SELL-LIST-LESS TO WS-P-SELL-LIST-LESS WHEN OTHER MOVE 'SELECT' TO WS-DB-OPERATION MOVE 'SAG22' TO WS-DB-NAME MOVE SQLCODE TO WS-DB-RETURN-CODE MOVE 'DB ERROR' TO WS-DB-STATUS-MSG MOVE 72 TO WS-DB-ERROR-NBR OMGPR-Q-ERROR-NBR MOVE WS-DB2-FATAL-ERROR-IND TO OMGPR-Q-ERROR-CODE MOVE WS-DB-OPERATION-MSG TO OMGPR-ERROR-MESSAGE MOVE WS-YES-IND TO OMGPR-F-PRICER-ERROR GO TO 0020-EXIT-PRICER END-EVALUATE.,EXEC SQL SELECT SAG22.P_SELL_LIST_LESS INTO :SAG22-P-SELL-LIST-LESS FROM SAG22 WHERE SAG22.I_BAS_SELL = :SAG22-I-BAS-SELL AND SAG22.I_CONTRACT = :OMGPR-I-CONTRACT AND SAG22.D_SELL_START = :SAG22-D-SELL-START END-EXEC.
306,A6U01.CBL,9410-SQL-SELECT-010,22122,22130,SELECT,,,SAG21,SAG21,SAG21.I_BAS_SELL = :SAG21-I-BAS-SELL AND SAG21.I_CONTRACT = :OMGPR-I-CONTRACT AND SAG21.D_SELL_START = :SAG21-D-SELL-START,,SAG21-P-SELL-CONT-SUGG,OMGPR-I-CONTRACT;SAG21-D-SELL-START;SAG21-I-BAS-SELL;SAG21-P-SELL-CONT-SUGG,,,Y,,Y,2,+0;OTHER,,Y, EVALUATE SQLCODE WHEN +0 MOVE SAG21-P-SELL-CONT-SUGG TO WS-P-SELL-CONT-SUGG WHEN OTHER MOVE 'SELECT' TO WS-DB-OPERATION MOVE 'SAG21' TO WS-DB-NAME MOVE SQLCODE TO WS-DB-RETURN-CODE MOVE 'DB ERROR' TO WS-DB-STATUS-MSG MOVE 73 TO WS-DB-ERROR-NBR OMGPR-Q-ERROR-NBR MOVE WS-DB2-FATAL-ERROR-IND TO OMGPR-Q-ERROR-CODE MOVE WS-DB-OPERATION-MSG TO OMGPR-ERROR-MESSAGE MOVE WS-YES-IND TO OMGPR-F-PRICER-ERROR GO TO 0020-EXIT-PRICER END-EVALUATE.,EXEC SQL SELECT SAG21.P_SELL_CONT_SUGG INTO :SAG21-P-SELL-CONT-SUGG FROM SAG21 WHERE SAG21.I_BAS_SELL = :SAG21-I-BAS-SELL AND SAG21.I_CONTRACT = :OMGPR-I-CONTRACT AND SAG21.D_SELL_START = :SAG21-D-SELL-START END-EXEC.
307,A6U01.CBL,9415-SQL-SELECT-010,22137,22148,SELECT,,,SAG03,SAG03,SAG03.I_BUY_GROUP = :SAG03-I-BUY-GROUP AND SAG03.Q_PREF_TIER_LEVEL = :SAG03-Q-PREF-TIER-LEVEL AND SAG03.D_BG_TIER_START <= :WS-CURRENT-DB2-DATE AND (SAG03.D_BG_TIER_EXPIRE >= :WS-CURRENT-DB2-DATE OR SAG03.D_BG_TIER_EXPIRE IS NULL),,SAG03-D-BG-TIER-START,SAG03-D-BG-TIER-START;SAG03-I-BUY-GROUP;SAG03-Q-PREF-TIER-LEVEL;WS-CURRENT-DB2-DATE,,,Y,,Y,2,+0;+100;OTHER,,Y, EVALUATE SQLCODE WHEN +0 MOVE SAG03-D-BG-TIER-START TO WS-D-BG-TIER-START WHEN +100 CONTINUE WHEN OTHER MOVE 'SELECT' TO WS-DB-OPERATION MOVE 'SAG03' TO WS-DB-NAME MOVE SQLCODE TO WS-DB-RETURN-CODE MOVE 'DB ERROR' TO WS-DB-STATUS-MSG MOVE 127 TO WS-DB-ERROR-NBR OMGPR-Q-ERROR-NBR MOVE WS-DB2-FATAL-ERROR-IND TO OMGPR-Q-ERROR-CODE MOVE WS-DB-OPERATION-MSG TO OMGPR-ERROR-MESSAGE MOVE WS-YES-IND TO OMGPR-F-PRICER-ERROR GO TO 0020-EXIT-PRICER END-EVALUATE.,"EXEC SQL SELECT CONVERT(CHAR(10),SAG03.D_BG_TIER_START,101) INTO :SAG03-D-BG-TIER-START FROM SAG03 WHERE SAG03.I_BUY_GROUP = :SAG03-I-BUY-GROUP AND SAG03.Q_PREF_TIER_LEVEL = :SAG03-Q-PREF-TIER-LEVEL AND SAG03.D_BG_TIER_START <= :WS-CURRENT-DB2-DATE AND (SAG03.D_BG_TIER_EXPIRE >= :WS-CURRENT-DB2-DATE OR SAG03.D_BG_TIER_EXPIRE IS NULL) END-EXEC."
308,A6U01.CBL,9420-SQL-SELECT-010,22155,22162,SELECT,,,CUG03,CUG03,CUG03.I_DIVISION = :CUG03-I-DIVISION AND CUG03.S_ACCOUNT = :CUG03-S-ACCOUNT,,CUG03-I-ACCOUNT,CUG03-I-ACCOUNT;CUG03-I-DIVISION;CUG03-S-ACCOUNT,,,,,Y,2,+00;+100;OTHER,,Y, EVALUATE SQLCODE WHEN +00 MOVE CUG03-I-ACCOUNT TO WS-CORP-I-ACCOUNT GO TO 7685-EXIT WHEN +100 CONTINUE WHEN OTHER MOVE 'SELECT' TO WS-DB-OPERATION MOVE 'CUG03' TO WS-DB-NAME MOVE SQLCODE TO WS-DB-RETURN-CODE MOVE 'DB ERROR' TO WS-DB-STATUS-MSG MOVE 148 TO WS-DB-ERROR-NBR OMGPR-Q-ERROR-NBR MOVE WS-DB2-FATAL-ERROR-IND TO OMGPR-Q-ERROR-CODE MOVE WS-DB-OPERATION-MSG TO OMGPR-ERROR-MESSAGE MOVE WS-YES-IND TO OMGPR-F-PRICER-ERROR GO TO 0020-EXIT-PRICER END-EVALUATE.,EXEC SQL SELECT CUG03.I_ACCOUNT INTO :CUG03-I-ACCOUNT FROM CUG03 WHERE CUG03.I_DIVISION = :CUG03-I-DIVISION AND CUG03.S_ACCOUNT = :CUG03-S-ACCOUNT END-EXEC.
309,A6U01.CBL,9425-SQL-SELECT-010,22169,22198,SELECT,,,"SAG01, SAG05, SAG09",SAG01;SAG05;SAG09,SAG09.I_ACCOUNT = :SAG09-I-ACCOUNT AND SAG01.I_BAS_SELL = SAG05.I_BAS_SELL AND SAG01.I_BAS_SELL = SAG09.I_BAS_SELL AND SAG05.D_SELL_ARR_START <= :WS-CURRENT-DB2-DATE AND (SAG05.D_SELL_ARR_EXP >= :WS-CURRENT-DB2-DATE OR SAG05.D_SELL_ARR_EXP IS NULL) AND SAG09.D_SELL_ASGN_EFFECT <= :WS-CURRENT-DB2-DATE AND (SAG09.D_SELL_ASGN_EXPIRE >= :WS-CURRENT-DB2-DATE OR SAG09.D_SELL_ASGN_EXPIRE IS NULL),,SAG01-I-BAS-SELL;SAG05-D-SELL-ARR-EFF;SAG05-D-SELL-ARR-EXP;SAG05-D-SELL-ARR-EXP-NI;SAG05-T-SELL-COMMENT;SAG09-D-SELL-ASGN-EXPIRE;SAG09-D-SELL-ASGN-EXPIRE-NI,SAG01-I-BAS-SELL;SAG05-D-SELL-ARR-EFF;SAG05-D-SELL-ARR-EXP;SAG05-D-SELL-ARR-EXP-NI;SAG05-T-SELL-COMMENT;SAG09-D-SELL-ASGN-EXPIRE;SAG09-D-SELL-ASGN-EXPIRE-NI;SAG09-I-ACCOUNT;WS-CURRENT-DB2-DATE,,,Y,,Y,2,+0;+100;OTHER,,Y, EVALUATE SQLCODE WHEN +0 MOVE SAG01-I-BAS-SELL TO WS-CORP-BAS-SELL MOVE SAG05-T-SELL-COMMENT TO WS-HOLD-CORP-SELL-COMT IF (SAG05-D-SELL-ARR-EXP-NI NOT = -1) MOVE SAG05-D-SELL-ARR-EXP TO WS-CORP-HDR-EXP-DATE ELSE MOVE SPACES TO WS-CORP-HDR-EXP-DATE END-IF IF (SAG09-D-SELL-ASGN-EXPIRE-NI NOT = -1) MOVE SAG09-D-SELL-ASGN-EXPIRE TO WS-CORP-SELL-ASN-EXPDT ELSE MOVE SPACES TO WS-CORP-SELL-ASN-EXPDT END-IF WHEN +100 MOVE ZEROS TO WS-CORP-BAS-SELL WHEN OTHER MOVE 'SELECT' TO WS-DB-OPERATION MOVE 'CORP ,"EXEC SQL SELECT SAG01.I_BAS_SELL, CONVERT(CHAR(10),SAG05.D_SELL_ARR_EFF,101), SAG05.T_SELL_COMMENT, CONVERT(CHAR(10),SAG05.D_SELL_ARR_EXP,101), CONVERT(CHAR(10),SAG09.D_SELL_ASGN_EXPIRE,101) INTO :SAG01-I-BAS-SELL, :SAG05-D-SELL-ARR-EFF, :SAG05-T-SELL-COMMENT, :SAG05-D-SELL-ARR-EXP :SAG05-D-SELL-ARR-EXP-NI, :SAG09-D-SELL-ASGN-EXPIRE :SAG09-D-SELL-ASGN-EXPIRE-NI FROM SAG01, SAG05, SAG09 WHERE SAG09.I_ACCOUNT = :SAG09-I-ACCOUNT AND SAG01.I_BAS_SELL = SAG05.I_BAS_SELL AND SAG01.I_BAS_SELL = SAG09.I_BAS_SELL AND SAG05.D_SELL_ARR_START <= :WS-CURRENT-DB2-DATE AND (SAG05.D_SELL_ARR_EXP >= :WS-CURRENT-DB2-DATE OR SAG05.D_SELL_ARR_EXP IS NULL) AND SAG09.D_SELL_ASGN_EFFECT <= :WS-CURRENT-DB2-DATE AND (SAG09.D_SELL_ASGN_EXPIRE >= :WS-CURRENT-DB2-DATE OR SAG09.D_SELL_ASGN_EXPIRE IS NULL) END-EXEC."
310,A6U01.CBL,9430-SQL-SELECT-010,22205,22227,SELECT,,,CUG18,CUG18,CUG18.I_ACCOUNT = :OMGPR-I-ACCOUNT AND CUG18.D_SPC_USG_VERS_EFF = :CUG18-D-SPC-USG-VERS-EFF AND CUG18.I_VENDOR = :OMGPR-I-VENDOR AND CUG18.I_VND_PRODUCT = :OMGPR-I-VND-PRODUCT AND CUG18.D_SPC_USG_ITEM_EFF <= :WS-CURRENT-DB2-DATE AND (CUG18.D_SPC_USG_ITEM_EXP >= :WS-CURRENT-DB2-DATE OR CUG18.D_SPC_USG_ITEM_EXP IS NULL),,CUG18-C-SPEC-USAGE-UOM;CUG18-D-SPC-USG-ITEM-EXP;CUG18-D-SPC-USG-ITEM-EXP-NI;CUG18-Q-SPEC-USAGE-ITEM,CUG18-C-SPEC-USAGE-UOM;CUG18-D-SPC-USG-ITEM-EXP;CUG18-D-SPC-USG-ITEM-EXP-NI;CUG18-D-SPC-USG-VERS-EFF;CUG18-Q-SPEC-USAGE-ITEM;OMGPR-I-ACCOUNT;OMGPR-I-VENDOR;OMGPR-I-VND-PRODUCT;WS-CURRENT-DB2-DATE,,,Y,,Y,2,+0;OTHER,,Y, EVALUATE SQLCODE WHEN +0 MOVE WS-YES-IND TO WS-F-SPECIFIED-USAGE IF CUG18-D-SPC-USG-ITEM-EXP-NI NOT = -1 MOVE CUG18-D-SPC-USG-ITEM-EXP TO WS-PRICE-EXP-DATE PERFORM 7695-ADD-EXP-DATE-ARRA-010 THRU 7695-EXIT END-IF IF CUG19-D-SPC-USG-VERS-EXP-NI NOT = -1 MOVE CUG19-D-SPC-USG-VERS-EXP TO WS-PRICE-EXP-DATE PERFORM 7695-ADD-EXP-DATE-ARRA-010 THRU 7695-EXIT END-IF WHEN OTHER MOVE 'SELECT' TO WS-DB-OPERATION MOVE 'CUG18' TO WS-DB-NAME MOVE SQLCODE TO WS-DB-RETURN-CODE MOVE 'DB ERROR' TO WS-DB-STATUS-M,"EXEC SQL SELECT CUG18.Q_SPEC_USAGE_ITEM, CUG18.C_SPEC_USAGE_UOM, CONVERT(CHAR(10),CUG18.D_SPC_USG_ITEM_EXP,101) INTO :CUG18-Q-SPEC-USAGE-ITEM, :CUG18-C-SPEC-USAGE-UOM, :CUG18-D-SPC-USG-ITEM-EXP :CUG18-D-SPC-USG-ITEM-EXP-NI FROM CUG18 WHERE CUG18.I_ACCOUNT = :OMGPR-I-ACCOUNT AND CUG18.D_SPC_USG_VERS_EFF = :CUG18-D-SPC-USG-VERS-EFF AND CUG18.I_VENDOR = :OMGPR-I-VENDOR AND CUG18.I_VND_PRODUCT = :OMGPR-I-VND-PRODUCT AND CUG18.D_SPC_USG_ITEM_EFF <= :WS-CURRENT-DB2-DATE AND (CUG18.D_SPC_USG_ITEM_EXP >= :WS-CURRENT-DB2-DATE OR CUG18.D_SPC_USG_ITEM_EXP IS NULL) END-EXEC."
311,A6U01.CBL,9435-SQL-SELECT-010,22234,22248,SELECT,,,CUG29,CUG29,I_ACCOUNT = :OMGPR-I-ACCOUNT AND C_SHIP_TO_SUFFIX = :OMGPR-C-SHIP-TO-SUFFIX AND D_PANDAC_ADJ_EFF <= :WS-CURRENT-DB2-DATE AND (D_PANDAC_ADJ_EXP >= :WS-CURRENT-DB2-DATE OR D_PANDAC_ADJ_EXP IS NULL),,CUG29-D-PANDAC-ADJ-EXP;CUG29-D-PANDAC-ADJ-EXP-NI;CUG29-P-PANDAC-ADJ,CUG29-D-PANDAC-ADJ-EXP;CUG29-D-PANDAC-ADJ-EXP-NI;CUG29-P-PANDAC-ADJ;OMGPR-C-SHIP-TO-SUFFIX;OMGPR-I-ACCOUNT;WS-CURRENT-DB2-DATE,,,Y,,Y,2,+0;+100;OTHER,,Y, EVALUATE SQLCODE WHEN +0 MOVE 'Y' TO WS-PANDAC-FND-SW COMPUTE OMGPR-A-PANDAC ROUNDED = OMGPR-A-TOTAL-COST * CUG29-P-PANDAC-ADJ MOVE CUG29-P-PANDAC-ADJ TO OMGPR-P-PANDAC-ADJ IF CUG29-D-PANDAC-ADJ-EXP-NI NOT = -1 MOVE CUG29-D-PANDAC-ADJ-EXP TO WS-PRICE-EXP-DATE PERFORM 7695-ADD-EXP-DATE-ARRA-010 THRU 7695-EXIT END-IF WHEN +100 CONTINUE WHEN OTHER MOVE 'SELECT' TO WS-DB-OPERATION MOVE 'CUG29' TO WS-DB-NAME MOVE SQLCODE TO WS-DB-RETURN-CODE MOVE 'DB ERROR' TO WS-DB-STATUS-MSG MOVE 89 TO WS-DB-ERROR,"EXEC SQL SELECT CUG29.P_PANDAC_ADJ, CONVERT(CHAR(10),CUG29.D_PANDAC_ADJ_EXP,101) INTO :CUG29-P-PANDAC-ADJ, :CUG29-D-PANDAC-ADJ-EXP :CUG29-D-PANDAC-ADJ-EXP-NI FROM CUG29 WHERE I_ACCOUNT = :OMGPR-I-ACCOUNT AND C_SHIP_TO_SUFFIX = :OMGPR-C-SHIP-TO-SUFFIX AND D_PANDAC_ADJ_EFF <= :WS-CURRENT-DB2-DATE AND (D_PANDAC_ADJ_EXP >= :WS-CURRENT-DB2-DATE OR D_PANDAC_ADJ_EXP IS NULL) END-EXEC."
312,A6U01.CBL,9436-SQL-SELECT-010,22259,22285,SELECT,,,CUTFEE_PRICE,CUTFEE_PRICE,COMPANY_ID ='OM' AND CUST_ID = :WS-CUST-ID AND SHIP_TO_SUFFIX = :WS-C-SHIP-TO-SUFFIX AND FEE_SHORT_CODE = :WS-PANDAC AND D_FEE_EFFECTIVE <= :WS-CURRENT-DB2-DATE AND (D_FEE_EXPIRE >= :WS-CURRENT-DB2-DATE OR D_FEE_EXPIRE IS NULL),,CUFP-BILLING-FREQ;CUFP-D-ADJ-EXP-NI;CUFP-DATE-EXPIRE;CUFP-FEE-AMT;CUFP-FEE-PCT;CUFP-FEE-SHORT-CODE;CUFP-FEE-TYPE;CUFP-SKU-CODE,CUFP-BILLING-FREQ;CUFP-D-ADJ-EXP-NI;CUFP-DATE-EXPIRE;CUFP-FEE-AMT;CUFP-FEE-PCT;CUFP-FEE-SHORT-CODE;CUFP-FEE-TYPE;CUFP-SKU-CODE;WS-C-SHIP-TO-SUFFIX;WS-CURRENT-DB2-DATE;WS-CUST-ID;WS-PANDAC,,,Y,,Y,2,+0;+100;OTHER,,Y, EVALUATE SQLCODE WHEN +0 MOVE 'Y' TO WS-CMF-PANDAC-FEE-FND-SW PERFORM 7707-CHECK-PANDAC-ACCT-FLAG THROUGH 7707-EXIT IF WS-PANDAC-CUST MOVE 'Y' TO WS-PANDAC-FND-SW IF FEE-PCT-SALES OR FEE-PCT-COST COMPUTE OMGPR-P-PANDAC-ADJ = (CUFP-FEE-PCT) / 100 IF FEE-PCT-COST COMPUTE OMGPR-A-PANDAC ROUNDED = OMGPR-A-TOTAL-COST * OMGPR-P-PANDAC-ADJ END-IF IF FEE-PCT-SALES COMPUTE OMGPR-A-PANDAC ROUNDED = WS-A-SELL-BEFORE-ADJ * OMGPR-P-PANDAC-ADJ END-IF MOVE OMGPR-P-PANDAC-ADJ TO OMGPR-P-PANDAC-PN MOVE 0 TO OMG,"EXEC SQL SELECT FEE_PCT, FEE_AMT, FEE_SHORT_CODE, FEE_TYPE, SKU_CODE, BILLING_FREQ, CONVERT(CHAR(10),D_FEE_EXPIRE,101) INTO :CUFP-FEE-PCT, :CUFP-FEE-AMT, :CUFP-FEE-SHORT-CODE, :CUFP-FEE-TYPE, :CUFP-SKU-CODE, :CUFP-BILLING-FREQ, :CUFP-DATE-EXPIRE :CUFP-D-ADJ-EXP-NI FROM CUTFEE_PRICE WHERE COMPANY_ID ='OM' AND CUST_ID = :WS-CUST-ID AND SHIP_TO_SUFFIX = :WS-C-SHIP-TO-SUFFIX AND FEE_SHORT_CODE = :WS-PANDAC AND D_FEE_EFFECTIVE <= :WS-CURRENT-DB2-DATE AND (D_FEE_EXPIRE >= :WS-CURRENT-DB2-DATE OR D_FEE_EXPIRE IS NULL) END-EXEC."
313,A6U01.CBL,9440-SQL-SELECT-010,22292,22321,SELECT,,,"SAG01, SAG05, SAG09",SAG01;SAG05;SAG09,SAG09.I_ACCOUNT = :OMGPR-I-ACCOUNT AND SAG01.I_BAS_SELL = SAG05.I_BAS_SELL AND SAG01.I_BAS_SELL = SAG09.I_BAS_SELL AND SAG05.D_SELL_ARR_START <= :WS-CURRENT-DB2-DATE AND (SAG05.D_SELL_ARR_EXP >= :WS-CURRENT-DB2-DATE OR SAG05.D_SELL_ARR_EXP IS NULL) AND SAG09.D_SELL_ASGN_EFFECT <= :WS-CURRENT-DB2-DATE AND (SAG09.D_SELL_ASGN_EXPIRE >= :WS-CURRENT-DB2-DATE OR SAG09.D_SELL_ASGN_EXPIRE IS NULL),,SAG01-I-BAS-SELL;SAG05-D-SELL-ARR-EFF;SAG05-D-SELL-ARR-EXP;SAG05-D-SELL-ARR-EXP-NI;SAG05-T-SELL-COMMENT;SAG09-D-SELL-ASGN-EXPIRE;SAG09-D-SELL-ASGN-EXPIRE-NI,OMGPR-I-ACCOUNT;SAG01-I-BAS-SELL;SAG05-D-SELL-ARR-EFF;SAG05-D-SELL-ARR-EXP;SAG05-D-SELL-ARR-EXP-NI;SAG05-T-SELL-COMMENT;SAG09-D-SELL-ASGN-EXPIRE;SAG09-D-SELL-ASGN-EXPIRE-NI;WS-CURRENT-DB2-DATE,,,Y,,Y,2,+0;+100;OTHER,,Y, EVALUATE SQLCODE WHEN +0 MOVE SAG01-I-BAS-SELL TO WS-ACCT-BAS-SELL MOVE SAG05-T-SELL-COMMENT TO WS-HOLD-ACCOUNT-SELL-COMT WHEN +100 MOVE ZEROS TO WS-ACCT-BAS-SELL WHEN OTHER MOVE 'SELECT' TO WS-DB-OPERATION MOVE 'ACCT SELL ARR' TO WS-DB-NAME MOVE SQLCODE TO WS-DB-RETURN-CODE MOVE 'DB ERROR' TO WS-DB-STATUS-MSG MOVE 8 TO WS-DB-ERROR-NBR OMGPR-Q-ERROR-NBR MOVE WS-DB2-FATAL-ERROR-IND TO OMGPR-Q-ERROR-CODE MOVE WS-DB-OPERATION-MSG TO OMGPR-ERROR-MESSAGE MOVE WS-YES-IND TO OMGPR-F-PRICER-ERROR GO TO,"EXEC SQL SELECT SAG01.I_BAS_SELL, CONVERT(CHAR(10),SAG05.D_SELL_ARR_EFF,101), SAG05.T_SELL_COMMENT, CONVERT(CHAR(10),SAG05.D_SELL_ARR_EXP,101), CONVERT(CHAR(10),SAG09.D_SELL_ASGN_EXPIRE,101) INTO :SAG01-I-BAS-SELL, :SAG05-D-SELL-ARR-EFF, :SAG05-T-SELL-COMMENT, :SAG05-D-SELL-ARR-EXP :SAG05-D-SELL-ARR-EXP-NI, :SAG09-D-SELL-ASGN-EXPIRE :SAG09-D-SELL-ASGN-EXPIRE-NI FROM SAG01, SAG05, SAG09 WHERE SAG09.I_ACCOUNT = :OMGPR-I-ACCOUNT AND SAG01.I_BAS_SELL = SAG05.I_BAS_SELL AND SAG01.I_BAS_SELL = SAG09.I_BAS_SELL AND SAG05.D_SELL_ARR_START <= :WS-CURRENT-DB2-DATE AND (SAG05.D_SELL_ARR_EXP >= :WS-CURRENT-DB2-DATE OR SAG05.D_SELL_ARR_EXP IS NULL) AND SAG09.D_SELL_ASGN_EFFECT <= :WS-CURRENT-DB2-DATE AND (SAG09.D_SELL_ASGN_EXPIRE >= :WS-CURRENT-DB2-DATE OR SAG09.D_SELL_ASGN_EXPIRE IS NULL) END-EXEC."
314,A6U01.CBL,9445-SQL-SELECT-010,22328,22337,SELECT,,,BGG01,BGG01,BGG01.I_BUY_GROUP = :BGG01-I-BUY-GROUP,,BGG01-I-DIVISION;BGG01-N-BUY-GROUP-SHORT,BGG01-I-BUY-GROUP;BGG01-I-DIVISION;BGG01-N-BUY-GROUP-SHORT,,,,,Y,2,+0;OTHER,,Y, EVALUATE SQLCODE WHEN +0 CONTINUE WHEN OTHER MOVE 'SELECT' TO WS-DB-OPERATION MOVE 'BGG01' TO WS-DB-NAME MOVE SQLCODE TO WS-DB-RETURN-CODE MOVE 'DB ERROR' TO WS-DB-STATUS-MSG MOVE 90 TO WS-DB-ERROR-NBR OMGPR-Q-ERROR-NBR MOVE WS-DB2-FATAL-ERROR-IND TO OMGPR-Q-ERROR-CODE MOVE WS-DB-OPERATION-MSG TO OMGPR-ERROR-MESSAGE MOVE WS-YES-IND TO OMGPR-F-PRICER-ERROR GO TO 0020-EXIT-PRICER END-EVALUATE.,"EXEC SQL SELECT BGG01.N_BUY_GROUP_SHORT, BGG01.I_DIVISION INTO :BGG01-N-BUY-GROUP-SHORT, :BGG01-I-DIVISION FROM BGG01 WHERE BGG01.I_BUY_GROUP = :BGG01-I-BUY-GROUP END-EXEC."
315,A6U01.CBL,9450-SQL-SELECT-010,22344,22357,SELECT,,,CUG24,CUG24,I_CUSTOMER = :OMGPR-I-CUSTOMER AND D_RISK_PREMIUM_EFF <= :WS-CURRENT-DB2-DATE AND (D_RISK_PREMIUM_EXP >= :WS-CURRENT-DB2-DATE OR D_RISK_PREMIUM_EXP IS NULL),,CUG24-D-RISK-PREMIUM-EXP;CUG24-D-RISK-PREMIUM-EXP-NI;CUG24-P-RISK-PREMIUM,CUG24-D-RISK-PREMIUM-EXP;CUG24-D-RISK-PREMIUM-EXP-NI;CUG24-P-RISK-PREMIUM;OMGPR-I-CUSTOMER;WS-CURRENT-DB2-DATE,,,Y,,Y,2,+0;+100;OTHER,,Y, EVALUATE SQLCODE WHEN +0 COMPUTE OMGPR-A-RISK-PREMIUM ROUNDED = WS-A-SELL-BEFORE-ADJ * CUG24-P-RISK-PREMIUM MOVE CUG24-P-RISK-PREMIUM TO OMGPR-P-RISK-PREMIUM IF CUG24-D-RISK-PREMIUM-EXP-NI NOT = -1 MOVE CUG24-D-RISK-PREMIUM-EXP TO WS-PRICE-EXP-DATE PERFORM 7695-ADD-EXP-DATE-ARRA-010 THRU 7695-EXIT END-IF WHEN +100 CONTINUE WHEN OTHER MOVE 'SELECT' TO WS-DB-OPERATION MOVE 'CUG24' TO WS-DB-NAME MOVE SQLCODE TO WS-DB-RETURN-CODE MOVE 'DB ERROR' TO WS-DB-STATUS-MSG MOVE 59 TO WS-DB-ERROR-NBR OMGPR-,"EXEC SQL SELECT CUG24.P_RISK_PREMIUM, CONVERT(CHAR(10),CUG24.D_RISK_PREMIUM_EXP,101) INTO :CUG24-P-RISK-PREMIUM, :CUG24-D-RISK-PREMIUM-EXP :CUG24-D-RISK-PREMIUM-EXP-NI FROM CUG24 WHERE I_CUSTOMER = :OMGPR-I-CUSTOMER AND D_RISK_PREMIUM_EFF <= :WS-CURRENT-DB2-DATE AND (D_RISK_PREMIUM_EXP >= :WS-CURRENT-DB2-DATE OR D_RISK_PREMIUM_EXP IS NULL) END-EXEC."
316,A6U01.CBL,9452-SQL-SELECT-010,22364,22377,SELECT,,,CID_RISK_PREM_ADJ CUG70,CID_RISK_PREM_ADJ,CUSTOMER_NBR = :OMGPR-CUSTOMER-NBR AND D_RISK_PREMIUM_EFF <= :WS-CURRENT-DB2-DATE AND (D_RISK_PREMIUM_EXP >= :WS-CURRENT-DB2-DATE OR D_RISK_PREMIUM_EXP IS NULL),,CUG70-D-RISK-PREMIUM-EXP;CUG70-D-RISK-PREMIUM-EXP-NI;CUG70-P-RISK-PREMIUM,CUG70-D-RISK-PREMIUM-EXP;CUG70-D-RISK-PREMIUM-EXP-NI;CUG70-P-RISK-PREMIUM;OMGPR-CUSTOMER-NBR;WS-CURRENT-DB2-DATE,,,Y,,Y,2,+0;+100;OTHER,,Y, EVALUATE SQLCODE WHEN +0 COMPUTE OMGPR-A-RISK-PREMIUM ROUNDED = WS-A-SELL-BEFORE-ADJ * CUG70-P-RISK-PREMIUM MOVE CUG70-P-RISK-PREMIUM TO OMGPR-P-RISK-PREMIUM IF CUG70-D-RISK-PREMIUM-EXP-NI NOT = -1 MOVE CUG70-D-RISK-PREMIUM-EXP TO WS-PRICE-EXP-DATE PERFORM 7695-ADD-EXP-DATE-ARRA-010 THRU 7695-EXIT END-IF WHEN +100 CONTINUE WHEN OTHER MOVE 'SELECT' TO WS-DB-OPERATION MOVE 'CID_RISK_PREM_ADJ' TO WS-DB-NAME MOVE SQLCODE TO WS-DB-RETURN-CODE MOVE 'DB ERROR' TO WS-DB-STATUS-MSG MOVE 202 TO WS-DB-ERR,"EXEC SQL SELECT CUG70.P_RISK_PREMIUM, CONVERT(CHAR(10),CUG70.D_RISK_PREMIUM_EXP,101) INTO :CUG70-P-RISK-PREMIUM, :CUG70-D-RISK-PREMIUM-EXP :CUG70-D-RISK-PREMIUM-EXP-NI FROM CID_RISK_PREM_ADJ CUG70 WHERE CUSTOMER_NBR = :OMGPR-CUSTOMER-NBR AND D_RISK_PREMIUM_EFF <= :WS-CURRENT-DB2-DATE AND (D_RISK_PREMIUM_EXP >= :WS-CURRENT-DB2-DATE OR D_RISK_PREMIUM_EXP IS NULL) END-EXEC."
317,A6U01.CBL,9455-SQL-SELECT-010,22384,22399,SELECT,,,CUG26,CUG26,CUG26.I_ACCOUNT = :OMGPR-I-ACCOUNT AND CUG26.D_FINANCE_CHG_EFF <= :WS-CURRENT-DB2-DATE AND (CUG26.D_FINANCE_CHG_EXP >= :WS-CURRENT-DB2-DATE OR CUG26.D_FINANCE_CHG_EXP IS NULL),,CUG26-D-FINANCE-CHG-EXP;CUG26-D-FINANCE-CHG-EXP-NI;CUG26-P-FINANCE-CHG,CUG26-D-FINANCE-CHG-EXP;CUG26-D-FINANCE-CHG-EXP-NI;CUG26-P-FINANCE-CHG;OMGPR-I-ACCOUNT;WS-CURRENT-DB2-DATE,,,Y,,Y,2,+0;+100;OTHER,,Y, EVALUATE SQLCODE WHEN +0 COMPUTE OMGPR-A-FINANCE-CHG ROUNDED = WS-A-SELL-BEFORE-ADJ * CUG26-P-FINANCE-CHG MOVE CUG26-P-FINANCE-CHG TO OMGPR-P-FINANCE-CHG IF CUG26-D-FINANCE-CHG-EXP-NI NOT = -1 MOVE CUG26-D-FINANCE-CHG-EXP TO WS-PRICE-EXP-DATE PERFORM 7695-ADD-EXP-DATE-ARRA-010 THRU 7695-EXIT END-IF WHEN +100 CONTINUE WHEN OTHER MOVE 'SELECT' TO WS-DB-OPERATION MOVE 'CUG26' TO WS-DB-NAME MOVE SQLCODE TO WS-DB-RETURN-CODE MOVE 'DB ERROR' TO WS-DB-STATUS-MSG MOVE 3 TO WS-DB-ERROR-NBR OMGPR-Q-ERROR,"EXEC SQL SELECT CUG26.P_FINANCE_CHG, CONVERT(CHAR(10),CUG26.D_FINANCE_CHG_EXP,101) INTO :CUG26-P-FINANCE-CHG, :CUG26-D-FINANCE-CHG-EXP :CUG26-D-FINANCE-CHG-EXP-NI FROM CUG26 WHERE CUG26.I_ACCOUNT = :OMGPR-I-ACCOUNT AND CUG26.D_FINANCE_CHG_EFF <= :WS-CURRENT-DB2-DATE AND (CUG26.D_FINANCE_CHG_EXP >= :WS-CURRENT-DB2-DATE OR CUG26.D_FINANCE_CHG_EXP IS NULL) END-EXEC."
318,A6U01.CBL,9457-SQL-SELECT-010,22406,22421,SELECT,,,CID_FIN_CHRG_ADJ CUG69,CID_FIN_CHRG_ADJ,CUG69.CUSTOMER_NBR = :OMGPR-CUSTOMER-NBR AND CUG69.D_FINANCE_CHG_EFF <= :WS-CURRENT-DB2-DATE AND (CUG69.D_FINANCE_CHG_EXP >= :WS-CURRENT-DB2-DATE OR CUG69.D_FINANCE_CHG_EXP IS NULL),,CUG69-D-FINANCE-CHG-EXP;CUG69-D-FINANCE-CHG-EXP-NI;CUG69-P-FINANCE-CHG,CUG69-D-FINANCE-CHG-EXP;CUG69-D-FINANCE-CHG-EXP-NI;CUG69-P-FINANCE-CHG;OMGPR-CUSTOMER-NBR;WS-CURRENT-DB2-DATE,,,Y,,Y,2,+0;+100;OTHER,,Y, EVALUATE SQLCODE WHEN +0 COMPUTE OMGPR-A-FINANCE-CHG ROUNDED = WS-A-SELL-BEFORE-ADJ * CUG69-P-FINANCE-CHG MOVE CUG69-P-FINANCE-CHG TO OMGPR-P-FINANCE-CHG IF CUG69-D-FINANCE-CHG-EXP-NI NOT = -1 MOVE CUG69-D-FINANCE-CHG-EXP TO WS-PRICE-EXP-DATE PERFORM 7695-ADD-EXP-DATE-ARRA-010 THRU 7695-EXIT END-IF WHEN +100 CONTINUE WHEN OTHER MOVE 'SELECT' TO WS-DB-OPERATION MOVE 'CID_FIN_CHRG_ADJ' TO WS-DB-NAME MOVE SQLCODE TO WS-DB-RETURN-CODE MOVE 'DB ERROR' TO WS-DB-STATUS-MSG MOVE 204 TO WS-DB-ERROR-NBR ,"EXEC SQL SELECT CUG69.P_FINANCE_CHG, CONVERT(CHAR(10),CUG69.D_FINANCE_CHG_EXP,101) INTO :CUG69-P-FINANCE-CHG, :CUG69-D-FINANCE-CHG-EXP :CUG69-D-FINANCE-CHG-EXP-NI FROM CID_FIN_CHRG_ADJ CUG69 WHERE CUG69.CUSTOMER_NBR = :OMGPR-CUSTOMER-NBR AND CUG69.D_FINANCE_CHG_EFF <= :WS-CURRENT-DB2-DATE AND (CUG69.D_FINANCE_CHG_EXP >= :WS-CURRENT-DB2-DATE OR CUG69.D_FINANCE_CHG_EXP IS NULL) END-EXEC."
319,A6U01.CBL,9460-SQL-SELECT-010,22428,22441,SELECT,,,CUG23,CUG23,I_CUSTOMER = :OMGPR-I-CUSTOMER AND D_NONCONT_CUST_EFF <= :WS-CURRENT-DB2-DATE AND (D_NONCONT_CUST_EXP >= :WS-CURRENT-DB2-DATE OR D_NONCONT_CUST_EXP IS NULL),,CUG23-D-NONCONT-CUST-EXP;CUG23-D-NONCONT-CUST-EXP-NI;CUG23-P-NONCONT-CUST,CUG23-D-NONCONT-CUST-EXP;CUG23-D-NONCONT-CUST-EXP-NI;CUG23-P-NONCONT-CUST;OMGPR-I-CUSTOMER;WS-CURRENT-DB2-DATE,,,Y,,Y,2,+0;+100;OTHER,,Y, EVALUATE SQLCODE WHEN +0 COMPUTE OMGPR-A-NONCONT-CUST ROUNDED = WS-A-SELL-BEFORE-ADJ * CUG23-P-NONCONT-CUST MOVE CUG23-P-NONCONT-CUST TO OMGPR-P-NONCONT-CUST IF CUG23-D-NONCONT-CUST-EXP-NI NOT = -1 MOVE CUG23-D-NONCONT-CUST-EXP TO WS-PRICE-EXP-DATE PERFORM 7695-ADD-EXP-DATE-ARRA-010 THRU 7695-EXIT END-IF WHEN +100 CONTINUE WHEN OTHER MOVE 'SELECT' TO WS-DB-OPERATION MOVE 'CUG23' TO WS-DB-NAME MOVE SQLCODE TO WS-DB-RETURN-CODE MOVE 'DB ERROR' TO WS-DB-STATUS-MSG MOVE 18 TO WS-DB-ERROR-NBR OMGPR-,"EXEC SQL SELECT CUG23.P_NONCONT_CUST, CONVERT(CHAR(10),CUG23.D_NONCONT_CUST_EXP,101) INTO :CUG23-P-NONCONT-CUST, :CUG23-D-NONCONT-CUST-EXP :CUG23-D-NONCONT-CUST-EXP-NI FROM CUG23 WHERE I_CUSTOMER = :OMGPR-I-CUSTOMER AND D_NONCONT_CUST_EFF <= :WS-CURRENT-DB2-DATE AND (D_NONCONT_CUST_EXP >= :WS-CURRENT-DB2-DATE OR D_NONCONT_CUST_EXP IS NULL) END-EXEC."
320,A6U01.CBL,9462-SQL-SELECT-010,22448,22461,SELECT,,,CID_NON_CONT_ADJ CUG72,CID_NON_CONT_ADJ,CUSTOMER_NBR = :OMGPR-CUSTOMER-NBR AND D_NONCONT_CUST_EFF <= :WS-CURRENT-DB2-DATE AND (D_NONCONT_CUST_EXP >= :WS-CURRENT-DB2-DATE OR D_NONCONT_CUST_EXP IS NULL),,CUG72-D-NONCONT-CUST-EXP;CUG72-D-NONCONT-CUST-EXP-NI;CUG72-P-NONCONT-CUST,CUG72-D-NONCONT-CUST-EXP;CUG72-D-NONCONT-CUST-EXP-NI;CUG72-P-NONCONT-CUST;OMGPR-CUSTOMER-NBR;WS-CURRENT-DB2-DATE,,,Y,,Y,2,+0;+100;OTHER,,Y, EVALUATE SQLCODE WHEN +0 COMPUTE OMGPR-A-NONCONT-CUST ROUNDED = WS-A-SELL-BEFORE-ADJ * CUG72-P-NONCONT-CUST MOVE CUG72-P-NONCONT-CUST TO OMGPR-P-NONCONT-CUST IF CUG72-D-NONCONT-CUST-EXP-NI NOT = -1 MOVE CUG72-D-NONCONT-CUST-EXP TO WS-PRICE-EXP-DATE PERFORM 7695-ADD-EXP-DATE-ARRA-010 THRU 7695-EXIT END-IF WHEN +100 CONTINUE WHEN OTHER MOVE 'SELECT' TO WS-DB-OPERATION MOVE 'CID_NON_CONT_ADJ' TO WS-DB-NAME MOVE SQLCODE TO WS-DB-RETURN-CODE MOVE 'DB ERROR' TO WS-DB-STATUS-MSG MOVE 213 TO WS-DB-ERRO,"EXEC SQL SELECT CUG72.P_NONCONT_CUST, CONVERT(CHAR(10),CUG72.D_NONCONT_CUST_EXP,101) INTO :CUG72-P-NONCONT-CUST, :CUG72-D-NONCONT-CUST-EXP :CUG72-D-NONCONT-CUST-EXP-NI FROM CID_NON_CONT_ADJ CUG72 WHERE CUSTOMER_NBR = :OMGPR-CUSTOMER-NBR AND D_NONCONT_CUST_EFF <= :WS-CURRENT-DB2-DATE AND (D_NONCONT_CUST_EXP >= :WS-CURRENT-DB2-DATE OR D_NONCONT_CUST_EXP IS NULL) END-EXEC."
321,A6U01.CBL,9465-SQL-SELECT-010,22468,22481,SELECT,,,CUG27,CUG27,I_ACCOUNT = :OMGPR-I-ACCOUNT AND D_PREPAY_DED_EFF <= :WS-CURRENT-DB2-DATE AND (D_PREPAY_DED_EXP >= :WS-CURRENT-DB2-DATE OR D_PREPAY_DED_EXP IS NULL),,CUG27-D-PREPAY-DED-EXP;CUG27-D-PREPAY-DED-EXP-NI;CUG27-P-PREPAY-DEDUCTION,CUG27-D-PREPAY-DED-EXP;CUG27-D-PREPAY-DED-EXP-NI;CUG27-P-PREPAY-DEDUCTION;OMGPR-I-ACCOUNT;WS-CURRENT-DB2-DATE,,,Y,,Y,2,+0;+100;OTHER,,Y, EVALUATE SQLCODE WHEN +0 COMPUTE OMGPR-A-PREPAY-DEDUCTION ROUNDED = WS-A-SELL-BEFORE-ADJ * CUG27-P-PREPAY-DEDUCTION MOVE CUG27-P-PREPAY-DEDUCTION TO OMGPR-P-PREPAY-DEDUCTION IF CUG27-D-PREPAY-DED-EXP-NI NOT = -1 MOVE CUG27-D-PREPAY-DED-EXP TO WS-PRICE-EXP-DATE PERFORM 7695-ADD-EXP-DATE-ARRA-010 THRU 7695-EXIT END-IF WHEN +100 CONTINUE WHEN OTHER MOVE 'SELECT' TO WS-DB-OPERATION MOVE 'CUG27' TO WS-DB-NAME MOVE SQLCODE TO WS-DB-RETURN-CODE MOVE 'DB ERROR' TO WS-DB-STATUS-MSG MOVE 6 TO WS-DB-ERROR,"EXEC SQL SELECT CUG27.P_PREPAY_DEDUCTION, CONVERT(CHAR(10),CUG27.D_PREPAY_DED_EXP,101) INTO :CUG27-P-PREPAY-DEDUCTION, :CUG27-D-PREPAY-DED-EXP :CUG27-D-PREPAY-DED-EXP-NI FROM CUG27 WHERE I_ACCOUNT = :OMGPR-I-ACCOUNT AND D_PREPAY_DED_EFF <= :WS-CURRENT-DB2-DATE AND (D_PREPAY_DED_EXP >= :WS-CURRENT-DB2-DATE OR D_PREPAY_DED_EXP IS NULL) END-EXEC."
322,A6U01.CBL,9467-SQL-SELECT-010,22488,22501,SELECT,,,CID_PREPAY_DEDUCT CUG67,CID_PREPAY_DEDUCT,CUSTOMER_NBR = :OMGPR-CUSTOMER-NBR AND D_PREPAY_DED_EFF <= :WS-CURRENT-DB2-DATE AND (D_PREPAY_DED_EXP >= :WS-CURRENT-DB2-DATE OR D_PREPAY_DED_EXP IS NULL),,CUG67-D-PREPAY-DED-EXP;CUG67-D-PREPAY-DED-EXP-NI;CUG67-P-PREPAY-DEDUCTION,CUG67-D-PREPAY-DED-EXP;CUG67-D-PREPAY-DED-EXP-NI;CUG67-P-PREPAY-DEDUCTION;OMGPR-CUSTOMER-NBR;WS-CURRENT-DB2-DATE,,,Y,,Y,2,+0;+100;OTHER,,Y, EVALUATE SQLCODE WHEN +0 COMPUTE OMGPR-A-PREPAY-DEDUCTION ROUNDED = WS-A-SELL-BEFORE-ADJ * CUG67-P-PREPAY-DEDUCTION MOVE CUG67-P-PREPAY-DEDUCTION TO OMGPR-P-PREPAY-DEDUCTION IF CUG67-D-PREPAY-DED-EXP-NI NOT = -1 MOVE CUG67-D-PREPAY-DED-EXP TO WS-PRICE-EXP-DATE PERFORM 7695-ADD-EXP-DATE-ARRA-010 THRU 7695-EXIT END-IF WHEN +100 CONTINUE WHEN OTHER MOVE 'SELECT' TO WS-DB-OPERATION MOVE 'CID_PREPAY_DEDUCT' TO WS-DB-NAME MOVE SQLCODE TO WS-DB-RETURN-CODE MOVE 'DB ERROR' TO WS-DB-STATUS-MSG MOVE 205 ,"EXEC SQL SELECT CUG67.P_PREPAY_DEDUCTION, CONVERT(CHAR(10),CUG67.D_PREPAY_DED_EXP,101) INTO :CUG67-P-PREPAY-DEDUCTION, :CUG67-D-PREPAY-DED-EXP :CUG67-D-PREPAY-DED-EXP-NI FROM CID_PREPAY_DEDUCT CUG67 WHERE CUSTOMER_NBR = :OMGPR-CUSTOMER-NBR AND D_PREPAY_DED_EFF <= :WS-CURRENT-DB2-DATE AND (D_PREPAY_DED_EXP >= :WS-CURRENT-DB2-DATE OR D_PREPAY_DED_EXP IS NULL) END-EXEC."
323,A6U01.CBL,9470-SQL-SELECT-010,22508,22520,SELECT,,,CUG20,CUG20,I_ACCOUNT = :OMGPR-I-ACCOUNT AND D_OVERHEAD_EFF <= :WS-CURRENT-DB2-DATE AND (D_OVERHEAD_EXP >= :WS-CURRENT-DB2-DATE OR D_OVERHEAD_EXP IS NULL),,CUG20-D-OVERHEAD-EXP;CUG20-D-OVERHEAD-EXP-NI;CUG20-P-OVERHEAD-CHG,CUG20-D-OVERHEAD-EXP;CUG20-D-OVERHEAD-EXP-NI;CUG20-P-OVERHEAD-CHG;OMGPR-I-ACCOUNT;WS-CURRENT-DB2-DATE,,,Y,,Y,2,+0;+100;OTHER,,Y, EVALUATE SQLCODE WHEN +0 COMPUTE OMGPR-A-OVERHEAD-CHG ROUNDED = WS-A-COST-BEFORE-ADJ * CUG20-P-OVERHEAD-CHG MOVE CUG20-P-OVERHEAD-CHG TO OMGPR-P-OVERHEAD-CHG IF CUG20-D-OVERHEAD-EXP-NI NOT = -1 MOVE CUG20-D-OVERHEAD-EXP TO WS-PRICE-EXP-DATE PERFORM 7695-ADD-EXP-DATE-ARRA-010 THRU 7695-EXIT END-IF WHEN +100 CONTINUE WHEN OTHER MOVE 'SELECT' TO WS-DB-OPERATION MOVE 'CUG20' TO WS-DB-NAME MOVE SQLCODE TO WS-DB-RETURN-CODE MOVE 'DB ERROR' TO WS-DB-STATUS-MSG MOVE 4 TO WS-DB-ERROR-NBR OMGPR-Q-ERROR-N,"EXEC SQL SELECT CUG20.P_OVERHEAD_CHG, CONVERT(CHAR(10),CUG20.D_OVERHEAD_EXP,101) INTO :CUG20-P-OVERHEAD-CHG, :CUG20-D-OVERHEAD-EXP :CUG20-D-OVERHEAD-EXP-NI FROM CUG20 WHERE I_ACCOUNT = :OMGPR-I-ACCOUNT AND D_OVERHEAD_EFF <= :WS-CURRENT-DB2-DATE AND (D_OVERHEAD_EXP >= :WS-CURRENT-DB2-DATE OR D_OVERHEAD_EXP IS NULL) END-EXEC."
324,A6U01.CBL,9472-SQL-SELECT-010,22527,22539,SELECT,,,CID_OVRHD_CHRG_ADJ CUG66,CID_OVRHD_CHRG_ADJ,CUSTOMER_NBR = :OMGPR-CUSTOMER-NBR AND D_OVERHEAD_EFF <= :WS-CURRENT-DB2-DATE AND (D_OVERHEAD_EXP >= :WS-CURRENT-DB2-DATE OR D_OVERHEAD_EXP IS NULL),,CUG66-D-OVERHEAD-EXP;CUG66-D-OVERHEAD-EXP-NI;CUG66-P-OVERHEAD-CHG,CUG66-D-OVERHEAD-EXP;CUG66-D-OVERHEAD-EXP-NI;CUG66-P-OVERHEAD-CHG;OMGPR-CUSTOMER-NBR;WS-CURRENT-DB2-DATE,,,Y,,Y,2,+0;+100;OTHER,,Y, EVALUATE SQLCODE WHEN +0 COMPUTE OMGPR-A-OVERHEAD-CHG ROUNDED = WS-A-COST-BEFORE-ADJ * CUG66-P-OVERHEAD-CHG MOVE CUG66-P-OVERHEAD-CHG TO OMGPR-P-OVERHEAD-CHG IF CUG66-D-OVERHEAD-EXP-NI NOT = -1 MOVE CUG66-D-OVERHEAD-EXP TO WS-PRICE-EXP-DATE PERFORM 7695-ADD-EXP-DATE-ARRA-010 THRU 7695-EXIT END-IF WHEN +100 CONTINUE WHEN OTHER MOVE 'SELECT' TO WS-DB-OPERATION MOVE 'CID_OVRHD_CHRG_ADJ' TO WS-DB-NAME MOVE SQLCODE TO WS-DB-RETURN-CODE MOVE 'DB ERROR' TO WS-DB-STATUS-MSG MOVE 206 TO WS-DB-ERROR-NBR ,"EXEC SQL SELECT CUG66.P_OVERHEAD_CHG, CONVERT(CHAR(10),CUG66.D_OVERHEAD_EXP,101) INTO :CUG66-P-OVERHEAD-CHG, :CUG66-D-OVERHEAD-EXP :CUG66-D-OVERHEAD-EXP-NI FROM CID_OVRHD_CHRG_ADJ CUG66 WHERE CUSTOMER_NBR = :OMGPR-CUSTOMER-NBR AND D_OVERHEAD_EFF <= :WS-CURRENT-DB2-DATE AND (D_OVERHEAD_EXP >= :WS-CURRENT-DB2-DATE OR D_OVERHEAD_EXP IS NULL) END-EXEC."
325,A6U01.CBL,9475-SQL-SELECT-010,22546,22587,SELECT,,,CUG31,CUG31,CUG31.I_ACCOUNT = :OMGPR-I-ACCOUNT AND CUG31.I_VENDOR = :OMGPR-I-VENDOR AND CUG31.I_VND_PRODUCT = :OMGPR-I-VND-PRODUCT AND CUG31.D_LOCKED_PRICE_EFF <= :WS-CURRENT-DB2-DATE AND CUG31.D_LOCKED_PRICE_EXP >= :WS-CURRENT-DB2-DATE,,CUG31-A-LP-CNT-SUGG-SELL;CUG31-A-LP-CNT-SUGG-SELL-NI;CUG31-A-LP-TOT-COST-ADJ;CUG31-A-LP-TOT-SELL-ADJ;CUG31-A-LP-TOTAL-COST;CUG31-A-LP-TOTAL-SELL;CUG31-A-LP-UNADJ-UNT-CST;CUG31-A-LP-VND-PUB-PRC;CUG31-A-LP-VND-PUB-PRC-NI;CUG31-C-LP-SELL-PRC-METH;CUG31-C-LP-SELL-PRC-METH-NI;CUG31-D-LOCKED-PRICE-EFF;CUG31-D-LOCKED-PRICE-EXP;CUG31-I-LP-BUY-GROUP;CUG31-I-LP-BUY-GROUP-NI;CUG31-I-LP-VEND-CONT-NBR;CUG31-I-LP-VEND-CONT-NBR-NI;CUG31-P-LP-SELL-PRC-PCT;CUG31-P-LP-SELL-PRC-PCT-NI,CUG31-A-LP-CNT-SUGG-SELL;CUG31-A-LP-CNT-SUGG-SELL-NI;CUG31-A-LP-TOT-COST-ADJ;CUG31-A-LP-TOT-SELL-ADJ;CUG31-A-LP-TOTAL-COST;CUG31-A-LP-TOTAL-SELL;CUG31-A-LP-UNADJ-UNT-CST;CUG31-A-LP-VND-PUB-PRC;CUG31-A-LP-VND-PUB-PRC-NI;CUG31-C-LP-SELL-PRC-METH;CUG31-C-LP-SELL-PRC-METH-NI;CUG31-D-LOCKED-PRICE-EFF;CUG31-D-LOCKED-PRICE-EXP;CUG31-I-LP-BUY-GROUP;CUG31-I-LP-BUY-GROUP-NI;CUG31-I-LP-VEND-CONT-NBR;CUG31-I-LP-VEND-CONT-NBR-NI;CUG31-P-LP-SELL-PRC-PCT;CUG31-P-LP-SELL-PRC-PCT-NI;OMGPR-I-ACCOUNT;OMGPR-I-VENDOR;OMGPR-I-VND-PRODUCT;WS-CURRENT-DB2-DATE,,,Y,,Y,2,OTHER,,Y, EVALUATE TRUE WHEN SQLCODE = +0 MOVE CUG31-D-LOCKED-PRICE-EXP TO WS-PRICE-EXP-DATE PERFORM 7695-ADD-EXP-DATE-ARRA-010 THRU 7695-EXIT MOVE WS-YES-IND TO OMGPR-F-PRICE-LOCKED WHEN SQLCODE = +100 MOVE WS-NO-IND TO OMGPR-F-PRICE-LOCKED WHEN OTHER MOVE 'SELECT' TO WS-DB-OPERATION MOVE 'CUG31' TO WS-DB-NAME MOVE SQLCODE TO WS-DB-RETURN-CODE MOVE 'DB ERROR' TO WS-DB-STATUS-MSG MOVE 123 TO WS-DB-ERROR-NBR OMGPR-Q-ERROR-NBR MOVE WS-DB2-FATAL-ERROR-IND TO OMGPR-Q-ERROR-CODE MOVE WS-DB-OPERATION-MSG TO OM,"EXEC SQL SELECT CONVERT(CHAR(10),CUG31.D_LOCKED_PRICE_EFF,101), CONVERT(CHAR(10),CUG31.D_LOCKED_PRICE_EXP,101), CUG31.A_LP_TOTAL_SELL, CUG31.A_LP_TOTAL_COST, CUG31.A_LP_TOT_SELL_ADJ, CUG31.A_LP_TOT_COST_ADJ, CUG31.A_LP_UNADJ_UNT_CST, CUG31.C_LP_SELL_PRC_METH, CUG31.P_LP_SELL_PRC_PCT, CUG31.A_LP_CNT_SUGG_SELL, CUG31.A_LP_VND_PUB_PRC, CUG31.I_LP_VEND_CONT_NBR, CUG31.I_LP_BUY_GROUP INTO :CUG31-D-LOCKED-PRICE-EFF, :CUG31-D-LOCKED-PRICE-EXP, :CUG31-A-LP-TOTAL-SELL, :CUG31-A-LP-TOTAL-COST, :CUG31-A-LP-TOT-SELL-ADJ, :CUG31-A-LP-TOT-COST-ADJ, :CUG31-A-LP-UNADJ-UNT-CST, :CUG31-C-LP-SELL-PRC-METH :CUG31-C-LP-SELL-PRC-METH-NI, :CUG31-P-LP-SELL-PRC-PCT :CUG31-P-LP-SELL-PRC-PCT-NI, :CUG31-A-LP-CNT-SUGG-SELL :CUG31-A-LP-CNT-SUGG-SELL-NI, :CUG31-A-LP-VND-PUB-PRC :CUG31-A-LP-VND-PUB-PRC-NI, :CUG31-I-LP-VEND-CONT-NBR :CUG31-I-LP-VEND-CONT-NBR-NI, :CUG31-I-LP-BUY-GROUP :CUG31-I-LP-BUY-GROUP-NI FROM CUG31 WHERE CUG31.I_ACCOUNT = :OMGPR-I-ACCOUNT AND CUG31.I_VENDOR = :OMGPR-I-VENDOR AND CUG31.I_VND_PRODUCT = :OMGPR-I-VND-PRODUCT AND CUG31.D_LOCKED_PRICE_EFF <= :WS-CURRENT-DB2-DATE AND CUG31.D_LOCKED_PRICE_EXP >= :WS-CURRENT-DB2-DATE END-EXEC."
326,A6U01.CBL,9480-SQL-SELECT-010,22594,22625,SELECT,,,"BGG02, BGG19",BGG02;BGG19,BGG02.I_BUY_GROUP = :BGG02-I-BUY-GROUP AND BGG02.S_BG_MEMBER = :BGG02-S-BG-MEMBER AND BGG19.I_CUSTOMER = :OMGPR-I-CUSTOMER AND BGG02.D_BGM_START_MEM <= :WS-CURRENT-DB2-DATE AND (BGG02.D_BGM_END_MEM >= :WS-CURRENT-DB2-DATE OR BGG02.D_BGM_END_MEM IS NULL) AND BGG02.I_BUY_GROUP = BGG19.I_BUY_GROUP AND BGG02.S_BG_MEMBER = BGG19.S_BG_MEMBER AND BGG19.D_BGM_XREF_START <= :WS-CURRENT-DB2-DATE AND (BGG19.D_BGM_XREF_EXPIRE >= :WS-CURRENT-DB2-DATE OR BGG19.D_BGM_XREF_EXPIRE IS NULL),,BGG02-D-BGM-BEGIN-MEM;BGG02-D-BGM-END-MEM;BGG02-D-BGM-END-MEM-NI;BGG02-D-BGM-START-MEM;BGG19-D-BGM-XREF-EFFECT;BGG19-D-BGM-XREF-EXPIRE;BGG19-D-BGM-XREF-EXPIRE-NI;BGG19-D-BGM-XREF-START,BGG02-D-BGM-BEGIN-MEM;BGG02-D-BGM-END-MEM;BGG02-D-BGM-END-MEM-NI;BGG02-D-BGM-START-MEM;BGG02-I-BUY-GROUP;BGG02-S-BG-MEMBER;BGG19-D-BGM-XREF-EFFECT;BGG19-D-BGM-XREF-EXPIRE;BGG19-D-BGM-XREF-EXPIRE-NI;BGG19-D-BGM-XREF-START;OMGPR-I-CUSTOMER;WS-CURRENT-DB2-DATE,,,Y,,Y,2,+0;+100;OTHER,,Y, EVALUATE SQLCODE WHEN +0 MOVE 'Y' TO WS-F-BG-MEMBER IF BGG19-D-BGM-XREF-EXPIRE-NI NOT = -1 MOVE BGG19-D-BGM-XREF-EXPIRE TO WS-PRICE-EXP-DATE PERFORM 7695-ADD-EXP-DATE-ARRA-010 THRU 7695-EXIT END-IF WHEN +100 MOVE 'N' TO WS-F-BG-MEMBER WHEN OTHER MOVE 'SELECT' TO WS-DB-OPERATION MOVE 'BGG02' TO WS-DB-NAME MOVE SQLCODE TO WS-DB-RETURN-CODE MOVE 'DB ERROR' TO WS-DB-STATUS-MSG MOVE 110 TO WS-DB-ERROR-NBR OMGPR-Q-ERROR-NBR MOVE WS-DB2-FATAL-ERROR-IND TO OMGPR-Q-ERROR-CODE MOVE WS-DB-OPERATION-MSG TO,"EXEC SQL SELECT CONVERT(CHAR(10),BGG02.D_BGM_BEGIN_MEM,101), CONVERT(CHAR(10),BGG02.D_BGM_START_MEM,101), CONVERT(CHAR(10),BGG02.D_BGM_END_MEM,101), CONVERT(CHAR(10),BGG19.D_BGM_XREF_START,101), CONVERT(CHAR(10),BGG19.D_BGM_XREF_EFFECT,101), CONVERT(CHAR(10),BGG19.D_BGM_XREF_EXPIRE,101) INTO :BGG02-D-BGM-BEGIN-MEM, :BGG02-D-BGM-START-MEM, :BGG02-D-BGM-END-MEM :BGG02-D-BGM-END-MEM-NI, :BGG19-D-BGM-XREF-START, :BGG19-D-BGM-XREF-EFFECT, :BGG19-D-BGM-XREF-EXPIRE :BGG19-D-BGM-XREF-EXPIRE-NI FROM BGG02, BGG19 WHERE BGG02.I_BUY_GROUP = :BGG02-I-BUY-GROUP AND BGG02.S_BG_MEMBER = :BGG02-S-BG-MEMBER AND BGG19.I_CUSTOMER = :OMGPR-I-CUSTOMER AND BGG02.D_BGM_START_MEM <= :WS-CURRENT-DB2-DATE AND (BGG02.D_BGM_END_MEM >= :WS-CURRENT-DB2-DATE OR BGG02.D_BGM_END_MEM IS NULL) AND BGG02.I_BUY_GROUP = BGG19.I_BUY_GROUP AND BGG02.S_BG_MEMBER = BGG19.S_BG_MEMBER AND BGG19.D_BGM_XREF_START <= :WS-CURRENT-DB2-DATE AND (BGG19.D_BGM_XREF_EXPIRE >= :WS-CURRENT-DB2-DATE OR BGG19.D_BGM_XREF_EXPIRE IS NULL) END-EXEC."
327,A6U01.CBL,9485-SQL-SELECT-010,22632,22651,SELECT,,,VNG06,VNG06,VNG06.I_VENDOR = :OMGPR-I-VENDOR AND VNG06.I_VND_PRODUCT = :OMGPR-I-VND-PRODUCT AND VNG06.D_CAT_PROD_START <= :WS-CURRENT-DB2-DATE AND (VNG06.D_CAT_PROD_EXPIRE >= :WS-CURRENT-DB2-DATE OR VNG06.D_CAT_PROD_EXPIRE IS NULL),,VNG06-D-CAT-PROD-EFFECT;VNG06-D-CAT-PROD-EXPIRE;VNG06-D-CAT-PROD-EXPIRE-NI;VNG06-D-CAT-PROD-START;VNG06-S-PROD-CATEGORY,OMGPR-I-VENDOR;OMGPR-I-VND-PRODUCT;VNG06-D-CAT-PROD-EFFECT;VNG06-D-CAT-PROD-EXPIRE;VNG06-D-CAT-PROD-EXPIRE-NI;VNG06-D-CAT-PROD-START;VNG06-S-PROD-CATEGORY;WS-CURRENT-DB2-DATE,,,Y,,Y,2,+00;+100;OTHER,,Y, EVALUATE SQLCODE WHEN +00 MOVE VNG06-S-PROD-CATEGORY TO OMGPR-S-PROD-CATEGORY IF VNG06-D-CAT-PROD-EXPIRE-NI NOT = -1 MOVE VNG06-D-CAT-PROD-EXPIRE TO WS-PRICE-EXP-DATE PERFORM 7695-ADD-EXP-DATE-ARRA-010 THRU 7695-EXIT END-IF WHEN +100 MOVE ZEROES TO OMGPR-S-PROD-CATEGORY WHEN OTHER MOVE 'SELECT' TO WS-DB-OPERATION MOVE 'VNG06' TO WS-DB-NAME MOVE SQLCODE TO WS-DB-RETURN-CODE MOVE 'DB ERROR' TO WS-DB-STATUS-MSG MOVE 48 TO WS-DB-ERROR-NBR OMGPR-Q-ERROR-NBR MOVE WS-DB2-FATAL-ERROR-IND TO OMGPR-Q-ERR,"EXEC SQL SELECT VNG06.S_PROD_CATEGORY, CONVERT(CHAR(10),VNG06.D_CAT_PROD_START,101), CONVERT(CHAR(10),VNG06.D_CAT_PROD_EFFECT,101), CONVERT(CHAR(10),VNG06.D_CAT_PROD_EXPIRE,101) INTO :VNG06-S-PROD-CATEGORY, :VNG06-D-CAT-PROD-START, :VNG06-D-CAT-PROD-EFFECT, :VNG06-D-CAT-PROD-EXPIRE :VNG06-D-CAT-PROD-EXPIRE-NI FROM VNG06 WHERE VNG06.I_VENDOR = :OMGPR-I-VENDOR AND VNG06.I_VND_PRODUCT = :OMGPR-I-VND-PRODUCT AND VNG06.D_CAT_PROD_START <= :WS-CURRENT-DB2-DATE AND (VNG06.D_CAT_PROD_EXPIRE >= :WS-CURRENT-DB2-DATE OR VNG06.D_CAT_PROD_EXPIRE IS NULL) END-EXEC."
328,A6U01.CBL,9490-SQL-SELECT-010,22658,22686,SELECT,,,VNG02,VNG02,VNG02.I_VENDOR = :OMGPR-I-VENDOR AND VNG02.I_VND_PRODUCT = :OMGPR-I-VND-PRODUCT,,VNG02-C-CUSTOM-IND;VNG02-C-PRIVATE-LBL;VNG02-C-VEND-VHA-PLUS;VNG02-C-VND-PROD-BASE-UM;VNG02-F-PANDAC-ITEM;VNG02-F-PROD-CAT-IND;VNG02-F-UOM-DESIGNATOR;VNG02-I-VND-CATALOG-NBR;VNG02-T-VND-PROD-DESC-1;VNG02-T-VND-PROD-DESC-2;VNG02-T-VND-PROD-UM-DESC,OMGPR-I-VENDOR;OMGPR-I-VND-PRODUCT;VNG02-C-CUSTOM-IND;VNG02-C-PRIVATE-LBL;VNG02-C-VEND-VHA-PLUS;VNG02-C-VND-PROD-BASE-UM;VNG02-F-PANDAC-ITEM;VNG02-F-PROD-CAT-IND;VNG02-F-UOM-DESIGNATOR;VNG02-I-VND-CATALOG-NBR;VNG02-T-VND-PROD-DESC-1;VNG02-T-VND-PROD-DESC-2;VNG02-T-VND-PROD-UM-DESC,,,,,Y,2,+0;+100;OTHER,,Y, EVALUATE SQLCODE WHEN +0 MOVE VNG02-C-VND-PROD-BASE-UM TO OMGPR-C-VND-PROD-BASE-UM IF OMGPR-C-ORD-LIN-CUST-UOM = SPACES OR LOW-VALUES MOVE VNG02-C-VND-PROD-BASE-UM TO OMGPR-C-ORD-LIN-CUST-UOM END-IF MOVE VNG02-C-VEND-VHA-PLUS TO OMGPR-C-VEND-VHA-PLUS MOVE VNG02-T-VND-PROD-DESC-1 TO OMGPR-C-VND-PROD-DESC-1 MOVE VNG02-T-VND-PROD-DESC-2 TO OMGPR-C-VND-PROD-DESC-2 MOVE VNG02-I-VND-CATALOG-NBR TO OMGPR-C-VND-CATALOG-NBR MOVE VNG02-C-CUSTOM-IND TO OMGPR-C-CUSTOM-IND MOVE VNG02-C-PRIVATE-LBL TO OMGPR-,"EXEC SQL SELECT VNG02.C_VND_PROD_BASE_UM, VNG02.T_VND_PROD_UM_DESC, VNG02.T_VND_PROD_DESC_1, VNG02.T_VND_PROD_DESC_2, VNG02.I_VND_CATALOG_NBR, VNG02.C_VEND_VHA_PLUS, VNG02.C_CUSTOM_IND, VNG02.C_PRIVATE_LBL, VNG02.F_PANDAC_ITEM, VNG02.F_PROD_CAT_IND, VNG02.F_UOM_DESIGNATOR INTO :VNG02-C-VND-PROD-BASE-UM, :VNG02-T-VND-PROD-UM-DESC, :VNG02-T-VND-PROD-DESC-1, :VNG02-T-VND-PROD-DESC-2, :VNG02-I-VND-CATALOG-NBR, :VNG02-C-VEND-VHA-PLUS, :VNG02-C-CUSTOM-IND, :VNG02-C-PRIVATE-LBL, :VNG02-F-PANDAC-ITEM, :VNG02-F-PROD-CAT-IND, :VNG02-F-UOM-DESIGNATOR FROM VNG02 WHERE VNG02.I_VENDOR = :OMGPR-I-VENDOR AND VNG02.I_VND_PRODUCT = :OMGPR-I-VND-PRODUCT END-EXEC."
329,A6U01.CBL,9495-SQL-SELECT-010,22693,22700,SELECT,,,VNG07,VNG07,VNG07.I_VENDOR = :OMGPR-I-VENDOR AND VNG07.I_DIVISION = :OMGPR-I-DIVISION,,VNG07-P-DIV-VENDOR-FRT,OMGPR-I-DIVISION;OMGPR-I-VENDOR;VNG07-P-DIV-VENDOR-FRT,,,,,Y,2,+0;+100;OTHER,,Y, EVALUATE SQLCODE WHEN +0 CONTINUE WHEN +100 MOVE ZEROES TO VNG07-P-DIV-VENDOR-FRT WHEN OTHER MOVE 'SELECT' TO WS-DB-OPERATION MOVE 'VNG07' TO WS-DB-NAME MOVE SQLCODE TO WS-DB-RETURN-CODE MOVE 'DB ERROR' TO WS-DB-STATUS-MSG MOVE 60 TO WS-DB-ERROR-NBR OMGPR-Q-ERROR-NBR MOVE WS-DB2-FATAL-ERROR-IND TO OMGPR-Q-ERROR-CODE MOVE WS-DB-OPERATION-MSG TO OMGPR-ERROR-MESSAGE MOVE WS-YES-IND TO OMGPR-F-PRICER-ERROR GO TO 0020-EXIT-PRICER END-EVALUATE.,EXEC SQL SELECT VNG07.P_DIV_VENDOR_FRT INTO :VNG07-P-DIV-VENDOR-FRT FROM VNG07 WHERE VNG07.I_VENDOR = :OMGPR-I-VENDOR AND VNG07.I_DIVISION = :OMGPR-I-DIVISION END-EXEC.
330,A6U01.CBL,9500-SQL-SELECT-010,22707,22730,SELECT,,,VNG01,VNG01,VNG01.I_VENDOR = :OMGPR-I-VENDOR,,VNG01-F-NEGATIVE-REBATE;VNG01-F-VEND-BST-CST-RBT;VNG01-F-VEND-NET-CST-RBT;VNG01-F-VEND-PANDAC;VNG01-I-PARENT-VENDOR;VNG01-I-PARENT-VENDOR-NI;VNG01-I-VENDOR;VNG01-N-VENDOR;VNG01-P-VEND-NET-CST-RBT;VNG01-P-VENDOR-FREIGHT,OMGPR-I-VENDOR;VNG01-F-NEGATIVE-REBATE;VNG01-F-VEND-BST-CST-RBT;VNG01-F-VEND-NET-CST-RBT;VNG01-F-VEND-PANDAC;VNG01-I-PARENT-VENDOR;VNG01-I-PARENT-VENDOR-NI;VNG01-I-VENDOR;VNG01-N-VENDOR;VNG01-P-VEND-NET-CST-RBT;VNG01-P-VENDOR-FREIGHT,,,,,Y,2,+0;+100;OTHER,,Y, EVALUATE SQLCODE WHEN +0 MOVE VNG01-F-VEND-NET-CST-RBT TO OMGPR-F-VEND-NET-CST-RBT MOVE VNG01-F-VEND-BST-CST-RBT TO OMGPR-F-VEND-BST-CST-RBT MOVE VNG01-I-VENDOR TO OMGPR-C-SUPPLIER-NUMBER MOVE VNG01-N-VENDOR TO OMGPR-C-SUPPLIER-NAME MOVE VNG01-F-NEGATIVE-REBATE TO OMGPR-F-NEGATIVE-REBATE IF VNG01-I-PARENT-VENDOR-NI = -1 MOVE OMGPR-I-VENDOR TO OMGPR-I-PARENT-VENDOR ELSE PERFORM 9910-SQL-SELECT-010 THRU 9910-EXIT END-IF WHEN +100 MOVE 122 TO OMGPR-Q-ERROR-NBR MOVE '#122 - VENDOR NOT FOUND IN A6X0,"EXEC SQL SELECT VNG01.F_VEND_NET_CST_RBT, VNG01.F_VEND_PANDAC, VNG01.F_VEND_BST_CST_RBT, VNG01.P_VENDOR_FREIGHT, VNG01.P_VEND_NET_CST_RBT, VNG01.I_VENDOR, VNG01.N_VENDOR, VNG01.F_NEGATIVE_REBATE, VNG01.I_PARENT_VENDOR INTO :VNG01-F-VEND-NET-CST-RBT, :VNG01-F-VEND-PANDAC, :VNG01-F-VEND-BST-CST-RBT, :VNG01-P-VENDOR-FREIGHT, :VNG01-P-VEND-NET-CST-RBT, :VNG01-I-VENDOR, :VNG01-N-VENDOR, :VNG01-F-NEGATIVE-REBATE, :VNG01-I-PARENT-VENDOR :VNG01-I-PARENT-VENDOR-NI FROM VNG01 WHERE VNG01.I_VENDOR = :OMGPR-I-VENDOR END-EXEC."
331,A6U01.CBL,9505-SQL-SELECT-010,22737,22746,SELECT,,,CCG03,CCG03,CCG03.I_VENDOR = :OMGPR-I-VENDOR AND CCG03.I_VND_PRODUCT = :OMGPR-I-VND-PRODUCT AND (CCG03.D_CNT_LINE_EXPIRE IS NULL OR CCG03.D_CNT_LINE_EXPIRE >= :WS-CURRENT-DB2-DATE),,WS-CCG03-COUNT,OMGPR-I-VENDOR;OMGPR-I-VND-PRODUCT;WS-CCG03-COUNT;WS-CURRENT-DB2-DATE,,,Y,,Y,2,0;100;OTHER,,Y, EVALUATE SQLCODE WHEN 0 CONTINUE WHEN 100 CONTINUE WHEN OTHER MOVE 'SELECT' TO WS-DB-OPERATION MOVE 'CCG03 FOR COUNT' TO WS-DB-NAME MOVE SQLCODE TO WS-DB-RETURN-CODE MOVE 'DB ERROR' TO WS-DB-STATUS-MSG MOVE 1025 TO WS-DB-ERROR-NBR OMGPR-Q-ERROR-NBR MOVE WS-DB2-FATAL-ERROR-IND TO OMGPR-Q-ERROR-CODE MOVE WS-DB-OPERATION-MSG TO OMGPR-ERROR-MESSAGE MOVE WS-YES-IND TO OMGPR-F-PRICER-ERROR GO TO 0020-EXIT-PRICER END-EVALUATE.,EXEC SQL SELECT COUNT(*) INTO :WS-CCG03-COUNT FROM CCG03 WHERE CCG03.I_VENDOR = :OMGPR-I-VENDOR AND CCG03.I_VND_PRODUCT = :OMGPR-I-VND-PRODUCT AND (CCG03.D_CNT_LINE_EXPIRE IS NULL OR CCG03.D_CNT_LINE_EXPIRE >= :WS-CURRENT-DB2-DATE) END-EXEC.
332,A6U01.CBL,9510-SQL-SELECT-010,22753,22762,SELECT,,,CCG10,CCG10,CCG10.I_VENDOR = :OMGPR-I-VENDOR AND (CCG10.D_GRP_VND_CNT_EXP >= :WS-CURRENT-DB2-DATE OR CCG10.D_GRP_VND_CNT_EXP IS NULL),,WS-CCG10-COUNT,OMGPR-I-VENDOR;WS-CCG10-COUNT;WS-CURRENT-DB2-DATE,,,Y,,Y,2,0;100;OTHER,,Y, EVALUATE SQLCODE WHEN 0 CONTINUE WHEN 100 CONTINUE WHEN OTHER MOVE 'SELECT' TO WS-DB-OPERATION MOVE 'CCG10 FOR COUNT' TO WS-DB-NAME MOVE SQLCODE TO WS-DB-RETURN-CODE MOVE 'DB ERROR' TO WS-DB-STATUS-MSG MOVE 1026 TO WS-DB-ERROR-NBR OMGPR-Q-ERROR-NBR MOVE WS-DB2-FATAL-ERROR-IND TO OMGPR-Q-ERROR-CODE MOVE WS-DB-OPERATION-MSG TO OMGPR-ERROR-MESSAGE MOVE WS-YES-IND TO OMGPR-F-PRICER-ERROR GO TO 0020-EXIT-PRICER END-EVALUATE.,EXEC SQL SELECT COUNT(*) INTO :WS-CCG10-COUNT FROM CCG10 WHERE CCG10.I_VENDOR = :OMGPR-I-VENDOR AND (CCG10.D_GRP_VND_CNT_EXP >= :WS-CURRENT-DB2-DATE OR CCG10.D_GRP_VND_CNT_EXP IS NULL) END-EXEC.
333,A6U01.CBL,9515-SQL-SELECT-010,22769,22783,SELECT,,,CUG25,CUG25,I_ACCOUNT = :OMGPR-I-ACCOUNT AND C_SHIP_TO_SUFFIX = :OMGPR-C-SHIP-TO-SUFFIX AND D_DELIVERY_ADJ_EFF <= :WS-CURRENT-DB2-DATE AND (D_DELIVERY_ADJ_EXP >= :WS-CURRENT-DB2-DATE OR D_DELIVERY_ADJ_EXP IS NULL),,CUG25-D-DELIVERY-ADJ-EXP;CUG25-D-DELIVERY-ADJ-EXP-NI;CUG25-P-DELIVERY-ADJ,CUG25-D-DELIVERY-ADJ-EXP;CUG25-D-DELIVERY-ADJ-EXP-NI;CUG25-P-DELIVERY-ADJ;OMGPR-C-SHIP-TO-SUFFIX;OMGPR-I-ACCOUNT;WS-CURRENT-DB2-DATE,,,Y,,Y,2,+0;+100;OTHER,,Y, EVALUATE SQLCODE WHEN +0 COMPUTE OMGPR-A-DELIVERY-ADJ ROUNDED = WS-A-SELL-BEFORE-ADJ * CUG25-P-DELIVERY-ADJ MOVE CUG25-P-DELIVERY-ADJ TO OMGPR-P-DELIVERY-ADJ IF CUG25-D-DELIVERY-ADJ-EXP-NI NOT = -1 MOVE CUG25-D-DELIVERY-ADJ-EXP TO WS-PRICE-EXP-DATE PERFORM 7695-ADD-EXP-DATE-ARRA-010 THRU 7695-EXIT END-IF WHEN +100 CONTINUE WHEN OTHER MOVE 'SELECT' TO WS-DB-OPERATION MOVE 'CUG25' TO WS-DB-NAME MOVE SQLCODE TO WS-DB-RETURN-CODE MOVE 'DB ERROR' TO WS-DB-STATUS-MSG MOVE 54 TO WS-DB-ERROR-NBR OMGPR-,"EXEC SQL SELECT CUG25.P_DELIVERY_ADJ, CONVERT(CHAR(10),CUG25.D_DELIVERY_ADJ_EXP,101) INTO :CUG25-P-DELIVERY-ADJ, :CUG25-D-DELIVERY-ADJ-EXP :CUG25-D-DELIVERY-ADJ-EXP-NI FROM CUG25 WHERE I_ACCOUNT = :OMGPR-I-ACCOUNT AND C_SHIP_TO_SUFFIX = :OMGPR-C-SHIP-TO-SUFFIX AND D_DELIVERY_ADJ_EFF <= :WS-CURRENT-DB2-DATE AND (D_DELIVERY_ADJ_EXP >= :WS-CURRENT-DB2-DATE OR D_DELIVERY_ADJ_EXP IS NULL) END-EXEC."
334,A6U01.CBL,9520-SQL-SELECT-010,22790,22805,SELECT,,,CUG22,CUG22,CUG22.I_CUSTOMER = :OMGPR-I-CUSTOMER AND CUG22.C_INV_CLASS = :OMGPR-C-INV-CLASS AND CUG22.I_DIVISION = :OMGPR-I-DIVISION AND CUG22.I_VENDOR = :OMGPR-I-VENDOR AND CUG22.I_VND_PRODUCT = :OMGPR-I-VND-PRODUCT AND CUG22.D_CUST_INV_CLS_EFF = :CUG22-D-CUST-INV-CLS-EFF AND (CUG22.D_CPC_ITEM_EXP >= :WS-CURRENT-DB2-DATE OR CUG22.D_CPC_ITEM_EXP IS NULL),,CUG22-D-CPC-ITEM-EXP;CUG22-D-CPC-ITEM-EXP-NI,CUG22-D-CPC-ITEM-EXP;CUG22-D-CPC-ITEM-EXP-NI;CUG22-D-CUST-INV-CLS-EFF;OMGPR-C-INV-CLASS;OMGPR-I-CUSTOMER;OMGPR-I-DIVISION;OMGPR-I-VENDOR;OMGPR-I-VND-PRODUCT;WS-CURRENT-DB2-DATE,,,Y,,Y,2,+0;+100;OTHER,,Y, EVALUATE SQLCODE WHEN +0 IF CUG21-F-APPLY-TO-COST = 'Y' COMPUTE OMGPR-A-CUST-INV-CLASS-CT ROUNDED = WS-A-COST-BEFORE-ADJ * CUG21-P-CUST-INV-CLASS MOVE CUG21-P-CUST-INV-CLASS TO OMGPR-P-CUST-INV-CLASS-CT MOVE OMGPR-C-INV-CLASS TO OMGPR-C-INV-CLASS-CT ELSE COMPUTE OMGPR-A-CUST-INV-CLASS-SL ROUNDED = WS-A-SELL-BEFORE-ADJ * CUG21-P-CUST-INV-CLASS MOVE CUG21-P-CUST-INV-CLASS TO OMGPR-P-CUST-INV-CLASS-SL MOVE OMGPR-C-INV-CLASS TO OMGPR-C-INV-CLASS-SL END-IF IF CUG21-D-CUST-INV-CLS-EXP-NI NOT = -1 MOV,"EXEC SQL SELECT CONVERT(CHAR(10),CUG22.D_CPC_ITEM_EXP,101) INTO :CUG22-D-CPC-ITEM-EXP :CUG22-D-CPC-ITEM-EXP-NI FROM CUG22 WHERE CUG22.I_CUSTOMER = :OMGPR-I-CUSTOMER AND CUG22.C_INV_CLASS = :OMGPR-C-INV-CLASS AND CUG22.I_DIVISION = :OMGPR-I-DIVISION AND CUG22.I_VENDOR = :OMGPR-I-VENDOR AND CUG22.I_VND_PRODUCT = :OMGPR-I-VND-PRODUCT AND CUG22.D_CUST_INV_CLS_EFF = :CUG22-D-CUST-INV-CLS-EFF AND (CUG22.D_CPC_ITEM_EXP >= :WS-CURRENT-DB2-DATE OR CUG22.D_CPC_ITEM_EXP IS NULL) END-EXEC."
335,A6U01.CBL,9525-SQL-SELECT-010,22812,22846,SELECT,,,BGG20,BGG20,BGG20.I_BUY_GROUP = :BGG20-I-BUY-GROUP AND BGG20.D_BGP_START <= :WS-CURRENT-DB2-DATE AND (BGG20.D_BGP_EXPIRE >= :WS-CURRENT-DB2-DATE OR BGG20.D_BGP_EXPIRE IS NULL),,BGG20-D-BGP-EFFECT;BGG20-D-BGP-EXPIRE;BGG20-D-BGP-EXPIRE-NI;BGG20-D-BGP-START;BGG20-F-BGP-ADMIN-FEE;BGG20-F-BGP-ADMIN-RPT;BGG20-F-BGP-FOR-PROFIT;BGG20-F-BGP-FRT-NONSANCT;BGG20-F-BGP-FRT-SANCT;BGG20-F-BGP-PARTNERSHIP;BGG20-F-BGP-SANCTIONED;BGG20-Q-BGP-BEDS-OCCUP;BGG20-Q-BGP-BEDS-OCCUP-NI;BGG20-Q-BGP-BEDS-TOTAL;BGG20-Q-BGP-BEDS-TOTAL-NI,BGG20-D-BGP-EFFECT;BGG20-D-BGP-EXPIRE;BGG20-D-BGP-EXPIRE-NI;BGG20-D-BGP-START;BGG20-F-BGP-ADMIN-FEE;BGG20-F-BGP-ADMIN-RPT;BGG20-F-BGP-FOR-PROFIT;BGG20-F-BGP-FRT-NONSANCT;BGG20-F-BGP-FRT-SANCT;BGG20-F-BGP-PARTNERSHIP;BGG20-F-BGP-SANCTIONED;BGG20-I-BUY-GROUP;BGG20-Q-BGP-BEDS-OCCUP;BGG20-Q-BGP-BEDS-OCCUP-NI;BGG20-Q-BGP-BEDS-TOTAL;BGG20-Q-BGP-BEDS-TOTAL-NI;WS-CURRENT-DB2-DATE,,,Y,,Y,2,+0;OTHER,,, EVALUATE SQLCODE WHEN +0 EVALUATE WS-SANCTIONED-FRT-FLAG WHEN 'N' MOVE BGG20-F-BGP-FRT-NONSANCT TO WS-BGG20-FLAG-TO-TEST WHEN 'Y' MOVE BGG20-F-BGP-FRT-SANCT TO WS-BGG20-FLAG-TO-TEST WHEN OTHER MOVE BGG20-F-BGP-FRT-NONSANCT TO WS-BGG20-FLAG-TO-TEST END-EVALUATE,"EXEC SQL SELECT BGG20.F_BGP_FOR_PROFIT, BGG20.F_BGP_PARTNERSHIP, BGG20.F_BGP_SANCTIONED, BGG20.Q_BGP_BEDS_TOTAL, BGG20.Q_BGP_BEDS_OCCUP, BGG20.F_BGP_FRT_SANCT, BGG20.F_BGP_FRT_NONSANCT, BGG20.F_BGP_ADMIN_FEE, BGG20.F_BGP_ADMIN_RPT, CONVERT(CHAR(10),BGG20.D_BGP_START,101), CONVERT(CHAR(10),BGG20.D_BGP_EFFECT,101), CONVERT(CHAR(10),BGG20.D_BGP_EXPIRE,101) INTO :BGG20-F-BGP-FOR-PROFIT, :BGG20-F-BGP-PARTNERSHIP, :BGG20-F-BGP-SANCTIONED, :BGG20-Q-BGP-BEDS-TOTAL :BGG20-Q-BGP-BEDS-TOTAL-NI, :BGG20-Q-BGP-BEDS-OCCUP :BGG20-Q-BGP-BEDS-OCCUP-NI, :BGG20-F-BGP-FRT-SANCT, :BGG20-F-BGP-FRT-NONSANCT, :BGG20-F-BGP-ADMIN-FEE, :BGG20-F-BGP-ADMIN-RPT, :BGG20-D-BGP-START, :BGG20-D-BGP-EFFECT, :BGG20-D-BGP-EXPIRE :BGG20-D-BGP-EXPIRE-NI FROM BGG20 WHERE BGG20.I_BUY_GROUP = :BGG20-I-BUY-GROUP AND BGG20.D_BGP_START <= :WS-CURRENT-DB2-DATE AND (BGG20.D_BGP_EXPIRE >= :WS-CURRENT-DB2-DATE OR BGG20.D_BGP_EXPIRE IS NULL) END-EXEC."
336,A6U01.CBL,9530-SQL-SELECT-010,22853,22866,SELECT,,,VNG19,VNG19,VNG19.I_VENDOR = :VNG19-I-VENDOR AND VNG19.D_IN_FREIGHT_EFF <= :WS-CURRENT-DB2-DATE AND (VNG19.D_IN_FREIGHT_EXP >= :WS-CURRENT-DB2-DATE OR VNG19.D_IN_FREIGHT_EXP IS NULL),,VNG19-D-IN-FREIGHT-EXP;VNG19-D-IN-FREIGHT-EXP-NI;VNG19-P-IN-FREIGHT;VNG19-P-IN-SELL-FREIGHT,VNG19-D-IN-FREIGHT-EXP;VNG19-D-IN-FREIGHT-EXP-NI;VNG19-I-VENDOR;VNG19-P-IN-FREIGHT;VNG19-P-IN-SELL-FREIGHT;WS-CURRENT-DB2-DATE,,,Y,,Y,2,+0;+100;OTHER,,Y, 9530-EXIT END-IF. EVALUATE SQLCODE WHEN +0 MOVE 0 TO OMGPR-A-INFRT MOVE VNG19-P-IN-FREIGHT TO OMGPR-P-INFRT-BG IF VNG19-P-IN-FREIGHT > 0 AND WS-APPLY-FRT-CST-SELL-SW = 'C' COMPUTE WS-A-INFRT-COMPARE ROUNDED = OMGPR-A-VND-PRC-DEALER * VNG19-P-IN-FREIGHT COMPUTE OMGPR-A-INFRT ROUNDED = WS-A-INFRT-COMPARE ELSE IF WS-APPLY-FRT-CST-SELL-SW = 'S' MOVE VNG19-P-IN-SELL-FREIGHT TO OMGPR-P-INFRT-BG ELSE IF WS-APPLY-FRT-CST-SELL-SW = 'V' MOVE VNG19-P-IN-FREIGHT TO OMGPR-P-INFRT-BG END-IF END-IF END-IF MOV,"EXEC SQL SELECT VNG19.P_IN_FREIGHT, VNG19.P_IN_SELL_FREIGHT, CONVERT(CHAR(10),VNG19.D_IN_FREIGHT_EXP,101) INTO :VNG19-P-IN-FREIGHT, :VNG19-P-IN-SELL-FREIGHT, :VNG19-D-IN-FREIGHT-EXP :VNG19-D-IN-FREIGHT-EXP-NI FROM VNG19 WHERE VNG19.I_VENDOR = :VNG19-I-VENDOR AND VNG19.D_IN_FREIGHT_EFF <= :WS-CURRENT-DB2-DATE AND (VNG19.D_IN_FREIGHT_EXP >= :WS-CURRENT-DB2-DATE OR VNG19.D_IN_FREIGHT_EXP IS NULL) END-EXEC."
337,A6U01.CBL,9535-SQL-SELECT-010,22873,22882,SELECT,,,VNG14,VNG14,VNG14.I_VENDOR = :A9G36-I-VENDOR AND VNG14.D_CO_VN_SURCHG_EFF <= :A9G36-D-PRICING AND (VNG14.D_CO_VN_SURCHG_EXP >= :A9G36-D-PRICING OR VNG14.D_CO_VN_SURCHG_EXP IS NULL),,A9G36-P-SURCHARGE,A9G36-D-PRICING;A9G36-I-VENDOR;A9G36-P-SURCHARGE,,,Y,,,0,,,,,EXEC SQL SELECT VNG14.P_CO_VN_SURCHG INTO :A9G36-P-SURCHARGE FROM VNG14 WHERE VNG14.I_VENDOR = :A9G36-I-VENDOR AND VNG14.D_CO_VN_SURCHG_EFF <= :A9G36-D-PRICING AND (VNG14.D_CO_VN_SURCHG_EXP >= :A9G36-D-PRICING OR VNG14.D_CO_VN_SURCHG_EXP IS NULL) END-EXEC.
338,A6U01.CBL,9540-SQL-SELECT-010,22889,22899,SELECT,,,VNG15,VNG15,VNG15.I_DIVISION = :A9G36-I-DIVISION AND VNG15.I_VENDOR = :A9G36-I-VENDOR AND VNG15.D_DV_VN_SURCHG_EFF <= :A9G36-D-PRICING AND (VNG15.D_DV_VN_SURCHG_EXP >= :A9G36-D-PRICING OR VNG15.D_DV_VN_SURCHG_EXP IS NULL),,A9G36-P-SURCHARGE,A9G36-D-PRICING;A9G36-I-DIVISION;A9G36-I-VENDOR;A9G36-P-SURCHARGE,,,Y,,,0,,,,,EXEC SQL SELECT VNG15.P_DV_VN_SURCHG INTO :A9G36-P-SURCHARGE FROM VNG15 WHERE VNG15.I_DIVISION = :A9G36-I-DIVISION AND VNG15.I_VENDOR = :A9G36-I-VENDOR AND VNG15.D_DV_VN_SURCHG_EFF <= :A9G36-D-PRICING AND (VNG15.D_DV_VN_SURCHG_EXP >= :A9G36-D-PRICING OR VNG15.D_DV_VN_SURCHG_EXP IS NULL) END-EXEC.
339,A6U01.CBL,9545-SQL-SELECT-010,22906,22916,SELECT,,,VNG16,VNG16,VNG16.I_ACCOUNT = :A9G36-I-ACCOUNT AND VNG16.I_VENDOR = :A9G36-I-VENDOR AND VNG16.D_AC_VN_SURCHG_EFF <= :A9G36-D-PRICING AND (VNG16.D_AC_VN_SURCHG_EXP >= :A9G36-D-PRICING OR VNG16.D_AC_VN_SURCHG_EXP IS NULL),,A9G36-P-SURCHARGE,A9G36-D-PRICING;A9G36-I-ACCOUNT;A9G36-I-VENDOR;A9G36-P-SURCHARGE,,,Y,,,0,,,,,EXEC SQL SELECT VNG16.P_AC_VN_SURCHG INTO :A9G36-P-SURCHARGE FROM VNG16 WHERE VNG16.I_ACCOUNT = :A9G36-I-ACCOUNT AND VNG16.I_VENDOR = :A9G36-I-VENDOR AND VNG16.D_AC_VN_SURCHG_EFF <= :A9G36-D-PRICING AND (VNG16.D_AC_VN_SURCHG_EXP >= :A9G36-D-PRICING OR VNG16.D_AC_VN_SURCHG_EXP IS NULL) END-EXEC.
340,A6U01.CBL,9547-SQL-SELECT-010,22923,22933,SELECT,,,VN_CID_VN_SURCHARGE VNG17,VN_CID_VN_SURCHARGE,VNG17.CUSTOMER_NBR = :A9G36-CUSTOMER-NBR AND VNG17.I_VENDOR = :A9G36-I-VENDOR AND VNG17.D_CID_VN_SURCHG_EFF <= :A9G36-D-PRICING AND (VNG17.D_CID_VN_SURCHG_EXP >= :A9G36-D-PRICING OR VNG17.D_CID_VN_SURCHG_EXP IS NULL),,A9G36-P-SURCHARGE,A9G36-CUSTOMER-NBR;A9G36-D-PRICING;A9G36-I-VENDOR;A9G36-P-SURCHARGE,,,Y,,,0,,,,,EXEC SQL SELECT VNG17.P_CID_VN_SURCHG INTO :A9G36-P-SURCHARGE FROM VN_CID_VN_SURCHARGE VNG17 WHERE VNG17.CUSTOMER_NBR = :A9G36-CUSTOMER-NBR AND VNG17.I_VENDOR = :A9G36-I-VENDOR AND VNG17.D_CID_VN_SURCHG_EFF <= :A9G36-D-PRICING AND (VNG17.D_CID_VN_SURCHG_EXP >= :A9G36-D-PRICING OR VNG17.D_CID_VN_SURCHG_EXP IS NULL) END-EXEC.
341,A6U01.CBL,9550-SQL-SELECT-010,22940,22966,SELECT,,,VNG23,VNG23,VNG23.I_ACCOUNT = :VNG23-I-ACCOUNT AND VNG23.I_VENDOR = :VNG23-I-VENDOR AND VNG23.D_AC_VN_COSTADJ_EF <= :VNG23-D-AC-VN-COSTADJ-EF AND (VNG23.D_AC_VN_COSTADJ_EX >= :VNG23-D-AC-VN-COSTADJ-EF OR VNG23.D_AC_VN_COSTADJ_EX IS NULL),,VNG23-D-AC-VN-CUST-IN-EF;VNG23-D-AC-VN-CUST-IN-EX;VNG23-D-AC-VN-CUST-IN-EX-NI;VNG23-D-AC-VN-PRV-LBL-EF;VNG23-D-AC-VN-PRV-LBL-EX;VNG23-D-AC-VN-PRV-LBL-EX-NI;VNG23-F-AC-VN-CUST-IN;VNG23-F-AC-VN-PRV-LBL;VNG23-P-AC-VN-COSTADJ,VNG23-D-AC-VN-COSTADJ-EF;VNG23-D-AC-VN-CUST-IN-EF;VNG23-D-AC-VN-CUST-IN-EX;VNG23-D-AC-VN-CUST-IN-EX-NI;VNG23-D-AC-VN-PRV-LBL-EF;VNG23-D-AC-VN-PRV-LBL-EX;VNG23-D-AC-VN-PRV-LBL-EX-NI;VNG23-F-AC-VN-CUST-IN;VNG23-F-AC-VN-PRV-LBL;VNG23-I-ACCOUNT;VNG23-I-VENDOR;VNG23-P-AC-VN-COSTADJ,,,,,,0,,,,,"EXEC SQL SELECT VNG23.P_AC_VN_COSTADJ, CONVERT(CHAR(10),VNG23.D_AC_VN_CUST_IN_EF,101), CONVERT(CHAR(10),VNG23.D_AC_VN_CUST_IN_EX,101), VNG23.F_AC_VN_CUST_IN, CONVERT(CHAR(10),VNG23.D_AC_VN_PRV_LBL_EF,101), CONVERT(CHAR(10),VNG23.D_AC_VN_PRV_LBL_EX,101), VNG23.F_AC_VN_PRV_LBL INTO :VNG23-P-AC-VN-COSTADJ, :VNG23-D-AC-VN-CUST-IN-EF, :VNG23-D-AC-VN-CUST-IN-EX :VNG23-D-AC-VN-CUST-IN-EX-NI, :VNG23-F-AC-VN-CUST-IN, :VNG23-D-AC-VN-PRV-LBL-EF, :VNG23-D-AC-VN-PRV-LBL-EX :VNG23-D-AC-VN-PRV-LBL-EX-NI, :VNG23-F-AC-VN-PRV-LBL FROM VNG23 WHERE VNG23.I_ACCOUNT = :VNG23-I-ACCOUNT AND VNG23.I_VENDOR = :VNG23-I-VENDOR AND VNG23.D_AC_VN_COSTADJ_EF <= :VNG23-D-AC-VN-COSTADJ-EF AND (VNG23.D_AC_VN_COSTADJ_EX >= :VNG23-D-AC-VN-COSTADJ-EF OR VNG23.D_AC_VN_COSTADJ_EX IS NULL) END-EXEC."
342,A6U01.CBL,9552-SQL-SELECT-010,22973,22999,SELECT,,,VN_CID_VN_COSTADJ VNG38,VN_CID_VN_COSTADJ,VNG38.CUSTOMER_NBR = :VNG38-CUSTOMER-NBR AND VNG38.I_VENDOR = :VNG38-I-VENDOR AND VNG38.D_CID_VN_COSTADJ_EF <= :VNG38-D-CID-VN-COSTADJ-EF AND (VNG38.D_CID_VN_COSTADJ_EX >= :VNG38-D-CID-VN-COSTADJ-EF OR VNG38.D_CID_VN_COSTADJ_EX IS NULL),,VNG38-D-CID-VN-CUST-IN-EF;VNG38-D-CID-VN-CUST-IN-EX;VNG38-D-CID-VN-CUST-IN-EX-NI;VNG38-D-CID-VN-PRV-LBL-EF;VNG38-D-CID-VN-PRV-LBL-EX;VNG38-D-CID-VN-PRV-LBL-EX-NI;VNG38-F-CID-VN-CUST-IN;VNG38-F-CID-VN-PRV-LBL;VNG38-P-CID-VN-COSTADJ,VNG38-CUSTOMER-NBR;VNG38-D-CID-VN-COSTADJ-EF;VNG38-D-CID-VN-CUST-IN-EF;VNG38-D-CID-VN-CUST-IN-EX;VNG38-D-CID-VN-CUST-IN-EX-NI;VNG38-D-CID-VN-PRV-LBL-EF;VNG38-D-CID-VN-PRV-LBL-EX;VNG38-D-CID-VN-PRV-LBL-EX-NI;VNG38-F-CID-VN-CUST-IN;VNG38-F-CID-VN-PRV-LBL;VNG38-I-VENDOR;VNG38-P-CID-VN-COSTADJ,,,,,,0,,,,,"EXEC SQL SELECT VNG38.P_CID_VN_COSTADJ, CONVERT(CHAR(10),VNG38.D_CID_VN_CUST_IN_EF,101), CONVERT(CHAR(10),VNG38.D_CID_VN_CUST_IN_EX,101), VNG38.F_CID_VN_CUST_IN, CONVERT(CHAR(10),VNG38.D_CID_VN_PRV_LBL_EF,101), CONVERT(CHAR(10),VNG38.D_CID_VN_PRV_LBL_EX,101), VNG38.F_CID_VN_PRV_LBL INTO :VNG38-P-CID-VN-COSTADJ, :VNG38-D-CID-VN-CUST-IN-EF, :VNG38-D-CID-VN-CUST-IN-EX :VNG38-D-CID-VN-CUST-IN-EX-NI, :VNG38-F-CID-VN-CUST-IN, :VNG38-D-CID-VN-PRV-LBL-EF, :VNG38-D-CID-VN-PRV-LBL-EX :VNG38-D-CID-VN-PRV-LBL-EX-NI, :VNG38-F-CID-VN-PRV-LBL FROM VN_CID_VN_COSTADJ VNG38 WHERE VNG38.CUSTOMER_NBR = :VNG38-CUSTOMER-NBR AND VNG38.I_VENDOR = :VNG38-I-VENDOR AND VNG38.D_CID_VN_COSTADJ_EF <= :VNG38-D-CID-VN-COSTADJ-EF AND (VNG38.D_CID_VN_COSTADJ_EX >= :VNG38-D-CID-VN-COSTADJ-EF OR VNG38.D_CID_VN_COSTADJ_EX IS NULL) END-EXEC."
343,A6U01.CBL,9555-SQL-SELECT-010,23006,23034,SELECT,,,VNG22,VNG22,VNG22.I_VENDOR = :VNG22-I-VENDOR AND VNG22.D_CO_VN_COSTADJ_EF <= :VNG22-D-CO-VN-COSTADJ-EF AND (VNG22.D_CO_VN_COSTADJ_EX >= :VNG22-D-CO-VN-COSTADJ-EF OR VNG22.D_CO_VN_COSTADJ_EX IS NULL),,VNG22-D-CO-VN-COSTADJ-EX;VNG22-D-CO-VN-COSTADJ-EX-NI;VNG22-D-CO-VN-CUST-IN-EF;VNG22-D-CO-VN-CUST-IN-EX;VNG22-D-CO-VN-CUST-IN-EX-NI;VNG22-D-CO-VN-PRV-LBL-EF;VNG22-D-CO-VN-PRV-LBL-EX;VNG22-D-CO-VN-PRV-LBL-EX-NI;VNG22-F-CO-VN-CUST-IN;VNG22-F-CO-VN-PRV-LBL;VNG22-P-CO-VN-COSTADJ,VNG22-D-CO-VN-COSTADJ-EF;VNG22-D-CO-VN-COSTADJ-EX;VNG22-D-CO-VN-COSTADJ-EX-NI;VNG22-D-CO-VN-CUST-IN-EF;VNG22-D-CO-VN-CUST-IN-EX;VNG22-D-CO-VN-CUST-IN-EX-NI;VNG22-D-CO-VN-PRV-LBL-EF;VNG22-D-CO-VN-PRV-LBL-EX;VNG22-D-CO-VN-PRV-LBL-EX-NI;VNG22-F-CO-VN-CUST-IN;VNG22-F-CO-VN-PRV-LBL;VNG22-I-VENDOR;VNG22-P-CO-VN-COSTADJ,,,,,,0,,,,,"EXEC SQL SELECT VNG22.P_CO_VN_COSTADJ, CONVERT(CHAR(10),VNG22.D_CO_VN_COSTADJ_EX,101), CONVERT(CHAR(10),VNG22.D_CO_VN_CUST_IN_EF,101), CONVERT(CHAR(10),VNG22.D_CO_VN_CUST_IN_EX,101), VNG22.F_CO_VN_CUST_IN, CONVERT(CHAR(10),VNG22.D_CO_VN_PRV_LBL_EF,101), CONVERT(CHAR(10),VNG22.D_CO_VN_PRV_LBL_EX,101), VNG22.F_CO_VN_PRV_LBL INTO :VNG22-P-CO-VN-COSTADJ, :VNG22-D-CO-VN-COSTADJ-EX :VNG22-D-CO-VN-COSTADJ-EX-NI, :VNG22-D-CO-VN-CUST-IN-EF, :VNG22-D-CO-VN-CUST-IN-EX :VNG22-D-CO-VN-CUST-IN-EX-NI, :VNG22-F-CO-VN-CUST-IN, :VNG22-D-CO-VN-PRV-LBL-EF, :VNG22-D-CO-VN-PRV-LBL-EX :VNG22-D-CO-VN-PRV-LBL-EX-NI, :VNG22-F-CO-VN-PRV-LBL FROM VNG22 WHERE VNG22.I_VENDOR = :VNG22-I-VENDOR AND VNG22.D_CO_VN_COSTADJ_EF <= :VNG22-D-CO-VN-COSTADJ-EF AND (VNG22.D_CO_VN_COSTADJ_EX >= :VNG22-D-CO-VN-COSTADJ-EF OR VNG22.D_CO_VN_COSTADJ_EX IS NULL) END-EXEC."
344,A6U01.CBL,9560-SQL-SELECT-010,23041,23056,SELECT,,,CUG10,CUG10,CUG10.I_ACCOUNT = :OMGPR-I-ACCOUNT AND CUG10.D_ACCT_BG_PRI_EFF <= :WS-CURRENT-DB2-DATE AND (CUG10.D_ACCT_BG_PRI_EXP >= :WS-CURRENT-DB2-DATE OR CUG10.D_ACCT_BG_PRI_EXP IS NULL),,CUG10-D-ACCT-BG-PRI-EFF;CUG10-D-ACCT-BG-PRI-EXP;CUG10-D-ACCT-BG-PRI-EXP-NI,CUG10-D-ACCT-BG-PRI-EFF;CUG10-D-ACCT-BG-PRI-EXP;CUG10-D-ACCT-BG-PRI-EXP-NI;OMGPR-I-ACCOUNT;WS-CURRENT-DB2-DATE,,,Y,,Y,2,+0;+100;OTHER,,Y, EVALUATE SQLCODE WHEN +0 MOVE CUG10-D-ACCT-BG-PRI-EFF TO CUG11-D-ACCT-BG-PRI-EFF MOVE WS-YES-IND TO WS-F-BG-PRI-VER-FND WHEN +100 MOVE WS-NO-IND TO WS-F-BG-PRI-VER-FND WHEN OTHER MOVE 'SELECT' TO WS-DB-OPERATION MOVE 'CUG10' TO WS-DB-NAME MOVE SQLCODE TO WS-DB-RETURN-CODE MOVE 'DB ERROR' TO WS-DB-STATUS-MSG MOVE 7 TO WS-DB-ERROR-NBR OMGPR-Q-ERROR-NBR MOVE WS-DB2-FATAL-ERROR-IND TO OMGPR-Q-ERROR-CODE MOVE WS-DB-OPERATION-MSG TO OMGPR-ERROR-MESSAGE MOVE WS-YES-IND TO OMGPR-F-PRICER-ERROR GO TO 00,"EXEC SQL SELECT CONVERT(CHAR(10),CUG10.D_ACCT_BG_PRI_EFF,101), CONVERT(CHAR(10),CUG10.D_ACCT_BG_PRI_EXP,101) INTO :CUG10-D-ACCT-BG-PRI-EFF, :CUG10-D-ACCT-BG-PRI-EXP :CUG10-D-ACCT-BG-PRI-EXP-NI FROM CUG10 WHERE CUG10.I_ACCOUNT = :OMGPR-I-ACCOUNT AND CUG10.D_ACCT_BG_PRI_EFF <= :WS-CURRENT-DB2-DATE AND (CUG10.D_ACCT_BG_PRI_EXP >= :WS-CURRENT-DB2-DATE OR CUG10.D_ACCT_BG_PRI_EXP IS NULL) END-EXEC."
345,A6U01.CBL,9565-SQL-SELECT-010,23063,23090,SELECT,,,"CUG11, SAG03",CUG11;SAG03,CUG11.I_ACCOUNT = :OMGPR-I-ACCOUNT AND CUG11.D_ACCT_BG_PRI_EFF = :CUG11-D-ACCT-BG-PRI-EFF AND CUG11.Q_ACCT_BG_PRIORITY = :WS-Q-PRI-BUY-GROUP AND SAG03.D_BG_TIER_START <= :WS-CURRENT-DB2-DATE AND (SAG03.D_BG_TIER_EXPIRE >= :WS-CURRENT-DB2-DATE OR SAG03.D_BG_TIER_EXPIRE IS NULL) AND CUG11.I_BUY_GROUP = SAG03.I_BUY_GROUP AND CUG11.Q_PREF_TIER_LEVEL = SAG03.Q_PREF_TIER_LEVEL AND CUG11.D_BG_TIER_START = SAG03.D_BG_TIER_START,,CUG11-D-BG-TIER-START;CUG11-I-BUY-GROUP;CUG11-Q-ACCT-BG-PRIORITY;CUG11-Q-PREF-TIER-LEVEL;CUG11-S-BG-MEMBER,CUG11-D-ACCT-BG-PRI-EFF;CUG11-D-BG-TIER-START;CUG11-I-BUY-GROUP;CUG11-Q-ACCT-BG-PRIORITY;CUG11-Q-PREF-TIER-LEVEL;CUG11-S-BG-MEMBER;OMGPR-I-ACCOUNT;WS-CURRENT-DB2-DATE;WS-Q-PRI-BUY-GROUP,,,Y,,Y,2,+0;+100;OTHER,,Y, EVALUATE SQLCODE WHEN +0 MOVE WS-YES-IND TO WS-F-ACCT-BG-PRI-FND MOVE CUG11-Q-ACCT-BG-PRIORITY TO WS-C-SELL-PRIORITY WHEN +100 MOVE WS-NO-IND TO WS-F-ACCT-BG-PRI-FND MOVE ZEROES TO WS-C-SELL-PRIORITY WHEN OTHER MOVE 'SELECT' TO WS-DB-OPERATION MOVE 'CUG11' TO WS-DB-NAME MOVE SQLCODE TO WS-DB-RETURN-CODE MOVE 'DB ERROR' TO WS-DB-STATUS-MSG MOVE 46 TO WS-DB-ERROR-NBR OMGPR-Q-ERROR-NBR MOVE WS-DB2-FATAL-ERROR-IND TO OMGPR-Q-ERROR-CODE MOVE WS-DB-OPERATION-MSG TO OMGPR-ERROR-MESSAGE MOVE WS-YES-IND,"EXEC SQL SELECT CUG11.I_BUY_GROUP, CUG11.S_BG_MEMBER, CUG11.Q_ACCT_BG_PRIORITY, CUG11.Q_PREF_TIER_LEVEL, CONVERT(CHAR(10),CUG11.D_BG_TIER_START,101) INTO :CUG11-I-BUY-GROUP, :CUG11-S-BG-MEMBER, :CUG11-Q-ACCT-BG-PRIORITY, :CUG11-Q-PREF-TIER-LEVEL, :CUG11-D-BG-TIER-START FROM CUG11, SAG03 WHERE CUG11.I_ACCOUNT = :OMGPR-I-ACCOUNT AND CUG11.D_ACCT_BG_PRI_EFF = :CUG11-D-ACCT-BG-PRI-EFF AND CUG11.Q_ACCT_BG_PRIORITY = :WS-Q-PRI-BUY-GROUP AND SAG03.D_BG_TIER_START <= :WS-CURRENT-DB2-DATE AND (SAG03.D_BG_TIER_EXPIRE >= :WS-CURRENT-DB2-DATE OR SAG03.D_BG_TIER_EXPIRE IS NULL) AND CUG11.I_BUY_GROUP = SAG03.I_BUY_GROUP AND CUG11.Q_PREF_TIER_LEVEL = SAG03.Q_PREF_TIER_LEVEL AND CUG11.D_BG_TIER_START = SAG03.D_BG_TIER_START END-EXEC."
346,A6U01.CBL,9570-SQL-SELECT-010,23097,23110,SELECT,,,CUG06,CUG06,I_CUSTOMER = :OMGPR-I-CUSTOMER AND D_CUST_BG_PRI_EFF <= :WS-CURRENT-DB2-DATE AND (D_CUST_BG_PRI_EXP >= :WS-CURRENT-DB2-DATE OR D_CUST_BG_PRI_EXP IS NULL),,CUG06-D-CUST-BG-PRI-EFF;CUG06-D-CUST-BG-PRI-EXP;CUG06-D-CUST-BG-PRI-EXP-NI,CUG06-D-CUST-BG-PRI-EFF;CUG06-D-CUST-BG-PRI-EXP;CUG06-D-CUST-BG-PRI-EXP-NI;OMGPR-I-CUSTOMER;WS-CURRENT-DB2-DATE,,,Y,,Y,2,+0;+100;OTHER,,Y, EVALUATE SQLCODE WHEN +0 MOVE CUG06-D-CUST-BG-PRI-EFF TO CUG07-D-CUST-BG-PRI-EFF MOVE WS-YES-IND TO WS-F-BG-PRI-VER-FND WHEN +100 MOVE WS-NO-IND TO WS-F-BG-PRI-VER-FND WHEN OTHER MOVE 'SELECT' TO WS-DB-OPERATION MOVE 'CUG06' TO WS-DB-NAME MOVE SQLCODE TO WS-DB-RETURN-CODE MOVE 'DB ERROR' TO WS-DB-STATUS-MSG MOVE 21 TO WS-DB-ERROR-NBR OMGPR-Q-ERROR-NBR MOVE WS-DB2-FATAL-ERROR-IND TO OMGPR-Q-ERROR-CODE MOVE WS-DB-OPERATION-MSG TO OMGPR-ERROR-MESSAGE MOVE WS-YES-IND TO OMGPR-F-PRICER-ERROR GO TO 0,"EXEC SQL SELECT CONVERT(CHAR(10),CUG06.D_CUST_BG_PRI_EFF,101), CONVERT(CHAR(10),CUG06.D_CUST_BG_PRI_EXP,101) INTO :CUG06-D-CUST-BG-PRI-EFF, :CUG06-D-CUST-BG-PRI-EXP :CUG06-D-CUST-BG-PRI-EXP-NI FROM CUG06 WHERE I_CUSTOMER = :OMGPR-I-CUSTOMER AND D_CUST_BG_PRI_EFF <= :WS-CURRENT-DB2-DATE AND (D_CUST_BG_PRI_EXP >= :WS-CURRENT-DB2-DATE OR D_CUST_BG_PRI_EXP IS NULL) END-EXEC."
347,A6U01.CBL,9575-SQL-SELECT-010,23117,23144,SELECT,,,"CUG07, SAG03",CUG07;SAG03,CUG07.I_CUSTOMER = :OMGPR-I-CUSTOMER AND CUG07.D_CUST_BG_PRI_EFF = :CUG07-D-CUST-BG-PRI-EFF AND CUG07.Q_CUST_BG_PRIORITY = :WS-Q-PRI-BUY-GROUP AND SAG03.D_BG_TIER_START <= :WS-CURRENT-DB2-DATE AND (SAG03.D_BG_TIER_EXPIRE >= :WS-CURRENT-DB2-DATE OR SAG03.D_BG_TIER_EXPIRE IS NULL) AND CUG07.I_BUY_GROUP = SAG03.I_BUY_GROUP AND CUG07.Q_PREF_TIER_LEVEL = SAG03.Q_PREF_TIER_LEVEL AND CUG07.D_BG_TIER_START = SAG03.D_BG_TIER_START,,CUG07-D-BG-TIER-START;CUG07-I-BUY-GROUP;CUG07-Q-CUST-BG-PRIORITY;CUG07-Q-PREF-TIER-LEVEL;CUG07-S-BG-MEMBER,CUG07-D-BG-TIER-START;CUG07-D-CUST-BG-PRI-EFF;CUG07-I-BUY-GROUP;CUG07-Q-CUST-BG-PRIORITY;CUG07-Q-PREF-TIER-LEVEL;CUG07-S-BG-MEMBER;OMGPR-I-CUSTOMER;WS-CURRENT-DB2-DATE;WS-Q-PRI-BUY-GROUP,,,Y,,Y,2,+0;+100;OTHER,,Y, EVALUATE SQLCODE WHEN +0 MOVE WS-YES-IND TO WS-F-CUST-BG-PRI-FND MOVE CUG07-Q-CUST-BG-PRIORITY TO WS-C-SELL-PRIORITY WHEN +100 MOVE WS-NO-IND TO WS-F-CUST-BG-PRI-FND MOVE ZEROES TO WS-C-SELL-PRIORITY GO TO 7870-EXIT WHEN OTHER MOVE 'SELECT' TO WS-DB-OPERATION MOVE 'CUG07' TO WS-DB-NAME MOVE SQLCODE TO WS-DB-RETURN-CODE MOVE 'DB ERROR' TO WS-DB-STATUS-MSG MOVE 47 TO WS-DB-ERROR-NBR OMGPR-Q-ERROR-NBR MOVE WS-DB2-FATAL-ERROR-IND TO OMGPR-Q-ERROR-CODE MOVE WS-DB-OPERATION-MSG TO OMGPR-ERROR-MESSAGE,"EXEC SQL SELECT CUG07.I_BUY_GROUP, CUG07.S_BG_MEMBER, CUG07.Q_CUST_BG_PRIORITY, CUG07.Q_PREF_TIER_LEVEL, CONVERT(CHAR(10),CUG07.D_BG_TIER_START,101) INTO :CUG07-I-BUY-GROUP, :CUG07-S-BG-MEMBER, :CUG07-Q-CUST-BG-PRIORITY, :CUG07-Q-PREF-TIER-LEVEL, :CUG07-D-BG-TIER-START FROM CUG07, SAG03 WHERE CUG07.I_CUSTOMER = :OMGPR-I-CUSTOMER AND CUG07.D_CUST_BG_PRI_EFF = :CUG07-D-CUST-BG-PRI-EFF AND CUG07.Q_CUST_BG_PRIORITY = :WS-Q-PRI-BUY-GROUP AND SAG03.D_BG_TIER_START <= :WS-CURRENT-DB2-DATE AND (SAG03.D_BG_TIER_EXPIRE >= :WS-CURRENT-DB2-DATE OR SAG03.D_BG_TIER_EXPIRE IS NULL) AND CUG07.I_BUY_GROUP = SAG03.I_BUY_GROUP AND CUG07.Q_PREF_TIER_LEVEL = SAG03.Q_PREF_TIER_LEVEL AND CUG07.D_BG_TIER_START = SAG03.D_BG_TIER_START END-EXEC."
348,A6U01.CBL,9580-SQL-OPEN-VNG05-010,23151,23153,OPEN_CURSOR,VNG05_CUR,,,,,,,,,,,,Y,2,,NOT =+0,Y, IF SQLCODE NOT = +0 MOVE 'OPEN CURSOR' TO WS-DB-OPERATION MOVE 'VNG05' TO WS-DB-NAME MOVE SQLCODE TO WS-DB-RETURN-CODE MOVE 'DB ERROR' TO WS-DB-STATUS-MSG MOVE 701 TO WS-DB-ERROR-NBR OMGPR-Q-ERROR-NBR MOVE WS-DB2-FATAL-ERROR-IND TO OMGPR-Q-ERROR-CODE MOVE WS-DB-OPERATION-MSG TO OMGPR-ERROR-MESSAGE MOVE WS-YES-IND TO OMGPR-F-PRICER-ERROR GO TO 0020-EXIT-PRICER END-IF.,EXEC SQL OPEN VNG05_CUR END-EXEC.
349,A6U01.CBL,9585-SQL-FETCH-FROM-VNG05-010,23160,23165,FETCH_CURSOR,VNG05_CUR,,,,,,,VNG05-A-VD-PRD-ALT-UMF;VNG05-C-VD-PRD-ALT-UM;VNG05-F-ALT-UOM-DESIGNATOR,,,,,Y,2,0;100;OTHER,,Y, 9585-EXIT EVALUATE SQLCODE WHEN 0 ADD +1 TO WS-SUBX IF WS-SUBX > WS-MAX-ALTER-UOM-ENTRIES MOVE 'SUBSRIPT INDX' TO WS-DB-OPERATION MOVE 'VNG05' TO WS-DB-NAME MOVE SQLCODE TO WS-DB-RETURN-CODE MOVE 'DB ERROR' TO WS-DB-STATUS-MSG MOVE 703 TO WS-DB-ERROR-NBR OMGPR-Q-ERROR-NBR MOVE WS-DB2-FATAL-ERROR-IND TO OMGPR-Q-ERROR-CODE MOVE WS-DB-OPERATION-MSG TO OMGPR-ERROR-MESSAGE MOVE WS-YES-IND TO OMGPR-F-PRICER-ERROR GO TO 0020-EXIT-PRICER END-IF MOVE VNG05-C-VD-PRD-ALT-UM TO WS-ALT-UOM-ENTRY (WS-SUBX) C,"EXEC SQL FETCH FROM VNG05_CUR INTO :VNG05-C-VD-PRD-ALT-UM, :VNG05-A-VD-PRD-ALT-UMF, :VNG05-F-ALT-UOM-DESIGNATOR END-EXEC."
350,A6U01.CBL,9590-SQL-CLOSE-VNG05-010,23172,23174,CLOSE_CURSOR,VNG05_CUR,,,,,,,,,,,,,0,,,,,EXEC SQL CLOSE VNG05_CUR END-EXEC.
351,A6U01.CBL,9595-SQL-SELECT-010,23181,23193,SELECT,,,BGG25,BGG25,BGG25.I_VENDOR = :BGG25-I-VENDOR AND BGG25.I_BUY_GROUP = :BGG25-I-BUY-GROUP AND BGG25.D_BG_LOW_UOM_EFF = :BGG25-D-BG-LOW-UOM-EFF AND BGG25.D_BG_LUOM_VEND_EFF <= :OMGPR-D-PRICING AND (BGG25.D_BG_LUOM_VEND_EXP >= :OMGPR-D-PRICING OR BGG25.D_BG_LUOM_VEND_EXP IS NULL),,BGG25-D-BG-LUOM-VEND-EFF,BGG25-D-BG-LOW-UOM-EFF;BGG25-D-BG-LUOM-VEND-EFF;BGG25-I-BUY-GROUP;BGG25-I-VENDOR;OMGPR-D-PRICING,,,Y,,Y,2,0;-811;100;OTHER,,Y, EVALUATE SQLCODE WHEN 0 MOVE 'Y' TO WS-BG-LOW-VEXC-EXISTS-SW WHEN -811 MOVE 'Y' TO WS-BG-LOW-VEXC-EXISTS-SW WHEN 100 MOVE 'N' TO WS-BG-LOW-VEXC-EXISTS-SW WHEN OTHER MOVE 'N' TO WS-BG-LOW-VEXC-EXISTS-SW MOVE 'SELECT' TO WS-DB-OPERATION MOVE 'BGG25 ' TO WS-DB-NAME MOVE SQLCODE TO WS-DB-RETURN-CODE MOVE 'DB ERROR' TO WS-DB-STATUS-MSG MOVE 301 TO WS-DB-ERROR-NBR OMGPR-Q-ERROR-NBR MOVE WS-DB2-FATAL-ERROR-IND TO OMGPR-Q-ERROR-CODE MOVE WS-DB-OPERATION-MSG TO OMGPR-ERROR-MESSAGE MOVE WS-YES-IND TO OMG,"EXEC SQL SELECT CONVERT(CHAR(10),BGG25.D_BG_LUOM_VEND_EFF,101) INTO :BGG25-D-BG-LUOM-VEND-EFF FROM BGG25 WHERE BGG25.I_VENDOR = :BGG25-I-VENDOR AND BGG25.I_BUY_GROUP = :BGG25-I-BUY-GROUP AND BGG25.D_BG_LOW_UOM_EFF = :BGG25-D-BG-LOW-UOM-EFF AND BGG25.D_BG_LUOM_VEND_EFF <= :OMGPR-D-PRICING AND (BGG25.D_BG_LUOM_VEND_EXP >= :OMGPR-D-PRICING OR BGG25.D_BG_LUOM_VEND_EXP IS NULL) END-EXEC."
352,A6U01.CBL,9600-SQL-SELECT-010,23200,23214,SELECT,,,VNG20,VNG20,VNG20.I_VENDOR = :VNG20-I-VENDOR AND VNG20.I_DIVISION = :VNG20-I-DIVISION AND VNG20.D_IN_FREIGHT_EFF <= :WS-CURRENT-DB2-DATE AND (VNG20.D_IN_FREIGHT_EXP >= :WS-CURRENT-DB2-DATE OR VNG20.D_IN_FREIGHT_EXP IS NULL),,VNG20-D-IN-FREIGHT-EXP;VNG20-D-IN-FREIGHT-EXP-NI;VNG20-P-IN-FREIGHT;VNG20-P-IN-SELL-FREIGHT,VNG20-D-IN-FREIGHT-EXP;VNG20-D-IN-FREIGHT-EXP-NI;VNG20-I-DIVISION;VNG20-I-VENDOR;VNG20-P-IN-FREIGHT;VNG20-P-IN-SELL-FREIGHT;WS-CURRENT-DB2-DATE,,,Y,,Y,2,+0;+100;OTHER,,Y, EVALUATE SQLCODE WHEN +0 MOVE 'Y' TO WS-IN-FRT-FOUND-SW MOVE 0 TO OMGPR-A-INFRT MOVE VNG20-P-IN-FREIGHT TO OMGPR-P-INFRT-BG IF VNG20-P-IN-FREIGHT > 0 AND WS-APPLY-FRT-CST-SELL-SW = 'C' COMPUTE WS-A-INFRT-COMPARE ROUNDED = OMGPR-A-VND-PRC-DEALER * VNG20-P-IN-FREIGHT COMPUTE OMGPR-A-INFRT ROUNDED = WS-A-INFRT-COMPARE ELSE IF WS-APPLY-FRT-CST-SELL-SW = 'S' MOVE VNG20-P-IN-SELL-FREIGHT TO OMGPR-P-INFRT-BG END-IF END-IF MOVE WS-FRT-DIV-VEND-IND TO OMGPR-C-INFRT-TYPE IF VNG20-D-IN-FREIGHT-EXP-NI NOT ,"EXEC SQL SELECT VNG20.P_IN_FREIGHT, VNG20.P_IN_SELL_FREIGHT, CONVERT(CHAR(10),VNG20.D_IN_FREIGHT_EXP,101) INTO :VNG20-P-IN-FREIGHT, :VNG20-P-IN-SELL-FREIGHT, :VNG20-D-IN-FREIGHT-EXP :VNG20-D-IN-FREIGHT-EXP-NI FROM VNG20 WHERE VNG20.I_VENDOR = :VNG20-I-VENDOR AND VNG20.I_DIVISION = :VNG20-I-DIVISION AND VNG20.D_IN_FREIGHT_EFF <= :WS-CURRENT-DB2-DATE AND (VNG20.D_IN_FREIGHT_EXP >= :WS-CURRENT-DB2-DATE OR VNG20.D_IN_FREIGHT_EXP IS NULL) END-EXEC."
353,A6U01.CBL,9605-SQL-SELECT-010,23221,23246,SELECT,,,"CUG11, SAG03",CUG11;SAG03,CUG11.I_ACCOUNT = :OMGPR-I-ACCOUNT AND CUG11.D_ACCT_BG_PRI_EFF = :CUG11-D-ACCT-BG-PRI-EFF AND CUG11.I_BUY_GROUP = :CUG11-I-BUY-GROUP AND SAG03.D_BG_TIER_START <= :WS-CURRENT-DB2-DATE AND (SAG03.D_BG_TIER_EXPIRE >= :WS-CURRENT-DB2-DATE OR SAG03.D_BG_TIER_EXPIRE IS NULL) AND CUG11.I_BUY_GROUP = SAG03.I_BUY_GROUP AND CUG11.Q_PREF_TIER_LEVEL = SAG03.Q_PREF_TIER_LEVEL AND CUG11.D_BG_TIER_START = SAG03.D_BG_TIER_START,,CUG11-D-BG-TIER-START;CUG11-Q-ACCT-BG-PRIORITY;CUG11-Q-PREF-TIER-LEVEL;CUG11-S-BG-MEMBER,CUG11-D-ACCT-BG-PRI-EFF;CUG11-D-BG-TIER-START;CUG11-I-BUY-GROUP;CUG11-Q-ACCT-BG-PRIORITY;CUG11-Q-PREF-TIER-LEVEL;CUG11-S-BG-MEMBER;OMGPR-I-ACCOUNT;WS-CURRENT-DB2-DATE,,,Y,,Y,2,+0;+100;OTHER,,Y, EVALUATE SQLCODE WHEN +0 MOVE WS-YES-IND TO WS-F-ACCT-BG-PRI-FND MOVE CUG11-Q-ACCT-BG-PRIORITY TO WS-C-COST-PRIORITY WHEN +100 MOVE WS-NO-IND TO WS-F-ACCT-BG-PRI-FND MOVE ZEROES TO WS-C-COST-PRIORITY WHEN OTHER MOVE 'SELECT' TO WS-DB-OPERATION MOVE 'CUG11' TO WS-DB-NAME MOVE SQLCODE TO WS-DB-RETURN-CODE MOVE 'DB ERROR' TO WS-DB-STATUS-MSG MOVE 107 TO WS-DB-ERROR-NBR OMGPR-Q-ERROR-NBR MOVE WS-DB2-FATAL-ERROR-IND TO OMGPR-Q-ERROR-CODE MOVE WS-DB-OPERATION-MSG TO OMGPR-ERROR-MESSAGE MOVE WS-YES-IN,"EXEC SQL SELECT CUG11.Q_ACCT_BG_PRIORITY, CUG11.Q_PREF_TIER_LEVEL, CONVERT(CHAR(10),CUG11.D_BG_TIER_START,101), CUG11.S_BG_MEMBER INTO :CUG11-Q-ACCT-BG-PRIORITY, :CUG11-Q-PREF-TIER-LEVEL, :CUG11-D-BG-TIER-START, :CUG11-S-BG-MEMBER FROM CUG11, SAG03 WHERE CUG11.I_ACCOUNT = :OMGPR-I-ACCOUNT AND CUG11.D_ACCT_BG_PRI_EFF = :CUG11-D-ACCT-BG-PRI-EFF AND CUG11.I_BUY_GROUP = :CUG11-I-BUY-GROUP AND SAG03.D_BG_TIER_START <= :WS-CURRENT-DB2-DATE AND (SAG03.D_BG_TIER_EXPIRE >= :WS-CURRENT-DB2-DATE OR SAG03.D_BG_TIER_EXPIRE IS NULL) AND CUG11.I_BUY_GROUP = SAG03.I_BUY_GROUP AND CUG11.Q_PREF_TIER_LEVEL = SAG03.Q_PREF_TIER_LEVEL AND CUG11.D_BG_TIER_START = SAG03.D_BG_TIER_START END-EXEC."
354,A6U01.CBL,9610-SQL-SELECT-010,23253,23278,SELECT,,,"CUG07, SAG03",CUG07;SAG03,CUG07.I_CUSTOMER = :OMGPR-I-CUSTOMER AND CUG07.D_CUST_BG_PRI_EFF = :CUG07-D-CUST-BG-PRI-EFF AND CUG07.I_BUY_GROUP = :CUG07-I-BUY-GROUP AND SAG03.D_BG_TIER_START <= :WS-CURRENT-DB2-DATE AND (SAG03.D_BG_TIER_EXPIRE >= :WS-CURRENT-DB2-DATE OR SAG03.D_BG_TIER_EXPIRE IS NULL) AND CUG07.I_BUY_GROUP = SAG03.I_BUY_GROUP AND CUG07.Q_PREF_TIER_LEVEL = SAG03.Q_PREF_TIER_LEVEL AND CUG07.D_BG_TIER_START = SAG03.D_BG_TIER_START,,CUG07-D-BG-TIER-START;CUG07-Q-CUST-BG-PRIORITY;CUG07-Q-PREF-TIER-LEVEL;CUG07-S-BG-MEMBER,CUG07-D-BG-TIER-START;CUG07-D-CUST-BG-PRI-EFF;CUG07-I-BUY-GROUP;CUG07-Q-CUST-BG-PRIORITY;CUG07-Q-PREF-TIER-LEVEL;CUG07-S-BG-MEMBER;OMGPR-I-CUSTOMER;WS-CURRENT-DB2-DATE,,,Y,,Y,2,+0;+100;OTHER,,Y, EVALUATE SQLCODE WHEN +0 MOVE WS-YES-IND TO WS-F-CUST-BG-PRI-FND MOVE CUG07-Q-CUST-BG-PRIORITY TO WS-C-COST-PRIORITY WHEN +100 MOVE WS-NO-IND TO WS-F-CUST-BG-PRI-FND MOVE ZEROES TO WS-C-COST-PRIORITY GO TO 7905-EXIT WHEN OTHER MOVE 'SELECT' TO WS-DB-OPERATION MOVE 'CUG07' TO WS-DB-NAME MOVE SQLCODE TO WS-DB-RETURN-CODE MOVE 'DB ERROR' TO WS-DB-STATUS-MSG MOVE 20 TO WS-DB-ERROR-NBR OMGPR-Q-ERROR-NBR MOVE WS-DB2-FATAL-ERROR-IND TO OMGPR-Q-ERROR-CODE MOVE WS-DB-OPERATION-MSG TO OMGPR-ERROR-MESSAGE,"EXEC SQL SELECT CUG07.Q_CUST_BG_PRIORITY, CUG07.Q_PREF_TIER_LEVEL, CONVERT(CHAR(10),CUG07.D_BG_TIER_START,101), CUG07.S_BG_MEMBER INTO :CUG07-Q-CUST-BG-PRIORITY, :CUG07-Q-PREF-TIER-LEVEL, :CUG07-D-BG-TIER-START, :CUG07-S-BG-MEMBER FROM CUG07, SAG03 WHERE CUG07.I_CUSTOMER = :OMGPR-I-CUSTOMER AND CUG07.D_CUST_BG_PRI_EFF = :CUG07-D-CUST-BG-PRI-EFF AND CUG07.I_BUY_GROUP = :CUG07-I-BUY-GROUP AND SAG03.D_BG_TIER_START <= :WS-CURRENT-DB2-DATE AND (SAG03.D_BG_TIER_EXPIRE >= :WS-CURRENT-DB2-DATE OR SAG03.D_BG_TIER_EXPIRE IS NULL) AND CUG07.I_BUY_GROUP = SAG03.I_BUY_GROUP AND CUG07.Q_PREF_TIER_LEVEL = SAG03.Q_PREF_TIER_LEVEL AND CUG07.D_BG_TIER_START = SAG03.D_BG_TIER_START END-EXEC."
355,A6U01.CBL,9615-SQL-SELECT-010,23285,23302,SELECT,,,BGG10,BGG10,BGG10.I_BUY_GROUP = :BGG10-I-BUY-GROUP AND BGG10.I_VENDOR = :BGG10-I-VENDOR AND BGG10.D_INFRT_BG_EFF <= :WS-CURRENT-DB2-DATE AND (BGG10.D_INFRT_BG_EXP >= :WS-CURRENT-DB2-DATE OR BGG10.D_INFRT_BG_EXP IS NULL),,BGG10-D-INFRT-BG-EFF;BGG10-D-INFRT-BG-EXP;BGG10-D-INFRT-BG-EXP-NI;BGG10-F-FRT-BG-FLAG;BGG10-P-INFRT-BG,BGG10-D-INFRT-BG-EFF;BGG10-D-INFRT-BG-EXP;BGG10-D-INFRT-BG-EXP-NI;BGG10-F-FRT-BG-FLAG;BGG10-I-BUY-GROUP;BGG10-I-VENDOR;BGG10-P-INFRT-BG;WS-CURRENT-DB2-DATE,,,Y,,Y,2,,,, 9615-EXIT END-IF. EVALUATE TRUE WHEN SQLCODE = +0 OR +001 MOVE 'Y' TO WS-IN-FRT-FOUND-SW COMPUTE OMGPR-A-INFRT ROUNDED = OMGPR-A-VND-PRC-DEALER * BGG10-P-INFRT-BG MOVE BGG10-P-INFRT-BG TO OMGPR-P-INFRT-BG MOVE BGG10-I-BUY-GROUP TO OMGPR-I-BUY-GROUP-FRT IF OMGPR-F-AA-FRT-IN = 'V' MOVE OMGPR-F-AA-FRT-IN TO WS-APPLY-FRT-CST-SELL-SW ELSE MOVE BGG10-F-FRT-BG-FLAG TO WS-APPLY-FRT-CST-SELL-SW END-IF,"EXEC SQL SELECT BGG10.P_INFRT_BG, CONVERT(CHAR(10),BGG10.D_INFRT_BG_EFF,101), CONVERT(CHAR(10),BGG10.D_INFRT_BG_EXP,101), BGG10.F_FRT_BG_FLAG INTO :BGG10-P-INFRT-BG, :BGG10-D-INFRT-BG-EFF, :BGG10-D-INFRT-BG-EXP :BGG10-D-INFRT-BG-EXP-NI, :BGG10-F-FRT-BG-FLAG FROM BGG10 WHERE BGG10.I_BUY_GROUP = :BGG10-I-BUY-GROUP AND BGG10.I_VENDOR = :BGG10-I-VENDOR AND BGG10.D_INFRT_BG_EFF <= :WS-CURRENT-DB2-DATE AND (BGG10.D_INFRT_BG_EXP >= :WS-CURRENT-DB2-DATE OR BGG10.D_INFRT_BG_EXP IS NULL) END-EXEC."
356,A6U01.CBL,9620-SQL-SELECT-010,23309,23321,SELECT,,,VNG21,VNG21,VNG21.I_BUY_GROUP = :VNG21-I-BUY-GROUP AND VNG21.I_VENDOR = :VNG21-I-VENDOR AND VNG21.D_BG_VN_SURCHG_EFF <= :WS-CURRENT-DB2-DATE AND (VNG21.D_BG_VN_SURCHG_EXP >= :WS-CURRENT-DB2-DATE OR VNG21.D_BG_VN_SURCHG_EXP IS NULL),,VNG21-P-BG-VN-SURCHG,VNG21-I-BUY-GROUP;VNG21-I-VENDOR;VNG21-P-BG-VN-SURCHG;WS-CURRENT-DB2-DATE,,,Y,,Y,2,+00;+100;OTHER,,, EVALUATE SQLCODE WHEN +00 MOVE VNG21-P-BG-VN-SURCHG TO A9G36-P-SURCHARGE GO TO 7920-EXIT WHEN +100 CONTINUE WHEN OTHER MOVE SQLCODE TO WS-WS-VNG21-SQLCODE MOVE WS-VNG21-ERROR-MESSAGE TO A9G36-T-ERROR-MSG SET A9G36-SURCHARGE-FAILURE TO TRUE GO TO 7920-EXIT END-EVALUATE.,EXEC SQL SELECT VNG21.P_BG_VN_SURCHG INTO :VNG21-P-BG-VN-SURCHG FROM VNG21 WHERE VNG21.I_BUY_GROUP = :VNG21-I-BUY-GROUP AND VNG21.I_VENDOR = :VNG21-I-VENDOR AND VNG21.D_BG_VN_SURCHG_EFF <= :WS-CURRENT-DB2-DATE AND (VNG21.D_BG_VN_SURCHG_EXP >= :WS-CURRENT-DB2-DATE OR VNG21.D_BG_VN_SURCHG_EXP IS NULL) END-EXEC.
357,A6U01.CBL,9625-SQL-SELECT-010,23328,23337,SELECT,,,BGG03,BGG03,BGG03.I_BUY_GROUP = :BGG03-I-BUY-GROUP AND BGG03.D_PARTNER_START <= :WS-CURRENT-DB2-DATE AND (BGG03.D_PARTNER_EXPIRE >= :WS-CURRENT-DB2-DATE OR BGG03.D_PARTNER_EXPIRE IS NULL),,BGG03-I-BUY-GROUP-PARENT,BGG03-I-BUY-GROUP;BGG03-I-BUY-GROUP-PARENT;WS-CURRENT-DB2-DATE,,,Y,,Y,2,+0;+100;OTHER,,Y, EVALUATE SQLCODE WHEN +0 GO TO 7925-EXIT WHEN +100 GO TO 7925-EXIT WHEN OTHER MOVE 'SELECT' TO WS-DB-OPERATION MOVE 'BGG03' TO WS-DB-NAME MOVE SQLCODE TO WS-DB-RETURN-CODE MOVE 'DB ERROR' TO WS-DB-STATUS-MSG MOVE 113 TO WS-DB-ERROR-NBR OMGPR-Q-ERROR-NBR MOVE WS-DB2-FATAL-ERROR-IND TO OMGPR-Q-ERROR-CODE MOVE WS-DB-OPERATION-MSG TO OMGPR-ERROR-MESSAGE MOVE WS-YES-IND TO OMGPR-F-PRICER-ERROR GO TO 0020-EXIT-PRICER END-EVALUATE.,EXEC SQL SELECT BGG03.I_BUY_GROUP_PARENT INTO :BGG03-I-BUY-GROUP-PARENT FROM BGG03 WHERE BGG03.I_BUY_GROUP = :BGG03-I-BUY-GROUP AND BGG03.D_PARTNER_START <= :WS-CURRENT-DB2-DATE AND (BGG03.D_PARTNER_EXPIRE >= :WS-CURRENT-DB2-DATE OR BGG03.D_PARTNER_EXPIRE IS NULL) END-EXEC.
358,A6U01.CBL,9630-SQL-SELECT-010,23344,23370,SELECT,,,VNG24,VNG24,VNG24.I_BUY_GROUP = :VNG24-I-BUY-GROUP AND VNG24.I_VENDOR = :VNG24-I-VENDOR AND VNG24.D_BG_VN_COSTADJ_EF <= :WS-CURRENT-DB2-DATE AND (VNG24.D_BG_VN_COSTADJ_EX >= :WS-CURRENT-DB2-DATE OR VNG24.D_BG_VN_COSTADJ_EX IS NULL),,VNG24-D-BG-VN-CUST-IN-EF;VNG24-D-BG-VN-CUST-IN-EX;VNG24-D-BG-VN-CUST-IN-EX-NI;VNG24-D-BG-VN-PRV-LBL-EF;VNG24-D-BG-VN-PRV-LBL-EX;VNG24-D-BG-VN-PRV-LBL-EX-NI;VNG24-F-BG-VN-CUST-IN;VNG24-F-BG-VN-PRV-LBL;VNG24-P-BG-VN-COSTADJ,VNG24-D-BG-VN-CUST-IN-EF;VNG24-D-BG-VN-CUST-IN-EX;VNG24-D-BG-VN-CUST-IN-EX-NI;VNG24-D-BG-VN-PRV-LBL-EF;VNG24-D-BG-VN-PRV-LBL-EX;VNG24-D-BG-VN-PRV-LBL-EX-NI;VNG24-F-BG-VN-CUST-IN;VNG24-F-BG-VN-PRV-LBL;VNG24-I-BUY-GROUP;VNG24-I-VENDOR;VNG24-P-BG-VN-COSTADJ;WS-CURRENT-DB2-DATE,,,Y,,Y,2,+00;+100;OTHER,,, EVALUATE SQLCODE WHEN +00 IF VNG24-D-BG-VN-CUST-IN-EX-NI NOT = -1 MOVE VNG24-D-BG-VN-CUST-IN-EX TO WS-PRICE-EXP-DATE PERFORM 7695-ADD-EXP-DATE-ARRA-010 THRU 7695-EXIT END-IF IF (VNG02-C-CUSTOM-IND = WS-YES-IND OR VNG02-C-PRIVATE-LBL = 'O') PERFORM 0415-CHECK-BG-EXEMPT-STATUS THRU 0415-EXIT ELSE MOVE VNG24-P-BG-VN-COSTADJ TO WS-VNDCOSTADJ-PERCENT GO TO 7930-EXIT END-IF WHEN +100 CONTINUE WHEN OTHER MOVE 'VNG24' TO WS-VCADJ-ERROR-TABLE MOVE SQLCODE TO WS-VCADJ-VNGXX-SQLCODE MOVE WS-VCADJ-VNGXX-ER,"EXEC SQL SELECT VNG24.P_BG_VN_COSTADJ, CONVERT(CHAR(10),VNG24.D_BG_VN_CUST_IN_EF,101), CONVERT(CHAR(10),VNG24.D_BG_VN_CUST_IN_EX,101), VNG24.F_BG_VN_CUST_IN, CONVERT(CHAR(10),VNG24.D_BG_VN_PRV_LBL_EF,101), CONVERT(CHAR(10),VNG24.D_BG_VN_PRV_LBL_EX,101), VNG24.F_BG_VN_PRV_LBL INTO :VNG24-P-BG-VN-COSTADJ, :VNG24-D-BG-VN-CUST-IN-EF, :VNG24-D-BG-VN-CUST-IN-EX :VNG24-D-BG-VN-CUST-IN-EX-NI, :VNG24-F-BG-VN-CUST-IN, :VNG24-D-BG-VN-PRV-LBL-EF, :VNG24-D-BG-VN-PRV-LBL-EX :VNG24-D-BG-VN-PRV-LBL-EX-NI, :VNG24-F-BG-VN-PRV-LBL FROM VNG24 WHERE VNG24.I_BUY_GROUP = :VNG24-I-BUY-GROUP AND VNG24.I_VENDOR = :VNG24-I-VENDOR AND VNG24.D_BG_VN_COSTADJ_EF <= :WS-CURRENT-DB2-DATE AND (VNG24.D_BG_VN_COSTADJ_EX >= :WS-CURRENT-DB2-DATE OR VNG24.D_BG_VN_COSTADJ_EX IS NULL) END-EXEC."
359,A6U01.CBL,9635-SQL-SELECT-010,23377,23395,SELECT,,,CCG07,CCG07,CCG07.S_BG_MEMBER = :CCG07-S-BG-MEMBER AND CCG07.I_BUY_GROUP = :CCG07-I-BUY-GROUP AND CCG07.I_CONTRACT = :CCG07-I-CONTRACT AND CCG07.D_ELIG_START <= :WS-CURRENT-DB2-DATE AND (CCG07.D_ELIG_EXPIRE >= :WS-CURRENT-DB2-DATE OR CCG07.D_ELIG_EXPIRE IS NULL),,CCG07-D-ELIG-EFFECT;CCG07-D-ELIG-EXPIRE;CCG07-D-ELIG-EXPIRE-NI;CCG07-D-ELIG-START;CCG07-S-BG-MEMBER,CCG07-D-ELIG-EFFECT;CCG07-D-ELIG-EXPIRE;CCG07-D-ELIG-EXPIRE-NI;CCG07-D-ELIG-START;CCG07-I-BUY-GROUP;CCG07-I-CONTRACT;CCG07-S-BG-MEMBER;WS-CURRENT-DB2-DATE,,,Y,,Y,2,+100;+0;OTHER,,Y, EVALUATE SQLCODE WHEN +100 MOVE WS-NO-IND TO WS-F-ELIGIBLE-CONTRACT WHEN +0 MOVE WS-YES-IND TO WS-F-ELIGIBLE-CONTRACT WHEN OTHER MOVE 'SELECT' TO WS-DB-OPERATION MOVE 'CCG07' TO WS-DB-NAME MOVE SQLCODE TO WS-DB-RETURN-CODE MOVE 'DB ERROR' TO WS-DB-STATUS-MSG MOVE 24 TO WS-DB-ERROR-NBR OMGPR-Q-ERROR-NBR MOVE WS-DB2-FATAL-ERROR-IND TO OMGPR-Q-ERROR-CODE MOVE WS-DB-OPERATION-MSG TO OMGPR-ERROR-MESSAGE MOVE WS-YES-IND TO OMGPR-F-PRICER-ERROR GO TO 0020-EXIT-PRICER END-EVALUATE.,"EXEC SQL SELECT CCG07.S_BG_MEMBER, CONVERT(CHAR(10),CCG07.D_ELIG_EFFECT,101), CONVERT(CHAR(10),CCG07.D_ELIG_EXPIRE,101), CONVERT(CHAR(10),CCG07.D_ELIG_START,101) INTO :CCG07-S-BG-MEMBER, :CCG07-D-ELIG-EFFECT, :CCG07-D-ELIG-EXPIRE :CCG07-D-ELIG-EXPIRE-NI, :CCG07-D-ELIG-START FROM CCG07 WHERE CCG07.S_BG_MEMBER = :CCG07-S-BG-MEMBER AND CCG07.I_BUY_GROUP = :CCG07-I-BUY-GROUP AND CCG07.I_CONTRACT = :CCG07-I-CONTRACT AND CCG07.D_ELIG_START <= :WS-CURRENT-DB2-DATE AND (CCG07.D_ELIG_EXPIRE >= :WS-CURRENT-DB2-DATE OR CCG07.D_ELIG_EXPIRE IS NULL) END-EXEC."
360,A6U01.CBL,9640-SQL-SELECT-010,23402,23417,SELECT,,,CCG11,CCG11,CCG11.I_CONTRACT = :OMGPR-I-CONTRACT AND CCG11.I_BUY_GROUP = :CCG05-I-BUY-GROUP AND CCG11.D_GRP_CNT_EFF <= :WS-CURRENT-DB2-DATE AND (CCG11.D_GRP_CNT_EXP >= :WS-CURRENT-DB2-DATE OR CCG11.D_GRP_CNT_EXP IS NULL),,CCG11-D-GRP-CNT-EFF;CCG11-D-GRP-CNT-EXP;CCG11-D-GRP-CNT-EXP-NI;CCG11-I-GRP-CNT-NBR,CCG05-I-BUY-GROUP;CCG11-D-GRP-CNT-EFF;CCG11-D-GRP-CNT-EXP;CCG11-D-GRP-CNT-EXP-NI;CCG11-I-GRP-CNT-NBR;OMGPR-I-CONTRACT;WS-CURRENT-DB2-DATE,,,Y,,Y,2,+0;+100;OTHER,,Y, EVALUATE SQLCODE WHEN +0 IF CCG11-D-GRP-CNT-EXP-NI NOT = -1 MOVE CCG11-D-GRP-CNT-EXP TO WS-PRICE-EXP-DATE PERFORM 7695-ADD-EXP-DATE-ARRA-010 THRU 7695-EXIT END-IF WHEN +100 MOVE SPACES TO CCG11-I-GRP-CNT-NBR WHEN OTHER MOVE 'SELECT' TO WS-DB-OPERATION MOVE 'CCG11' TO WS-DB-NAME MOVE SQLCODE TO WS-DB-RETURN-CODE MOVE 'DB ERROR' TO WS-DB-STATUS-MSG MOVE 88 TO WS-DB-ERROR-NBR OMGPR-Q-ERROR-NBR MOVE WS-DB2-FATAL-ERROR-IND TO OMGPR-Q-ERROR-CODE MOVE WS-DB-OPERATION-MSG TO OMGPR-ERROR-MESSAGE MOVE WS,"EXEC SQL SELECT CCG11.I_GRP_CNT_NBR, CONVERT(CHAR(10),CCG11.D_GRP_CNT_EFF,101), CONVERT(CHAR(10),CCG11.D_GRP_CNT_EXP,101) INTO :CCG11-I-GRP-CNT-NBR, :CCG11-D-GRP-CNT-EFF, :CCG11-D-GRP-CNT-EXP :CCG11-D-GRP-CNT-EXP-NI FROM CCG11 WHERE CCG11.I_CONTRACT = :OMGPR-I-CONTRACT AND CCG11.I_BUY_GROUP = :CCG05-I-BUY-GROUP AND CCG11.D_GRP_CNT_EFF <= :WS-CURRENT-DB2-DATE AND (CCG11.D_GRP_CNT_EXP >= :WS-CURRENT-DB2-DATE OR CCG11.D_GRP_CNT_EXP IS NULL) END-EXEC."
361,A6U01.CBL,9643-SQL-ROW-CNT-010,23425,23462,SELECT,,,CCG03,CCG03,"CCG03.I_VENDOR = :OMGPR-I-VENDOR AND CCG03.I_VND_PRODUCT = :OMGPR-I-VND-PRODUCT AND CCG03.D_CNT_LINE_START <= :WS-CURRENT-DB2-DATE AND (CCG03.D_CNT_LINE_EXPIRE >= :WS-CURRENT-DB2-DATE OR CCG03.D_CNT_LINE_EXPIRE IS NULL) AND EXISTS (SELECT CCG01.I_CONTRACT FROM CCG01, CCG05, CCG10 WHERE CCG01.I_CONTRACT = CCG03.I_CONTRACT AND CCG01.I_VENDOR = :OMGPR-I-PARENT-VENDOR AND CCG01.C_CNT_TYPE = :WS-WS-CNT-TYPE AND CCG01.F_BYPASS = :WS-WS-NOT-BYPASSED AND CCG01.D_CNT_START <= :WS-CURRENT-DB2-DATE AND CCG01.D_CNT_PROT_END >= :WS-CURRENT-DB2-DATE AND CCG01.I_CONTRACT = CCG05.I_CONTRACT AND CCG01.I_CONTRACT = CCG10.I_CONTRACT AND CCG05.I_BUY_GROUP = :CCG05-I-BUY-GROUP AND CCG01.I_VENDOR = CCG10.I_VENDOR AND CCG05.D_GRP_FLG_EFF <= :WS-CURRENT-DB2-DATE AND (CCG05.D_GRP_FLG_EXP >= :WS-CURRENT-DB2-DATE OR CCG05.D_GRP_FLG_EXP IS NULL) AND CCG10.D_GRP_VND_CNT_EFF <= :WS-CURRENT-DB2-DATE AND (CCG10.D_GRP_VND_CNT_EXP >= :WS-CURRENT-DB2-DATE OR CCG10.D_GRP_VND_CNT_EXP IS NULL))",,WS-I-CONTRACT-TEMP,CCG05-I-BUY-GROUP;OMGPR-I-PARENT-VENDOR;OMGPR-I-VENDOR;OMGPR-I-VND-PRODUCT;WS-CURRENT-DB2-DATE;WS-I-CONTRACT-TEMP;WS-WS-CNT-TYPE;WS-WS-NOT-BYPASSED,,,Y,Y,Y,1,+0;100;-811;OTHER,,Y, EVALUATE SQLCODE WHEN +0 MOVE 'N' TO WS-DUP-CONT-EXISTS-SW WHEN 100 MOVE 'N' TO WS-DUP-CONT-EXISTS-SW WHEN -811 MOVE 'Y' TO WS-DUP-CONT-EXISTS-SW WHEN OTHER MOVE 'SELECT' TO WS-DB-OPERATION MOVE 'COUNT' TO WS-DB-NAME MOVE SQLCODE TO WS-DB-RETURN-CODE MOVE 'DB ERROR' TO WS-DB-STATUS-MSG MOVE 889 TO WS-DB-ERROR-NBR OMGPR-Q-ERROR-NBR MOVE WS-DB2-FATAL-ERROR-IND TO OMGPR-Q-ERROR-CODE MOVE WS-DB-OPERATION-MSG TO OMGPR-ERROR-MESSAGE MOVE WS-YES-IND TO OMGPR-F-PRICER-ERROR GO TO 0020-EXIT-PRICER END-E,"EXEC SQL SELECT I_CONTRACT INTO :WS-I-CONTRACT-TEMP FROM CCG03 WHERE CCG03.I_VENDOR = :OMGPR-I-VENDOR AND CCG03.I_VND_PRODUCT = :OMGPR-I-VND-PRODUCT AND CCG03.D_CNT_LINE_START <= :WS-CURRENT-DB2-DATE AND (CCG03.D_CNT_LINE_EXPIRE >= :WS-CURRENT-DB2-DATE OR CCG03.D_CNT_LINE_EXPIRE IS NULL) AND EXISTS (SELECT CCG01.I_CONTRACT FROM CCG01, CCG05, CCG10 WHERE CCG01.I_CONTRACT = CCG03.I_CONTRACT AND CCG01.I_VENDOR = :OMGPR-I-PARENT-VENDOR AND CCG01.C_CNT_TYPE = :WS-WS-CNT-TYPE AND CCG01.F_BYPASS = :WS-WS-NOT-BYPASSED AND CCG01.D_CNT_START <= :WS-CURRENT-DB2-DATE AND CCG01.D_CNT_PROT_END >= :WS-CURRENT-DB2-DATE AND CCG01.I_CONTRACT = CCG05.I_CONTRACT AND CCG01.I_CONTRACT = CCG10.I_CONTRACT AND CCG05.I_BUY_GROUP = :CCG05-I-BUY-GROUP AND CCG01.I_VENDOR = CCG10.I_VENDOR AND CCG05.D_GRP_FLG_EFF <= :WS-CURRENT-DB2-DATE AND (CCG05.D_GRP_FLG_EXP >= :WS-CURRENT-DB2-DATE OR CCG05.D_GRP_FLG_EXP IS NULL) AND CCG10.D_GRP_VND_CNT_EFF <= :WS-CURRENT-DB2-DATE AND (CCG10.D_GRP_VND_CNT_EXP >= :WS-CURRENT-DB2-DATE OR CCG10.D_GRP_VND_CNT_EXP IS NULL)) END-EXEC."
362,A6U01.CBL,9645-SQL-SELECT-010,23491,23548,SELECT,,,"CCG01, CCG05",CCG01;CCG05,"CCG05.I_BUY_GROUP = :CCG05-I-BUY-GROUP AND CCG01.I_CONTRACT = CCG05.I_CONTRACT AND CCG01.I_VENDOR = :OMGPR-I-PARENT-VENDOR AND CCG01.C_CNT_TYPE = :WS-WS-CNT-TYPE AND CCG01.F_BYPASS = :WS-WS-NOT-BYPASSED AND CCG01.D_CNT_START <= :WS-CURRENT-DB2-DATE AND CCG01.D_CNT_PROT_END >= :WS-CURRENT-DB2-DATE AND CCG05.D_GRP_FLG_EFF <= :WS-CURRENT-DB2-DATE AND (CCG05.D_GRP_FLG_EXP >= :WS-CURRENT-DB2-DATE OR CCG05.D_GRP_FLG_EXP IS NULL) AND EXISTS (SELECT CCG03.I_CONTRACT FROM CCG03, CCG10 WHERE CCG01.I_CONTRACT = CCG03.I_CONTRACT AND CCG03.I_VENDOR = :OMGPR-I-VENDOR AND CCG03.I_VND_PRODUCT = :OMGPR-I-VND-PRODUCT AND CCG01.I_VENDOR = CCG10.I_VENDOR AND CCG03.D_CNT_LINE_START <= :WS-CURRENT-DB2-DATE AND (CCG03.D_CNT_LINE_EXPIRE >= :WS-CURRENT-DB2-DATE OR CCG03.D_CNT_LINE_EXPIRE IS NULL) AND CCG01.I_CONTRACT = CCG10.I_CONTRACT AND CCG10.D_GRP_VND_CNT_EFF <= :WS-CURRENT-DB2-DATE AND (CCG10.D_GRP_VND_CNT_EXP >= :WS-CURRENT-DB2-DATE OR CCG10.D_GRP_VND_CNT_EXP IS NULL))",,CCG01-C-EXPIRE-MSG;CCG01-C-PROD-CATGRY;CCG01-C-REPLACED-CNT-NBR;CCG01-C-REPLACES-CNT-NBR;CCG01-C-TIER;CCG01-D-RCVD-DATE;CCG01-I-CONTRACT;CCG05-F-CNT-PRIORITY;CCG05-F-GRP-CNT-ELIG-LIS,CCG01-C-EXPIRE-MSG;CCG01-C-PROD-CATGRY;CCG01-C-REPLACED-CNT-NBR;CCG01-C-REPLACES-CNT-NBR;CCG01-C-TIER;CCG01-D-RCVD-DATE;CCG01-I-CONTRACT;CCG05-F-CNT-PRIORITY;CCG05-F-GRP-CNT-ELIG-LIS;CCG05-I-BUY-GROUP;OMGPR-I-PARENT-VENDOR;OMGPR-I-VENDOR;OMGPR-I-VND-PRODUCT;WS-CURRENT-DB2-DATE;WS-WS-CNT-TYPE;WS-WS-NOT-BYPASSED,,,Y,Y,,0,,,,,"EXEC SQL SELECT CCG01.I_CONTRACT, CCG05.F_GRP_CNT_ELIG_LIS, CCG01.C_PROD_CATGRY, CCG01.C_REPLACES_CNT_NBR, CONVERT(CHAR(10),CCG01.D_RCVD_DATE,101), CCG01.C_EXPIRE_MSG, CCG01.C_TIER, CCG01.C_REPLACED_CNT_NBR, CCG05.F_CNT_PRIORITY INTO :CCG01-I-CONTRACT, :CCG05-F-GRP-CNT-ELIG-LIS, :CCG01-C-PROD-CATGRY, :CCG01-C-REPLACES-CNT-NBR, :CCG01-D-RCVD-DATE, :CCG01-C-EXPIRE-MSG, :CCG01-C-TIER, :CCG01-C-REPLACED-CNT-NBR, :CCG05-F-CNT-PRIORITY FROM CCG01, CCG05 WHERE CCG05.I_BUY_GROUP = :CCG05-I-BUY-GROUP AND CCG01.I_CONTRACT = CCG05.I_CONTRACT AND CCG01.I_VENDOR = :OMGPR-I-PARENT-VENDOR AND CCG01.C_CNT_TYPE = :WS-WS-CNT-TYPE AND CCG01.F_BYPASS = :WS-WS-NOT-BYPASSED AND CCG01.D_CNT_START <= :WS-CURRENT-DB2-DATE AND CCG01.D_CNT_PROT_END >= :WS-CURRENT-DB2-DATE AND CCG05.D_GRP_FLG_EFF <= :WS-CURRENT-DB2-DATE AND (CCG05.D_GRP_FLG_EXP >= :WS-CURRENT-DB2-DATE OR CCG05.D_GRP_FLG_EXP IS NULL) AND EXISTS (SELECT CCG03.I_CONTRACT FROM CCG03, CCG10 WHERE CCG01.I_CONTRACT = CCG03.I_CONTRACT AND CCG03.I_VENDOR = :OMGPR-I-VENDOR AND CCG03.I_VND_PRODUCT = :OMGPR-I-VND-PRODUCT AND CCG01.I_VENDOR = CCG10.I_VENDOR AND CCG03.D_CNT_LINE_START <= :WS-CURRENT-DB2-DATE AND (CCG03.D_CNT_LINE_EXPIRE >= :WS-CURRENT-DB2-DATE OR CCG03.D_CNT_LINE_EXPIRE IS NULL) AND CCG01.I_CONTRACT = CCG10.I_CONTRACT AND CCG10.D_GRP_VND_CNT_EFF <= :WS-CURRENT-DB2-DATE AND (CCG10.D_GRP_VND_CNT_EXP >= :WS-CURRENT-DB2-DATE OR CCG10.D_GRP_VND_CNT_EXP IS NULL)) END-EXEC."
363,A6U01.CBL,9650-SQL-SELECT-CUG56,23556,23592,SELECT,,,CUG56,CUG56,CUG56.I_ACCOUNT = :OMGPR-I-ACCOUNT AND CUG56.C_SHIP_TO_SUFFIX = :CUG56-C-SHIP-TO-SUFFIX AND CUG56.I_VENDOR= :CUG56-I-VENDOR AND CUG56.C_EXEMPT_SVC_TYPE = :CUG56-C-EXEMPT-SVC-TYPE AND CUG56.D_AC_ADJ_FEE_MEDC_EF <= :WS-CURRENT-DB2-DATE AND (CUG56.D_AC_ADJ_FEE_MEDC_EX >= :WS-CURRENT-DB2-DATE OR CUG56.D_AC_ADJ_FEE_MEDC_EX IS NULL),,CUG56-C-ACTION-CODE;CUG56-C-EXEMPT-SVC-TYPE;CUG56-C-SHIP-TO-SUFFIX;CUG56-D-AC-ADJ-FEE-MED-EF;CUG56-D-AC-ADJ-FEE-MED-EX;CUG56-D-AC-ADJ-FEE-MEDC-EX-NI;CUG56-I-ACCOUNT;CUG56-I-VENDOR;CUG56-P-FREIGHT,CUG56-C-ACTION-CODE;CUG56-C-EXEMPT-SVC-TYPE;CUG56-C-SHIP-TO-SUFFIX;CUG56-D-AC-ADJ-FEE-MED-EF;CUG56-D-AC-ADJ-FEE-MED-EX;CUG56-D-AC-ADJ-FEE-MEDC-EX-NI;CUG56-I-ACCOUNT;CUG56-I-VENDOR;CUG56-P-FREIGHT;OMGPR-I-ACCOUNT;WS-CURRENT-DB2-DATE,,,Y,,Y,2,+0;+100;OTHER,,Y, THRU 9650-SQL-EXIT EVALUATE SQLCODE WHEN +0 PERFORM 7327-GET-VND-JIT-FEE THRU 7327-EXIT SET WS-JIT-OVERRIDE-FND TO TRUE IF CUG56-D-AC-ADJ-FEE-MEDC-EX-NI NOT = -1 MOVE CUG56-D-AC-ADJ-FEE-MED-EX TO WS-PRICE-EXP-DATE PERFORM 7695-ADD-EXP-DATE-ARRA-010 THRU 7695-EXIT END-IF WHEN +100 MOVE '0000' TO CUG56-I-VENDOR PERFORM 9650-SQL-SELECT-CUG56 THRU 9650-SQL-EXIT EVALUATE SQLCODE WHEN +0 PERFORM 7327-GET-VND-JIT-FEE THRU 7327-EXIT SET WS-JIT-OVERRIDE-FND TO TRUE IF CUG56-D-AC-ADJ-FEE-MEDC-EX-NI NOT =,"EXEC SQL SELECT CUG56.I_ACCOUNT, CUG56.C_SHIP_TO_SUFFIX, CUG56.I_VENDOR, CUG56.C_EXEMPT_SVC_TYPE, CUG56.C_ACTION_CODE, CONVERT(CHAR(10),CUG56.D_AC_ADJ_FEE_MEDC_EF,101), CONVERT(CHAR(10),CUG56.D_AC_ADJ_FEE_MEDC_EX,101), CUG56.P_FREIGHT INTO :CUG56-I-ACCOUNT, :CUG56-C-SHIP-TO-SUFFIX, :CUG56-I-VENDOR, :CUG56-C-EXEMPT-SVC-TYPE, :CUG56-C-ACTION-CODE, :CUG56-D-AC-ADJ-FEE-MED-EF, :CUG56-D-AC-ADJ-FEE-MED-EX :CUG56-D-AC-ADJ-FEE-MEDC-EX-NI, :CUG56-P-FREIGHT FROM CUG56 WHERE CUG56.I_ACCOUNT = :OMGPR-I-ACCOUNT AND CUG56.C_SHIP_TO_SUFFIX = :CUG56-C-SHIP-TO-SUFFIX AND CUG56.I_VENDOR= :CUG56-I-VENDOR AND CUG56.C_EXEMPT_SVC_TYPE = :CUG56-C-EXEMPT-SVC-TYPE AND CUG56.D_AC_ADJ_FEE_MEDC_EF <= :WS-CURRENT-DB2-DATE AND (CUG56.D_AC_ADJ_FEE_MEDC_EX >= :WS-CURRENT-DB2-DATE OR CUG56.D_AC_ADJ_FEE_MEDC_EX IS NULL) END-EXEC."
364,A6U01.CBL,9651-SQL-SELECT-CUG74,23601,23633,SELECT,,,VN_CID_ADJ_FEE_MEDC CUG74,VN_CID_ADJ_FEE_MEDC,CUG74.CUSTOMER_NBR = :OMGPR-CUSTOMER-NBR AND CUG74.I_VENDOR= :CUG74-I-VENDOR AND CUG74.C_EXEMPT_SVC_TYPE = :CUG74-C-EXEMPT-SVC-TYPE AND CUG74.D_CID_ADJ_FEE_MEDC_EF <= :WS-CURRENT-DB2-DATE AND (CUG74.D_CID_ADJ_FEE_MEDC_EX >= :WS-CURRENT-DB2-DATE OR CUG74.D_CID_ADJ_FEE_MEDC_EX IS NULL),,CUG74-C-ACTION-CODE;CUG74-C-EXEMPT-SVC-TYPE;CUG74-CUSTOMER-NBR;CUG74-D-CD-ADJ-FEE-MED-EF;CUG74-D-CD-ADJ-FEE-MED-EX;CUG74-D-CD-ADJ-FEE-MEDC-EX-NI;CUG74-I-VENDOR;CUG74-P-FREIGHT,CUG74-C-ACTION-CODE;CUG74-C-EXEMPT-SVC-TYPE;CUG74-CUSTOMER-NBR;CUG74-D-CD-ADJ-FEE-MED-EF;CUG74-D-CD-ADJ-FEE-MED-EX;CUG74-D-CD-ADJ-FEE-MEDC-EX-NI;CUG74-I-VENDOR;CUG74-P-FREIGHT;OMGPR-CUSTOMER-NBR;WS-CURRENT-DB2-DATE,,,Y,,Y,2,+0;+100;OTHER,,Y, THRU 9651-SQL-EXIT EVALUATE SQLCODE WHEN +0 PERFORM 7329-GET-VND-JIT-FEE-CID THRU 7329-EXIT SET WS-JIT-OVERRIDE-FND TO TRUE IF CUG74-D-CD-ADJ-FEE-MEDC-EX-NI NOT = -1 MOVE CUG74-D-CD-ADJ-FEE-MED-EX TO WS-PRICE-EXP-DATE PERFORM 7695-ADD-EXP-DATE-ARRA-010 THRU 7695-EXIT END-IF WHEN +100 MOVE '0000' TO CUG74-I-VENDOR PERFORM 9651-SQL-SELECT-CUG74 THRU 9651-SQL-EXIT EVALUATE SQLCODE WHEN +0 PERFORM 7329-GET-VND-JIT-FEE-CID THRU 7329-EXIT SET WS-JIT-OVERRIDE-FND TO TRUE IF CUG74-D-CD-ADJ-FEE-MEDC-EX-,"EXEC SQL SELECT CUG74.CUSTOMER_NBR, CUG74.I_VENDOR, CUG74.C_EXEMPT_SVC_TYPE, CUG74.C_ACTION_CODE, CONVERT(CHAR(10),CUG74.D_CID_ADJ_FEE_MEDC_EF,101), CONVERT(CHAR(10),CUG74.D_CID_ADJ_FEE_MEDC_EX,101), CUG74.P_FREIGHT INTO :CUG74-CUSTOMER-NBR, :CUG74-I-VENDOR, :CUG74-C-EXEMPT-SVC-TYPE, :CUG74-C-ACTION-CODE, :CUG74-D-CD-ADJ-FEE-MED-EF, :CUG74-D-CD-ADJ-FEE-MED-EX :CUG74-D-CD-ADJ-FEE-MEDC-EX-NI, :CUG74-P-FREIGHT FROM VN_CID_ADJ_FEE_MEDC CUG74 WHERE CUG74.CUSTOMER_NBR = :OMGPR-CUSTOMER-NBR AND CUG74.I_VENDOR= :CUG74-I-VENDOR AND CUG74.C_EXEMPT_SVC_TYPE = :CUG74-C-EXEMPT-SVC-TYPE AND CUG74.D_CID_ADJ_FEE_MEDC_EF <= :WS-CURRENT-DB2-DATE AND (CUG74.D_CID_ADJ_FEE_MEDC_EX >= :WS-CURRENT-DB2-DATE OR CUG74.D_CID_ADJ_FEE_MEDC_EX IS NULL) END-EXEC."
365,A6U01.CBL,9655-SQL-SELECT-CUG57,23640,23679,SELECT,,,CUG57,CUG57,CUG57.I_ACCOUNT = :OMGPR-I-ACCOUNT AND CUG57.C_SHIP_TO_SUFFIX = :CUG57-C-SHIP-TO-SUFFIX AND CUG57.I_VENDOR= :CUG57-I-VENDOR AND CUG57.I_PROD_CAT = :OMGPR-S-PROD-CATEGORY AND CUG57.C_EXEMPT_SVC_TYPE = :CUG57-C-EXEMPT-SVC-TYPE AND CUG57.D_AC_ADJ_FEE_PCAT_EF <= :WS-CURRENT-DB2-DATE AND (CUG57.D_AC_ADJ_FEE_PCAT_EX >= :WS-CURRENT-DB2-DATE OR CUG57.D_AC_ADJ_FEE_PCAT_EX IS NULL),,CUG57-C-ACTION-CODE;CUG57-C-EXEMPT-SVC-TYPE;CUG57-C-SHIP-TO-SUFFIX;CUG57-D-AC-ADJ-FEE-PCAT-EX-NI;CUG57-D-AC-ADJ-FEE-PCT-EF;CUG57-D-AC-ADJ-FEE-PCT-EX;CUG57-I-ACCOUNT;CUG57-I-PROD-CATEGORY;CUG57-I-VENDOR;CUG57-P-FREIGHT,CUG57-C-ACTION-CODE;CUG57-C-EXEMPT-SVC-TYPE;CUG57-C-SHIP-TO-SUFFIX;CUG57-D-AC-ADJ-FEE-PCAT-EX-NI;CUG57-D-AC-ADJ-FEE-PCT-EF;CUG57-D-AC-ADJ-FEE-PCT-EX;CUG57-I-ACCOUNT;CUG57-I-PROD-CATEGORY;CUG57-I-VENDOR;CUG57-P-FREIGHT;OMGPR-I-ACCOUNT;OMGPR-S-PROD-CATEGORY;WS-CURRENT-DB2-DATE,,,Y,,Y,2,+0;+100;OTHER,,Y, THRU 9655-SQL-EXIT EVALUATE SQLCODE WHEN +0 PERFORM 7331-GET-VND-JIT-FEE THRU 7331-EXIT SET WS-JIT-OVERRIDE-FND TO TRUE IF CUG57-D-AC-ADJ-FEE-PCAT-EX-NI NOT = -1 MOVE CUG57-D-AC-ADJ-FEE-PCT-EX TO WS-PRICE-EXP-DATE PERFORM 7695-ADD-EXP-DATE-ARRA-010 THRU 7695-EXIT END-IF WHEN +100 CONTINUE WHEN OTHER MOVE 'SELECT' TO WS-DB-OPERATION MOVE 'CUG57' TO WS-DB-NAME MOVE SQLCODE TO WS-DB-RETURN-CODE MOVE 'DB ERROR' TO WS-DB-STATUS-MSG MOVE 002 TO WS-DB-ERROR-NBR OMGPR-Q-ERROR-NBR MOVE WS-DB2-FATAL-ERRO,"EXEC SQL SELECT CUG57.I_ACCOUNT, CUG57.C_SHIP_TO_SUFFIX, CUG57.I_VENDOR, CUG57.I_PROD_CAT, CUG57.C_EXEMPT_SVC_TYPE, CUG57.C_ACTION_CODE, CONVERT(CHAR(10),CUG57.D_AC_ADJ_FEE_PCAT_EF,101), CONVERT(CHAR(10),CUG57.D_AC_ADJ_FEE_PCAT_EX,101), CUG57.P_FREIGHT INTO :CUG57-I-ACCOUNT, :CUG57-C-SHIP-TO-SUFFIX, :CUG57-I-VENDOR, :CUG57-I-PROD-CATEGORY, :CUG57-C-EXEMPT-SVC-TYPE, :CUG57-C-ACTION-CODE, :CUG57-D-AC-ADJ-FEE-PCT-EF, :CUG57-D-AC-ADJ-FEE-PCT-EX :CUG57-D-AC-ADJ-FEE-PCAT-EX-NI, :CUG57-P-FREIGHT FROM CUG57 WHERE CUG57.I_ACCOUNT = :OMGPR-I-ACCOUNT AND CUG57.C_SHIP_TO_SUFFIX = :CUG57-C-SHIP-TO-SUFFIX AND CUG57.I_VENDOR= :CUG57-I-VENDOR AND CUG57.I_PROD_CAT = :OMGPR-S-PROD-CATEGORY AND CUG57.C_EXEMPT_SVC_TYPE = :CUG57-C-EXEMPT-SVC-TYPE AND CUG57.D_AC_ADJ_FEE_PCAT_EF <= :WS-CURRENT-DB2-DATE AND (CUG57.D_AC_ADJ_FEE_PCAT_EX >= :WS-CURRENT-DB2-DATE OR CUG57.D_AC_ADJ_FEE_PCAT_EX IS NULL) END-EXEC."
366,A6U01.CBL,9656-SQL-SELECT-CUG75,23687,23722,SELECT,,,VN_CID_ADJ_FEE_PCAT CUG75,VN_CID_ADJ_FEE_PCAT,CUG75.CUSTOMER_NBR = :OMGPR-CUSTOMER-NBR AND CUG75.I_VENDOR= :CUG75-I-VENDOR AND CUG75.I_PROD_CAT = :OMGPR-S-PROD-CATEGORY AND CUG75.C_EXEMPT_SVC_TYPE = :CUG75-C-EXEMPT-SVC-TYPE AND CUG75.D_CID_ADJ_FEE_PCAT_EF <= :WS-CURRENT-DB2-DATE AND (CUG75.D_CID_ADJ_FEE_PCAT_EX >= :WS-CURRENT-DB2-DATE OR CUG75.D_CID_ADJ_FEE_PCAT_EX IS NULL),,CUG75-C-ACTION-CODE;CUG75-C-EXEMPT-SVC-TYPE;CUG75-CUSTOMER-NBR;CUG75-D-CD-ADJ-FEE-PCAT-EX-NI;CUG75-D-CD-ADJ-FEE-PCT-EF;CUG75-D-CD-ADJ-FEE-PCT-EX;CUG75-I-PROD-CATEGORY;CUG75-I-VENDOR;CUG75-P-FREIGHT,CUG75-C-ACTION-CODE;CUG75-C-EXEMPT-SVC-TYPE;CUG75-CUSTOMER-NBR;CUG75-D-CD-ADJ-FEE-PCAT-EX-NI;CUG75-D-CD-ADJ-FEE-PCT-EF;CUG75-D-CD-ADJ-FEE-PCT-EX;CUG75-I-PROD-CATEGORY;CUG75-I-VENDOR;CUG75-P-FREIGHT;OMGPR-CUSTOMER-NBR;OMGPR-S-PROD-CATEGORY;WS-CURRENT-DB2-DATE,,,Y,,Y,2,+0;+100;OTHER,,Y, THRU 9656-SQL-EXIT EVALUATE SQLCODE WHEN +0 PERFORM 7333-GET-VND-JIT-FEE-CID THRU 7333-EXIT SET WS-JIT-OVERRIDE-FND TO TRUE IF CUG75-D-CD-ADJ-FEE-PCAT-EX-NI NOT = -1 MOVE CUG75-D-CD-ADJ-FEE-PCT-EX TO WS-PRICE-EXP-DATE PERFORM 7695-ADD-EXP-DATE-ARRA-010 THRU 7695-EXIT END-IF WHEN +100 CONTINUE WHEN OTHER MOVE 'SELECT' TO WS-DB-OPERATION MOVE 'VN_CID_ADJ_FEE_PCAT' TO WS-DB-NAME MOVE SQLCODE TO WS-DB-RETURN-CODE MOVE 'DB ERROR' TO WS-DB-STATUS-MSG MOVE 209 TO WS-DB-ERROR-NBR OMGPR-Q-ERROR-NBR MOVE,"EXEC SQL SELECT CUG75.CUSTOMER_NBR, CUG75.I_VENDOR, CUG75.I_PROD_CAT, CUG75.C_EXEMPT_SVC_TYPE, CUG75.C_ACTION_CODE, CONVERT(CHAR(10),CUG75.D_CID_ADJ_FEE_PCAT_EF,101), CONVERT(CHAR(10),CUG75.D_CID_ADJ_FEE_PCAT_EX,101), CUG75.P_FREIGHT INTO :CUG75-CUSTOMER-NBR, :CUG75-I-VENDOR, :CUG75-I-PROD-CATEGORY, :CUG75-C-EXEMPT-SVC-TYPE, :CUG75-C-ACTION-CODE, :CUG75-D-CD-ADJ-FEE-PCT-EF, :CUG75-D-CD-ADJ-FEE-PCT-EX :CUG75-D-CD-ADJ-FEE-PCAT-EX-NI, :CUG75-P-FREIGHT FROM VN_CID_ADJ_FEE_PCAT CUG75 WHERE CUG75.CUSTOMER_NBR = :OMGPR-CUSTOMER-NBR AND CUG75.I_VENDOR= :CUG75-I-VENDOR AND CUG75.I_PROD_CAT = :OMGPR-S-PROD-CATEGORY AND CUG75.C_EXEMPT_SVC_TYPE = :CUG75-C-EXEMPT-SVC-TYPE AND CUG75.D_CID_ADJ_FEE_PCAT_EF <= :WS-CURRENT-DB2-DATE AND (CUG75.D_CID_ADJ_FEE_PCAT_EX >= :WS-CURRENT-DB2-DATE OR CUG75.D_CID_ADJ_FEE_PCAT_EX IS NULL) END-EXEC."
367,A6U01.CBL,9660-SQL-SELECT-CUG55,23729,23765,SELECT,,,CUG55,CUG55,CUG55.I_ACCOUNT = :OMGPR-I-ACCOUNT AND CUG55.C_SHIP_TO_SUFFIX = :CUG55-C-SHIP-TO-SUFFIX AND CUG55.I_VENDOR= :CUG55-I-VENDOR AND CUG55.C_EXEMPT_SVC_TYPE = :CUG55-C-EXEMPT-SVC-TYPE AND CUG55.D_AC_ADJ_FEE_EFF <= :WS-CURRENT-DB2-DATE AND (CUG55.D_AC_ADJ_FEE_EXP >= :WS-CURRENT-DB2-DATE OR CUG55.D_AC_ADJ_FEE_EXP IS NULL),,CUG55-C-ACTION-CODE;CUG55-C-EXEMPT-SVC-TYPE;CUG55-C-SHIP-TO-SUFFIX;CUG55-D-AC-ADJ-FEE-EFF;CUG55-D-AC-ADJ-FEE-EXP;CUG55-D-AC-ADJ-FEE-EXPIRY-NI;CUG55-I-ACCOUNT;CUG55-I-VENDOR;CUG55-P-FREIGHT,CUG55-C-ACTION-CODE;CUG55-C-EXEMPT-SVC-TYPE;CUG55-C-SHIP-TO-SUFFIX;CUG55-D-AC-ADJ-FEE-EFF;CUG55-D-AC-ADJ-FEE-EXP;CUG55-D-AC-ADJ-FEE-EXPIRY-NI;CUG55-I-ACCOUNT;CUG55-I-VENDOR;CUG55-P-FREIGHT;OMGPR-I-ACCOUNT;WS-CURRENT-DB2-DATE,,,Y,,Y,2,+0;+100;OTHER,,Y, THRU 9660-SQL-EXIT EVALUATE SQLCODE WHEN +0 PERFORM 7336-GET-VND-JIT-FEE THRU 7336-EXIT SET WS-JIT-OVERRIDE-FND TO TRUE IF CUG55-D-AC-ADJ-FEE-EXPIRY-NI NOT = -1 MOVE CUG55-D-AC-ADJ-FEE-EXP TO WS-PRICE-EXP-DATE PERFORM 7695-ADD-EXP-DATE-ARRA-010 THRU 7695-EXIT END-IF WHEN +100 MOVE '0000' TO CUG55-I-VENDOR PERFORM 9660-SQL-SELECT-CUG55 THRU 9660-SQL-EXIT EVALUATE SQLCODE WHEN +0 PERFORM 7336-GET-VND-JIT-FEE THRU 7336-EXIT SET WS-JIT-OVERRIDE-FND TO TRUE IF CUG55-D-AC-ADJ-FEE-EXPIRY-NI NOT = -1 M,"EXEC SQL SELECT CUG55.I_ACCOUNT, CUG55.C_SHIP_TO_SUFFIX, CUG55.I_VENDOR, CUG55.C_EXEMPT_SVC_TYPE, CUG55.C_ACTION_CODE, CONVERT(CHAR(10),CUG55.D_AC_ADJ_FEE_EFF,101), CONVERT(CHAR(10),CUG55.D_AC_ADJ_FEE_EXP,101), CUG55.P_FREIGHT INTO :CUG55-I-ACCOUNT, :CUG55-C-SHIP-TO-SUFFIX, :CUG55-I-VENDOR, :CUG55-C-EXEMPT-SVC-TYPE, :CUG55-C-ACTION-CODE, :CUG55-D-AC-ADJ-FEE-EFF, :CUG55-D-AC-ADJ-FEE-EXP :CUG55-D-AC-ADJ-FEE-EXPIRY-NI, :CUG55-P-FREIGHT FROM CUG55 WHERE CUG55.I_ACCOUNT = :OMGPR-I-ACCOUNT AND CUG55.C_SHIP_TO_SUFFIX = :CUG55-C-SHIP-TO-SUFFIX AND CUG55.I_VENDOR= :CUG55-I-VENDOR AND CUG55.C_EXEMPT_SVC_TYPE = :CUG55-C-EXEMPT-SVC-TYPE AND CUG55.D_AC_ADJ_FEE_EFF <= :WS-CURRENT-DB2-DATE AND (CUG55.D_AC_ADJ_FEE_EXP >= :WS-CURRENT-DB2-DATE OR CUG55.D_AC_ADJ_FEE_EXP IS NULL) END-EXEC."
368,A6U01.CBL,9661-SQL-SELECT-CUG73,23773,23805,SELECT,,,VN_CID_ADJ_FEE CUG73,VN_CID_ADJ_FEE,CUG73.CUSTOMER_NBR = :OMGPR-CUSTOMER-NBR AND CUG73.I_VENDOR= :CUG73-I-VENDOR AND CUG73.C_EXEMPT_SVC_TYPE = :CUG73-C-EXEMPT-SVC-TYPE AND CUG73.D_CID_ADJ_FEE_EFF <= :WS-CURRENT-DB2-DATE AND (CUG73.D_CID_ADJ_FEE_EXP >= :WS-CURRENT-DB2-DATE OR CUG73.D_CID_ADJ_FEE_EXP IS NULL),,CUG73-C-ACTION-CODE;CUG73-C-EXEMPT-SVC-TYPE;CUG73-CUSTOMER-NBR;CUG73-D-CID-ADJ-FEE-EFF;CUG73-D-CID-ADJ-FEE-EXP;CUG73-D-CID-ADJ-FEE-EXPIRY-NI;CUG73-I-VENDOR;CUG73-P-FREIGHT,CUG73-C-ACTION-CODE;CUG73-C-EXEMPT-SVC-TYPE;CUG73-CUSTOMER-NBR;CUG73-D-CID-ADJ-FEE-EFF;CUG73-D-CID-ADJ-FEE-EXP;CUG73-D-CID-ADJ-FEE-EXPIRY-NI;CUG73-I-VENDOR;CUG73-P-FREIGHT;OMGPR-CUSTOMER-NBR;WS-CURRENT-DB2-DATE,,,Y,,Y,2,+0;+100;OTHER,,Y, THRU 9661-SQL-EXIT EVALUATE SQLCODE WHEN +0 PERFORM 7338-GET-VND-JIT-FEE-CID THRU 7338-EXIT SET WS-JIT-OVERRIDE-FND TO TRUE IF CUG73-D-CID-ADJ-FEE-EXPIRY-NI NOT = -1 MOVE CUG73-D-CID-ADJ-FEE-EXP TO WS-PRICE-EXP-DATE PERFORM 7695-ADD-EXP-DATE-ARRA-010 THRU 7695-EXIT END-IF WHEN +100 MOVE '0000' TO CUG73-I-VENDOR PERFORM 9661-SQL-SELECT-CUG73 THRU 9661-SQL-EXIT EVALUATE SQLCODE WHEN +0 PERFORM 7338-GET-VND-JIT-FEE-CID THRU 7338-EXIT SET WS-JIT-OVERRIDE-FND TO TRUE IF CUG73-D-CID-ADJ-FEE-EXPIRY-NI,"EXEC SQL SELECT CUG73.CUSTOMER_NBR, CUG73.I_VENDOR, CUG73.C_EXEMPT_SVC_TYPE, CUG73.C_ACTION_CODE, CONVERT(CHAR(10),CUG73.D_CID_ADJ_FEE_EFF,101), CONVERT(CHAR(10),CUG73.D_CID_ADJ_FEE_EXP,101), CUG73.P_FREIGHT INTO :CUG73-CUSTOMER-NBR, :CUG73-I-VENDOR, :CUG73-C-EXEMPT-SVC-TYPE, :CUG73-C-ACTION-CODE, :CUG73-D-CID-ADJ-FEE-EFF, :CUG73-D-CID-ADJ-FEE-EXP :CUG73-D-CID-ADJ-FEE-EXPIRY-NI, :CUG73-P-FREIGHT FROM VN_CID_ADJ_FEE CUG73 WHERE CUG73.CUSTOMER_NBR = :OMGPR-CUSTOMER-NBR AND CUG73.I_VENDOR= :CUG73-I-VENDOR AND CUG73.C_EXEMPT_SVC_TYPE = :CUG73-C-EXEMPT-SVC-TYPE AND CUG73.D_CID_ADJ_FEE_EFF <= :WS-CURRENT-DB2-DATE AND (CUG73.D_CID_ADJ_FEE_EXP >= :WS-CURRENT-DB2-DATE OR CUG73.D_CID_ADJ_FEE_EXP IS NULL) END-EXEC."
369,A6U01.CBL,9650-PRO-ACT-VEND-FREIGHT-CHG,23816,23831,SELECT,,,VNG31,VNG31,VNG31.I_VENDOR = :VNG31-I-VENDOR AND VNG31.I_ACCOUNT = :VNG31-I-ACCOUNT AND VNG31.D_AC_VN_FREIGHT_EF <= :WS-CURRENT-DB2-DATE AND (VNG31.D_AC_VN_FREIGHT_EX >= :WS-CURRENT-DB2-DATE OR VNG31.D_AC_VN_FREIGHT_EX IS NULL ),,VNG31-D-AC-VN-FREIGHT-EX;VNG31-D-AC-VN-FREIGHT-EX-NI;VNG31-P-AC-VN-FREIGHT;VNG31-P-AC-VN-SELL-FREIGHT,VNG31-D-AC-VN-FREIGHT-EX;VNG31-D-AC-VN-FREIGHT-EX-NI;VNG31-I-ACCOUNT;VNG31-I-VENDOR;VNG31-P-AC-VN-FREIGHT;VNG31-P-AC-VN-SELL-FREIGHT;WS-CURRENT-DB2-DATE,,,Y,,Y,1,+0;+100;OTHER,,Y, EVALUATE SQLCODE WHEN +0 MOVE 'Y' TO WS-IN-FRT-FOUND-SW MOVE WS-FRT-ACT-IND TO OMGPR-C-INFRT-TYPE MOVE VNG31-P-AC-VN-FREIGHT TO OMGPR-P-INFRT-BG MOVE 0 TO OMGPR-A-INFRT IF VNG31-P-AC-VN-FREIGHT > 0 AND WS-APPLY-FRT-CST-SELL-SW = 'C' COMPUTE WS-A-INFRT-COMPARE ROUNDED = OMGPR-A-VND-PRC-DEALER * VNG31-P-AC-VN-FREIGHT COMPUTE OMGPR-A-INFRT ROUNDED = WS-A-INFRT-COMPARE ELSE IF WS-APPLY-FRT-CST-SELL-SW = 'S' MOVE VNG31-P-AC-VN-SELL-FREIGHT TO OMGPR-P-INFRT-BG END-IF IF VNG31-D-AC-VN-FREIGHT-EX-NI NO,"EXEC SQL SELECT VNG31.P_AC_VN_FREIGHT ,CONVERT(CHAR(10),VNG31.D_AC_VN_FREIGHT_EX,101) ,VNG31.P_AC_VN_SELL_FREIGHT INTO :VNG31-P-AC-VN-FREIGHT ,:VNG31-D-AC-VN-FREIGHT-EX :VNG31-D-AC-VN-FREIGHT-EX-NI ,:VNG31-P-AC-VN-SELL-FREIGHT FROM VNG31 WHERE VNG31.I_VENDOR = :VNG31-I-VENDOR AND VNG31.I_ACCOUNT = :VNG31-I-ACCOUNT AND VNG31.D_AC_VN_FREIGHT_EF <= :WS-CURRENT-DB2-DATE AND (VNG31.D_AC_VN_FREIGHT_EX >= :WS-CURRENT-DB2-DATE OR VNG31.D_AC_VN_FREIGHT_EX IS NULL ) END-EXEC."
370,A6U01.CBL,9652-PRO-CID-VEND-FREIGHT-CHG,23885,23900,SELECT,,,VN_CID_VN_FREIGHT VNG40,VN_CID_VN_FREIGHT,VNG40.I_VENDOR = :VNG40-I-VENDOR AND VNG40.CUSTOMER_NBR = :VNG40-CUSTOMER-NBR AND VNG40.D_CID_VN_FREIGHT_EF <= :WS-CURRENT-DB2-DATE AND (VNG40.D_CID_VN_FREIGHT_EX >= :WS-CURRENT-DB2-DATE OR VNG40.D_CID_VN_FREIGHT_EX IS NULL ),,VNG40-D-CD-VN-FREIGHT-EX;VNG40-D-CD-VN-FREIGHT-EX-NI;VNG40-P-CD-VN-FREIGHT;VNG40-P-CD-VN-SELL-FREIGHT,VNG40-CUSTOMER-NBR;VNG40-D-CD-VN-FREIGHT-EX;VNG40-D-CD-VN-FREIGHT-EX-NI;VNG40-I-VENDOR;VNG40-P-CD-VN-FREIGHT;VNG40-P-CD-VN-SELL-FREIGHT;WS-CURRENT-DB2-DATE,,,Y,,Y,1,+0;+100;OTHER,,Y, EVALUATE SQLCODE WHEN +0 MOVE 'Y' TO WS-IN-FRT-FOUND-SW MOVE WS-FRT-CID-IND TO OMGPR-C-INFRT-TYPE MOVE VNG40-P-CD-VN-FREIGHT TO OMGPR-P-INFRT-BG MOVE 0 TO OMGPR-A-INFRT IF VNG40-P-CD-VN-FREIGHT > 0 AND WS-APPLY-FRT-CST-SELL-SW = 'C' COMPUTE WS-A-INFRT-COMPARE ROUNDED = OMGPR-A-VND-PRC-DEALER * VNG40-P-CD-VN-FREIGHT COMPUTE OMGPR-A-INFRT ROUNDED = WS-A-INFRT-COMPARE ELSE IF WS-APPLY-FRT-CST-SELL-SW = 'S' MOVE VNG40-P-CD-VN-SELL-FREIGHT TO OMGPR-P-INFRT-BG END-IF IF VNG40-D-CD-VN-FREIGHT-EX-NI NO,"EXEC SQL SELECT VNG40.P_CID_VN_FREIGHT ,CONVERT(CHAR(10),VNG40.D_CID_VN_FREIGHT_EX,101) ,VNG40.P_CID_VN_SELL_FREIGHT INTO :VNG40-P-CD-VN-FREIGHT ,:VNG40-D-CD-VN-FREIGHT-EX :VNG40-D-CD-VN-FREIGHT-EX-NI ,:VNG40-P-CD-VN-SELL-FREIGHT FROM VN_CID_VN_FREIGHT VNG40 WHERE VNG40.I_VENDOR = :VNG40-I-VENDOR AND VNG40.CUSTOMER_NBR = :VNG40-CUSTOMER-NBR AND VNG40.D_CID_VN_FREIGHT_EF <= :WS-CURRENT-DB2-DATE AND (VNG40.D_CID_VN_FREIGHT_EX >= :WS-CURRENT-DB2-DATE OR VNG40.D_CID_VN_FREIGHT_EX IS NULL ) END-EXEC."
371,A6U01.CBL,9655-SELECT-CONT-EXCL,23956,23967,SELECT,,,CCG25,CCG25,CCG25.I_ACCOUNT = :CCG25-I-ACCOUNT AND CCG25.I_CONTRACT = :CCG25-I-CONTRACT AND CCG25.C_SHIP_TO_SUFFIX = :CCG25-C-SHIP-TO-SUFFIX AND CCG25.D_EFFECT <= :WS-CURRENT-DB2-DATE AND (CCG25.D_EXPIRE >= :WS-CURRENT-DB2-DATE OR CCG25.D_EXPIRE IS NULL),,WS-COST-CONT-EXCLUDED-SW,CCG25-C-SHIP-TO-SUFFIX;CCG25-I-ACCOUNT;CCG25-I-CONTRACT;WS-COST-CONT-EXCLUDED-SW;WS-CURRENT-DB2-DATE,,,Y,,Y,1,+0;-811;+100;OTHER,,Y, EVALUATE SQLCODE WHEN +0 MOVE 'Y' TO WS-COST-CONT-EXCLUDED-SW WHEN -811 MOVE 'Y' TO WS-COST-CONT-EXCLUDED-SW WHEN +100 CONTINUE WHEN OTHER MOVE 'SELECT' TO WS-DB-OPERATION MOVE 'CCG25' TO WS-DB-NAME MOVE SQLCODE TO WS-DB-RETURN-CODE MOVE 'DB ERROR' TO WS-DB-STATUS-MSG MOVE 162 TO WS-DB-ERROR-NBR OMGPR-Q-ERROR-NBR MOVE WS-DB2-FATAL-ERROR-IND TO OMGPR-Q-ERROR-CODE MOVE WS-DB-OPERATION-MSG TO OMGPR-ERROR-MESSAGE MOVE WS-YES-IND TO OMGPR-F-PRICER-ERROR GO TO 0020-EXIT-PRICER END-EVALUATE.,EXEC SQL SELECT 'Y' INTO :WS-COST-CONT-EXCLUDED-SW FROM CCG25 WHERE CCG25.I_ACCOUNT = :CCG25-I-ACCOUNT AND CCG25.I_CONTRACT = :CCG25-I-CONTRACT AND CCG25.C_SHIP_TO_SUFFIX = :CCG25-C-SHIP-TO-SUFFIX AND CCG25.D_EFFECT <= :WS-CURRENT-DB2-DATE AND (CCG25.D_EXPIRE >= :WS-CURRENT-DB2-DATE OR CCG25.D_EXPIRE IS NULL) END-EXEC.
372,A6U01.CBL,9660-SELECT-AS-OF-PROD,23997,24013,SELECT,,,BG_FRT_VAR_PROD,BG_FRT_VAR_PROD,I_VENDOR = :OMGPR-I-VENDOR AND I_PRODUCT = :OMGPR-I-VND-PRODUCT AND I_BUY_GROUP = :BGGVFP-I-BUY-GROUP AND I_EFF_DATE <= :WS-CURRENT-DB2-DATE AND (I_EXP_DATE >= :WS-CURRENT-DB2-DATE OR I_EXP_DATE IS NULL),,BGGVFP-I-ASOF-DATE;BGGVFP-I-EFF-DATE;BGGVFP-I-EXP-DATE;BGGVFP-I-EXP-DATE-NI,BGGVFP-I-ASOF-DATE;BGGVFP-I-BUY-GROUP;BGGVFP-I-EFF-DATE;BGGVFP-I-EXP-DATE;BGGVFP-I-EXP-DATE-NI;OMGPR-I-VENDOR;OMGPR-I-VND-PRODUCT;WS-CURRENT-DB2-DATE,,,Y,,Y,1,+0;-811;+100;OTHER,,Y, EVALUATE SQLCODE WHEN +0 MOVE BGGVFP-I-EFF-DATE TO WS-PROD-EFFECT-DATE MOVE BGGVFP-I-ASOF-DATE TO WS-PROD-AS-OF-DATE IF BGGVFP-I-EXP-DATE-NI NOT = -1 MOVE BGGVFP-I-EXP-DATE TO WS-PRICE-EXP-DATE PERFORM 7695-ADD-EXP-DATE-ARRA-010 THRU 7695-EXIT END-IF WHEN -811 MOVE SPACE TO WS-PROD-EFFECT-DATE WS-PROD-AS-OF-DATE WHEN +100 MOVE SPACE TO WS-PROD-EFFECT-DATE WS-PROD-AS-OF-DATE WHEN OTHER MOVE 'SELECT' TO WS-DB-OPERATION MOVE 'BG_FRT_VAR_PROD' TO WS-DB-NAME MOVE SQLCODE TO WS-DB-RETURN-CODE MOVE 'D,"EXEC SQL SELECT CONVERT(CHAR(10),BG_FRT_VAR_PROD.I_AS_OF_DATE,101) ,CONVERT(CHAR(10),BG_FRT_VAR_PROD.I_EFF_DATE,101) ,CONVERT(CHAR(10),BG_FRT_VAR_PROD.I_EXP_DATE,101) INTO :BGGVFP-I-ASOF-DATE ,:BGGVFP-I-EFF-DATE ,:BGGVFP-I-EXP-DATE :BGGVFP-I-EXP-DATE-NI FROM BG_FRT_VAR_PROD WHERE I_VENDOR = :OMGPR-I-VENDOR AND I_PRODUCT = :OMGPR-I-VND-PRODUCT AND I_BUY_GROUP = :BGGVFP-I-BUY-GROUP AND I_EFF_DATE <= :WS-CURRENT-DB2-DATE AND (I_EXP_DATE >= :WS-CURRENT-DB2-DATE OR I_EXP_DATE IS NULL) END-EXEC."
373,A6U01.CBL,9665-SELECT-AS-OF-VEND,24052,24069,SELECT,,,BG_FRT_VAR_VEND,BG_FRT_VAR_VEND,I_VENDOR = :OMGPR-I-VENDOR AND I_BUY_GROUP = :BGGVFV-I-BUY-GROUP AND I_EFF_DATE <= :WS-CURRENT-DB2-DATE AND (I_EXP_DATE >= :WS-CURRENT-DB2-DATE OR I_EXP_DATE IS NULL),,BGGVFV-I-ASOF-DATE;BGGVFV-I-EFF-DATE;BGGVFV-I-EXP-DATE;BGGVFV-I-EXP-DATE-NI;BGGVFV-I-VENDOR,BGGVFV-I-ASOF-DATE;BGGVFV-I-BUY-GROUP;BGGVFV-I-EFF-DATE;BGGVFV-I-EXP-DATE;BGGVFV-I-EXP-DATE-NI;BGGVFV-I-VENDOR;OMGPR-I-VENDOR;WS-CURRENT-DB2-DATE,,,Y,,Y,1,+0;-811;+100;OTHER,,Y, EVALUATE SQLCODE WHEN +0 MOVE BGGVFV-I-EFF-DATE TO WS-VEND-EFFECT-DATE MOVE BGGVFV-I-ASOF-DATE TO WS-VEND-AS-OF-DATE IF BGGVFV-I-EXP-DATE-NI NOT = -1 MOVE BGGVFV-I-EXP-DATE TO WS-PRICE-EXP-DATE PERFORM 7695-ADD-EXP-DATE-ARRA-010 THRU 7695-EXIT END-IF WHEN -811 MOVE SPACE TO WS-VEND-EFFECT-DATE WS-VEND-AS-OF-DATE WHEN +100 MOVE SPACE TO WS-VEND-EFFECT-DATE WS-VEND-AS-OF-DATE WHEN OTHER MOVE 'SELECT' TO WS-DB-OPERATION MOVE 'BG_FRT_VAR_VEND' TO WS-DB-NAME MOVE SQLCODE TO WS-DB-RETURN-CODE MOVE 'D,"EXEC SQL SELECT BG_FRT_VAR_VEND.I_VENDOR ,CONVERT(CHAR(10),BG_FRT_VAR_VEND.I_AS_OF_DATE,101) ,CONVERT(CHAR(10),BG_FRT_VAR_VEND.I_EFF_DATE,101) ,CONVERT(CHAR(10),BG_FRT_VAR_VEND.I_EXP_DATE,101) INTO :BGGVFV-I-VENDOR ,:BGGVFV-I-ASOF-DATE ,:BGGVFV-I-EFF-DATE ,:BGGVFV-I-EXP-DATE :BGGVFV-I-EXP-DATE-NI FROM BG_FRT_VAR_VEND WHERE I_VENDOR = :OMGPR-I-VENDOR AND I_BUY_GROUP = :BGGVFV-I-BUY-GROUP AND I_EFF_DATE <= :WS-CURRENT-DB2-DATE AND (I_EXP_DATE >= :WS-CURRENT-DB2-DATE OR I_EXP_DATE IS NULL) END-EXEC."
374,A6U01.CBL,9670-SELECT-AS-OF-GRP,24107,24121,SELECT,,,BG_FRT_VAR_GRP,BG_FRT_VAR_GRP,I_BUY_GROUP = :BGGVF-I-BUY-GROUP AND I_EFF_DATE <= :WS-CURRENT-DB2-DATE AND (I_EXP_DATE >= :WS-CURRENT-DB2-DATE OR I_EXP_DATE IS NULL),,BGGVF-I-ASOF-DATE;BGGVF-I-EFF-DATE;BGGVF-I-EXP-DATE;BGGVF-I-EXP-DATE-NI,BGGVF-I-ASOF-DATE;BGGVF-I-BUY-GROUP;BGGVF-I-EFF-DATE;BGGVF-I-EXP-DATE;BGGVF-I-EXP-DATE-NI;WS-CURRENT-DB2-DATE,,,Y,,Y,1,+0;-811;+100;OTHER,,Y, EVALUATE SQLCODE WHEN +0 MOVE BGGVF-I-EFF-DATE TO WS-GRP-EFFECT-DATE MOVE BGGVF-I-ASOF-DATE TO WS-GRP-AS-OF-DATE IF BGGVF-I-EXP-DATE-NI NOT = -1 MOVE BGGVF-I-EXP-DATE TO WS-PRICE-EXP-DATE PERFORM 7695-ADD-EXP-DATE-ARRA-010 THRU 7695-EXIT END-IF WHEN -811 MOVE SPACE TO WS-GRP-EFFECT-DATE WS-GRP-AS-OF-DATE WHEN +100 MOVE SPACE TO WS-GRP-EFFECT-DATE WS-GRP-AS-OF-DATE WHEN OTHER MOVE 'SELECT' TO WS-DB-OPERATION MOVE 'BG_FRT_VAR_GRP' TO WS-DB-NAME MOVE SQLCODE TO WS-DB-RETURN-CODE MOVE 'DB ERROR' TO,"EXEC SQL SELECT CONVERT(CHAR(10),BG_FRT_VAR_GRP.I_AS_OF_DATE,101) ,CONVERT(CHAR(10),BG_FRT_VAR_GRP.I_EFF_DATE,101) ,CONVERT(CHAR(10),BG_FRT_VAR_GRP.I_EXP_DATE,101) INTO :BGGVF-I-ASOF-DATE ,:BGGVF-I-EFF-DATE ,:BGGVF-I-EXP-DATE :BGGVF-I-EXP-DATE-NI FROM BG_FRT_VAR_GRP WHERE I_BUY_GROUP = :BGGVF-I-BUY-GROUP AND I_EFF_DATE <= :WS-CURRENT-DB2-DATE AND (I_EXP_DATE >= :WS-CURRENT-DB2-DATE OR I_EXP_DATE IS NULL) END-EXEC."
375,A6U01.CBL,9675-SELECT-AS-OF-COST,24158,24172,SELECT,,,VNG03,VNG03,D_VND_PRC_CHANGED <= :WS-PROD-AS-OF-DATE AND D_VND_PRC_LIST_EFF <= :WS-PROD-EFFECT-DATE AND I_VENDOR = :OMGPR-I-VENDOR AND I_VND_PRODUCT = :OMGPR-I-VND-PRODUCT AND C_VND_PRC_LEVEL = :OMGPR-C-VND-PRC-LEVEL,D_VND_PRC_LIST_EFF DESC,VNG03-A-VND-PRC-DEALER;VNG03-D-VND-PRC-CHANGED;VNG03-D-VND-PRC-LIST-EFF,OMGPR-C-VND-PRC-LEVEL;OMGPR-I-VENDOR;OMGPR-I-VND-PRODUCT;VNG03-A-VND-PRC-DEALER;VNG03-D-VND-PRC-CHANGED;VNG03-D-VND-PRC-LIST-EFF;WS-PROD-AS-OF-DATE;WS-PROD-EFFECT-DATE,,,Y,,Y,1,OTHER,,Y, EVALUATE TRUE WHEN SQLCODE = +0 OR +001 COMPUTE WS-AS-OF-VAR-UNIT-COST ROUNDED = ((VNG03-A-VND-PRC-DEALER * WS-VAR-CONVERT-UP-UMF) / WS-VAR-CONVERT-DOWN-UMF) WHEN SQLCODE = -811 CONTINUE WHEN SQLCODE = +100 PERFORM 9676-SELECT-AS-OF-COST THRU 9676-EXIT WHEN OTHER MOVE 'SELECT' TO WS-DB-OPERATION MOVE 'VNG03 FOR VAR' TO WS-DB-NAME MOVE SQLCODE TO WS-DB-RETURN-CODE MOVE 'DB ERROR' TO WS-DB-STATUS-MSG MOVE 903 TO WS-DB-ERROR-NBR OMGPR-Q-ERROR-NBR MOVE WS-DB2-FATAL-ERROR-IND TO OMGPR-Q-ERROR-CODE M,"EXEC SQL SELECT TOP 1 VNG03.D_VND_PRC_CHANGED, VNG03.D_VND_PRC_LIST_EFF, VNG03.A_VND_PRC_DEALER INTO :VNG03-D-VND-PRC-CHANGED, :VNG03-D-VND-PRC-LIST-EFF, :VNG03-A-VND-PRC-DEALER FROM VNG03 WHERE D_VND_PRC_CHANGED <= :WS-PROD-AS-OF-DATE AND D_VND_PRC_LIST_EFF <= :WS-PROD-EFFECT-DATE AND I_VENDOR = :OMGPR-I-VENDOR AND I_VND_PRODUCT = :OMGPR-I-VND-PRODUCT AND C_VND_PRC_LEVEL = :OMGPR-C-VND-PRC-LEVEL ORDER BY D_VND_PRC_LIST_EFF DESC END-EXEC."
376,A6U01.CBL,9676-SELECT-AS-OF-COST,24208,24222,SELECT,,,VNG03,VNG03,D_VND_PRC_CHANGED > :WS-PROD-AS-OF-DATE AND D_VND_PRC_LIST_EFF > :WS-PROD-EFFECT-DATE AND I_VENDOR = :OMGPR-I-VENDOR AND I_VND_PRODUCT = :OMGPR-I-VND-PRODUCT AND C_VND_PRC_LEVEL = :OMGPR-C-VND-PRC-LEVEL,D_VND_PRC_LIST_EFF ASC,VNG03-A-VND-PRC-DEALER;VNG03-D-VND-PRC-CHANGED;VNG03-D-VND-PRC-LIST-EFF,OMGPR-C-VND-PRC-LEVEL;OMGPR-I-VENDOR;OMGPR-I-VND-PRODUCT;VNG03-A-VND-PRC-DEALER;VNG03-D-VND-PRC-CHANGED;VNG03-D-VND-PRC-LIST-EFF;WS-PROD-AS-OF-DATE;WS-PROD-EFFECT-DATE,,,Y,,Y,1,OTHER,,Y, EVALUATE TRUE WHEN SQLCODE = +0 OR +001 COMPUTE WS-AS-OF-VAR-UNIT-COST ROUNDED = ((VNG03-A-VND-PRC-DEALER * WS-VAR-CONVERT-UP-UMF) / WS-VAR-CONVERT-DOWN-UMF) WHEN SQLCODE = -811 CONTINUE WHEN SQLCODE = +100 CONTINUE WHEN OTHER MOVE 'SELECT' TO WS-DB-OPERATION MOVE 'VNG03 FOR VAR' TO WS-DB-NAME MOVE SQLCODE TO WS-DB-RETURN-CODE MOVE 'DB ERROR' TO WS-DB-STATUS-MSG MOVE 904 TO WS-DB-ERROR-NBR OMGPR-Q-ERROR-NBR MOVE WS-DB2-FATAL-ERROR-IND TO OMGPR-Q-ERROR-CODE MOVE WS-DB-OPERATION-MSG TO OMGPR-ERRO,"EXEC SQL SELECT TOP 1 VNG03.D_VND_PRC_CHANGED, VNG03.D_VND_PRC_LIST_EFF, VNG03.A_VND_PRC_DEALER INTO :VNG03-D-VND-PRC-CHANGED, :VNG03-D-VND-PRC-LIST-EFF, :VNG03-A-VND-PRC-DEALER FROM VNG03 WHERE D_VND_PRC_CHANGED > :WS-PROD-AS-OF-DATE AND D_VND_PRC_LIST_EFF > :WS-PROD-EFFECT-DATE AND I_VENDOR = :OMGPR-I-VENDOR AND I_VND_PRODUCT = :OMGPR-I-VND-PRODUCT AND C_VND_PRC_LEVEL = :OMGPR-C-VND-PRC-LEVEL ORDER BY D_VND_PRC_LIST_EFF ASC END-EXEC."
377,A6U01.CBL,9680-SQL-SELECT,24256,24276,SELECT,,,BGG10,BGG10,BGG10.I_BUY_GROUP = :BGG10-I-BUY-GROUP AND BGG10.I_VENDOR = :OMGPR-I-VENDOR AND BGG10.D_INFRT_BG_EFF <= :WS-VEND-AS-OF-DATE AND (BGG10.D_INFRT_BG_EXP >= :WS-VEND-AS-OF-DATE OR BGG10.D_INFRT_BG_EXP IS NULL),BGG10.D_INFRT_BG_EFF DESC,BGG10-D-INFRT-BG-EFF;BGG10-D-INFRT-BG-EXP;BGG10-D-INFRT-BG-EXP-NI;BGG10-F-FRT-BG-FLAG;BGG10-P-INFRT-BG,BGG10-D-INFRT-BG-EFF;BGG10-D-INFRT-BG-EXP;BGG10-D-INFRT-BG-EXP-NI;BGG10-F-FRT-BG-FLAG;BGG10-I-BUY-GROUP;BGG10-P-INFRT-BG;OMGPR-I-VENDOR;WS-VEND-AS-OF-DATE,,,Y,,Y,1,OTHER,,Y, EVALUATE TRUE WHEN SQLCODE = +0 OR +001 CONTINUE WHEN SQLCODE = -811 CONTINUE WHEN SQLCODE = +100 PERFORM 9681-SQL-SELECT THRU 9681-EXIT WHEN OTHER MOVE 'SELECT' TO WS-DB-OPERATION MOVE 'BGG10 FOR VAR' TO WS-DB-NAME MOVE SQLCODE TO WS-DB-RETURN-CODE MOVE 'DB ERROR' TO WS-DB-STATUS-MSG MOVE 903 TO WS-DB-ERROR-NBR OMGPR-Q-ERROR-NBR MOVE WS-DB2-FATAL-ERROR-IND TO OMGPR-Q-ERROR-CODE MOVE WS-DB-OPERATION-MSG TO OMGPR-ERROR-MESSAGE MOVE WS-YES-IND TO OMGPR-F-PRICER-ERROR GO TO 0020-EXIT-PRICER END-EV,"EXEC SQL SELECT TOP 1 BGG10.P_INFRT_BG, CONVERT(CHAR(10),BGG10.D_INFRT_BG_EFF,101), CONVERT(CHAR(10),BGG10.D_INFRT_BG_EXP,101), BGG10.F_FRT_BG_FLAG INTO :BGG10-P-INFRT-BG, :BGG10-D-INFRT-BG-EFF, :BGG10-D-INFRT-BG-EXP :BGG10-D-INFRT-BG-EXP-NI, :BGG10-F-FRT-BG-FLAG FROM BGG10 WHERE BGG10.I_BUY_GROUP = :BGG10-I-BUY-GROUP AND BGG10.I_VENDOR = :OMGPR-I-VENDOR AND BGG10.D_INFRT_BG_EFF <= :WS-VEND-AS-OF-DATE AND (BGG10.D_INFRT_BG_EXP >= :WS-VEND-AS-OF-DATE OR BGG10.D_INFRT_BG_EXP IS NULL) ORDER BY BGG10.D_INFRT_BG_EFF DESC END-EXEC."
378,A6U01.CBL,9681-SQL-SELECT,24309,24326,SELECT,,,BGG10,BGG10,BGG10.I_BUY_GROUP = :BGG10-I-BUY-GROUP AND BGG10.I_VENDOR = :OMGPR-I-VENDOR AND BGG10.D_INFRT_BG_EFF > :WS-VEND-AS-OF-DATE AND BGG10.D_INFRT_BG_EFF <= :WS-CURRENT-DB2-DATE,BGG10.D_INFRT_BG_EFF ASC,BGG10-D-INFRT-BG-EFF;BGG10-D-INFRT-BG-EXP;BGG10-D-INFRT-BG-EXP-NI;BGG10-F-FRT-BG-FLAG;BGG10-P-INFRT-BG,BGG10-D-INFRT-BG-EFF;BGG10-D-INFRT-BG-EXP;BGG10-D-INFRT-BG-EXP-NI;BGG10-F-FRT-BG-FLAG;BGG10-I-BUY-GROUP;BGG10-P-INFRT-BG;OMGPR-I-VENDOR;WS-CURRENT-DB2-DATE;WS-VEND-AS-OF-DATE,,,Y,,Y,2,OTHER,,Y, THRU 9681-EXIT WHEN OTHER MOVE 'SELECT' TO WS-DB-OPERATION MOVE 'BGG10 FOR VAR' TO WS-DB-NAME MOVE SQLCODE TO WS-DB-RETURN-CODE MOVE 'DB ERROR' TO WS-DB-STATUS-MSG MOVE 903 TO WS-DB-ERROR-NBR OMGPR-Q-ERROR-NBR MOVE WS-DB2-FATAL-ERROR-IND TO OMGPR-Q-ERROR-CODE MOVE WS-DB-OPERATION-MSG TO OMGPR-ERROR-MESSAGE MOVE WS-YES-IND TO OMGPR-F-PRICER-ERROR GO TO 0020-EXIT-PRICER END-EVALUATE.,"EXEC SQL SELECT TOP 1 BGG10.P_INFRT_BG, CONVERT(CHAR(10),BGG10.D_INFRT_BG_EFF,101), CONVERT(CHAR(10),BGG10.D_INFRT_BG_EXP,101), BGG10.F_FRT_BG_FLAG INTO :BGG10-P-INFRT-BG, :BGG10-D-INFRT-BG-EFF, :BGG10-D-INFRT-BG-EXP :BGG10-D-INFRT-BG-EXP-NI, :BGG10-F-FRT-BG-FLAG FROM BGG10 WHERE BGG10.I_BUY_GROUP = :BGG10-I-BUY-GROUP AND BGG10.I_VENDOR = :OMGPR-I-VENDOR AND BGG10.D_INFRT_BG_EFF > :WS-VEND-AS-OF-DATE AND BGG10.D_INFRT_BG_EFF <= :WS-CURRENT-DB2-DATE ORDER BY BGG10.D_INFRT_BG_EFF ASC END-EXEC."
379,A6U01.CBL,9685-SQL-SELECT,24333,24353,SELECT,,,BGG10,BGG10,BGG10.I_BUY_GROUP = :BGG10-I-BUY-GROUP AND BGG10.I_VENDOR = :BGG10-I-VENDOR AND BGG10.D_INFRT_BG_EFF <= :WS-VEND-AS-OF-DATE AND (BGG10.D_INFRT_BG_EXP >= :WS-VEND-AS-OF-DATE OR BGG10.D_INFRT_BG_EXP IS NULL),BGG10.D_INFRT_BG_EFF DESC,BGG10-D-INFRT-BG-EFF;BGG10-D-INFRT-BG-EXP;BGG10-D-INFRT-BG-EXP-NI;BGG10-F-FRT-BG-FLAG;BGG10-P-INFRT-BG,BGG10-D-INFRT-BG-EFF;BGG10-D-INFRT-BG-EXP;BGG10-D-INFRT-BG-EXP-NI;BGG10-F-FRT-BG-FLAG;BGG10-I-BUY-GROUP;BGG10-I-VENDOR;BGG10-P-INFRT-BG;WS-VEND-AS-OF-DATE,,,Y,,Y,1,OTHER,,Y, EVALUATE TRUE WHEN SQLCODE = +0 OR +001 CONTINUE WHEN SQLCODE = -811 CONTINUE WHEN SQLCODE = +100 PERFORM 9686-SQL-SELECT THRU 9686-EXIT WHEN OTHER MOVE 'SELECT' TO WS-DB-OPERATION MOVE 'BGG10 FOR VAR' TO WS-DB-NAME MOVE SQLCODE TO WS-DB-RETURN-CODE MOVE 'DB ERROR' TO WS-DB-STATUS-MSG MOVE 903 TO WS-DB-ERROR-NBR OMGPR-Q-ERROR-NBR MOVE WS-DB2-FATAL-ERROR-IND TO OMGPR-Q-ERROR-CODE MOVE WS-DB-OPERATION-MSG TO OMGPR-ERROR-MESSAGE MOVE WS-YES-IND TO OMGPR-F-PRICER-ERROR GO TO 0020-EXIT-PRICER END-EV,"EXEC SQL SELECT TOP 1 BGG10.P_INFRT_BG, CONVERT(CHAR(10),BGG10.D_INFRT_BG_EFF,101), CONVERT(CHAR(10),BGG10.D_INFRT_BG_EXP,101), BGG10.F_FRT_BG_FLAG INTO :BGG10-P-INFRT-BG, :BGG10-D-INFRT-BG-EFF, :BGG10-D-INFRT-BG-EXP :BGG10-D-INFRT-BG-EXP-NI, :BGG10-F-FRT-BG-FLAG FROM BGG10 WHERE BGG10.I_BUY_GROUP = :BGG10-I-BUY-GROUP AND BGG10.I_VENDOR = :BGG10-I-VENDOR AND BGG10.D_INFRT_BG_EFF <= :WS-VEND-AS-OF-DATE AND (BGG10.D_INFRT_BG_EXP >= :WS-VEND-AS-OF-DATE OR BGG10.D_INFRT_BG_EXP IS NULL) ORDER BY BGG10.D_INFRT_BG_EFF DESC END-EXEC."
380,A6U01.CBL,9686-SQL-SELECT,24386,24403,SELECT,,,BGG10,BGG10,BGG10.I_BUY_GROUP = :BGG10-I-BUY-GROUP AND BGG10.I_VENDOR = :BGG10-I-VENDOR AND BGG10.D_INFRT_BG_EFF > :WS-VEND-AS-OF-DATE AND BGG10.D_INFRT_BG_EFF <= :WS-CURRENT-DB2-DATE,BGG10.D_INFRT_BG_EFF ASC,BGG10-D-INFRT-BG-EFF;BGG10-D-INFRT-BG-EXP;BGG10-D-INFRT-BG-EXP-NI;BGG10-F-FRT-BG-FLAG;BGG10-P-INFRT-BG,BGG10-D-INFRT-BG-EFF;BGG10-D-INFRT-BG-EXP;BGG10-D-INFRT-BG-EXP-NI;BGG10-F-FRT-BG-FLAG;BGG10-I-BUY-GROUP;BGG10-I-VENDOR;BGG10-P-INFRT-BG;WS-CURRENT-DB2-DATE;WS-VEND-AS-OF-DATE,,,Y,,Y,2,OTHER,,Y, THRU 9686-EXIT WHEN OTHER MOVE 'SELECT' TO WS-DB-OPERATION MOVE 'BGG10 FOR VAR' TO WS-DB-NAME MOVE SQLCODE TO WS-DB-RETURN-CODE MOVE 'DB ERROR' TO WS-DB-STATUS-MSG MOVE 903 TO WS-DB-ERROR-NBR OMGPR-Q-ERROR-NBR MOVE WS-DB2-FATAL-ERROR-IND TO OMGPR-Q-ERROR-CODE MOVE WS-DB-OPERATION-MSG TO OMGPR-ERROR-MESSAGE MOVE WS-YES-IND TO OMGPR-F-PRICER-ERROR GO TO 0020-EXIT-PRICER END-EVALUATE.,"EXEC SQL SELECT TOP 1 BGG10.P_INFRT_BG, CONVERT(CHAR(10),BGG10.D_INFRT_BG_EFF,101), CONVERT(CHAR(10),BGG10.D_INFRT_BG_EXP,101), BGG10.F_FRT_BG_FLAG INTO :BGG10-P-INFRT-BG, :BGG10-D-INFRT-BG-EFF, :BGG10-D-INFRT-BG-EXP :BGG10-D-INFRT-BG-EXP-NI, :BGG10-F-FRT-BG-FLAG FROM BGG10 WHERE BGG10.I_BUY_GROUP = :BGG10-I-BUY-GROUP AND BGG10.I_VENDOR = :BGG10-I-VENDOR AND BGG10.D_INFRT_BG_EFF > :WS-VEND-AS-OF-DATE AND BGG10.D_INFRT_BG_EFF <= :WS-CURRENT-DB2-DATE ORDER BY BGG10.D_INFRT_BG_EFF ASC END-EXEC."
381,A6U01.CBL,9690-SQL-SELECT,24410,24422,SELECT,,,VNG19,VNG19,VNG19.I_VENDOR = :VNG19-I-VENDOR AND VNG19.D_IN_FREIGHT_EFF <= :WS-VEND-AS-OF-DATE AND (VNG19.D_IN_FREIGHT_EXP >= :WS-VEND-AS-OF-DATE OR VNG19.D_IN_FREIGHT_EXP IS NULL),VNG19.D_IN_FREIGHT_EFF DESC,VNG19-P-IN-FREIGHT;VNG19-P-IN-SELL-FREIGHT,VNG19-I-VENDOR;VNG19-P-IN-FREIGHT;VNG19-P-IN-SELL-FREIGHT;WS-VEND-AS-OF-DATE,,,Y,,Y,1,OTHER,,Y, EVALUATE TRUE WHEN SQLCODE = +0 OR +001 CONTINUE WHEN SQLCODE = -811 CONTINUE WHEN SQLCODE = +100 PERFORM 9691-SQL-SELECT THRU 9691-EXIT WHEN OTHER MOVE 'SELECT' TO WS-DB-OPERATION MOVE 'VNG19 FOR VAR' TO WS-DB-NAME MOVE SQLCODE TO WS-DB-RETURN-CODE MOVE 'DB ERROR' TO WS-DB-STATUS-MSG MOVE 903 TO WS-DB-ERROR-NBR OMGPR-Q-ERROR-NBR MOVE WS-DB2-FATAL-ERROR-IND TO OMGPR-Q-ERROR-CODE MOVE WS-DB-OPERATION-MSG TO OMGPR-ERROR-MESSAGE MOVE WS-YES-IND TO OMGPR-F-PRICER-ERROR GO TO 0020-EXIT-PRICER END-EV,"EXEC SQL SELECT TOP 1 VNG19.P_IN_FREIGHT, VNG19.P_IN_SELL_FREIGHT INTO :VNG19-P-IN-FREIGHT, :VNG19-P-IN-SELL-FREIGHT FROM VNG19 WHERE VNG19.I_VENDOR = :VNG19-I-VENDOR AND VNG19.D_IN_FREIGHT_EFF <= :WS-VEND-AS-OF-DATE AND (VNG19.D_IN_FREIGHT_EXP >= :WS-VEND-AS-OF-DATE OR VNG19.D_IN_FREIGHT_EXP IS NULL) ORDER BY VNG19.D_IN_FREIGHT_EFF DESC END-EXEC."
382,A6U01.CBL,9691-SQL-SELECT,24455,24466,SELECT,,,VNG19,VNG19,VNG19.I_VENDOR = :VNG19-I-VENDOR AND VNG19.D_IN_FREIGHT_EFF > :WS-VEND-AS-OF-DATE AND VNG19.D_IN_FREIGHT_EFF <= :WS-CURRENT-DB2-DATE,VNG19.D_IN_FREIGHT_EFF ASC,VNG19-P-IN-FREIGHT;VNG19-P-IN-SELL-FREIGHT,VNG19-I-VENDOR;VNG19-P-IN-FREIGHT;VNG19-P-IN-SELL-FREIGHT;WS-CURRENT-DB2-DATE;WS-VEND-AS-OF-DATE,,,Y,,Y,2,OTHER,,Y, THRU 9691-EXIT WHEN OTHER MOVE 'SELECT' TO WS-DB-OPERATION MOVE 'VNG19 FOR VAR' TO WS-DB-NAME MOVE SQLCODE TO WS-DB-RETURN-CODE MOVE 'DB ERROR' TO WS-DB-STATUS-MSG MOVE 903 TO WS-DB-ERROR-NBR OMGPR-Q-ERROR-NBR MOVE WS-DB2-FATAL-ERROR-IND TO OMGPR-Q-ERROR-CODE MOVE WS-DB-OPERATION-MSG TO OMGPR-ERROR-MESSAGE MOVE WS-YES-IND TO OMGPR-F-PRICER-ERROR GO TO 0020-EXIT-PRICER END-EVALUATE.,"EXEC SQL SELECT TOP 1 VNG19.P_IN_FREIGHT, VNG19.P_IN_SELL_FREIGHT INTO :VNG19-P-IN-FREIGHT, :VNG19-P-IN-SELL-FREIGHT FROM VNG19 WHERE VNG19.I_VENDOR = :VNG19-I-VENDOR AND VNG19.D_IN_FREIGHT_EFF > :WS-VEND-AS-OF-DATE AND VNG19.D_IN_FREIGHT_EFF <= :WS-CURRENT-DB2-DATE ORDER BY VNG19.D_IN_FREIGHT_EFF ASC END-EXEC."
383,A6U01.CBL,9695-SQL-SELECT,24473,24490,SELECT,,,"IN_NON_OMSELECT_PART, INSHED",IN_NON_OMSELECT_PART;INSHED,KY_COMPANY = COMPANY AND KY_VENDOR_NBR = VENDOR_NBR AND KY_SEQ_NUM = SEQ_NUM AND BR_NBR = :OMGPR-I-DIVISION AND VENDOR_NBR = :OMGPR-I-VENDOR AND PRODUCT_NBR = :OMGPR-I-VND-PRODUCT AND START_DATE <= :WS-CURRENT-DB2-DATE AND (EXPIRE_DATE >= :WS-CURRENT-DB2-DATE OR EXPIRE_DATE IS NULL),,INNOSP-EFF-DATE;INNOSP-OMSELECT-STATUS;INNOSP-START-DATE,INNOSP-EFF-DATE;INNOSP-OMSELECT-STATUS;INNOSP-START-DATE;OMGPR-I-DIVISION;OMGPR-I-VENDOR;OMGPR-I-VND-PRODUCT;WS-CURRENT-DB2-DATE,,,Y,,Y,2,+0;+100;OTHER,,Y, EVALUATE SQLCODE WHEN +0 IF INNOSP-OMSELECT-STATUS = 'N' MOVE 'Y' TO WS-NON-OM-SELECT-ITEM-SW MOVE INNOSP-EFF-DATE-MO TO OMGPR-D-EFF-JIT-NON-OM-SLCT(1:2) MOVE '/' TO OMGPR-D-EFF-JIT-NON-OM-SLCT(3:1) MOVE INNOSP-EFF-DATE-DY TO OMGPR-D-EFF-JIT-NON-OM-SLCT(4:2) MOVE '/' TO OMGPR-D-EFF-JIT-NON-OM-SLCT(6:1) MOVE INNOSP-EFF-DATE-YR(3:2) TO OMGPR-D-EFF-JIT-NON-OM-SLCT(7:2) MOVE INNOSP-START-DATE-MO TO OMGPR-D-START-JIT-NON-OM-SLCT(1:2) MOVE '/' TO OMGPR-D-START-JIT-NON-OM-SLCT(3:1) MOVE INNOSP-START-D,"EXEC SQL SELECT IN_NON_OMSELECT_PART.OMSELECT_STATUS ,IN_NON_OMSELECT_PART.EFF_DATE ,IN_NON_OMSELECT_PART.START_DATE INTO :INNOSP-OMSELECT-STATUS ,:INNOSP-EFF-DATE ,:INNOSP-START-DATE FROM IN_NON_OMSELECT_PART, INSHED WHERE KY_COMPANY = COMPANY AND KY_VENDOR_NBR = VENDOR_NBR AND KY_SEQ_NUM = SEQ_NUM AND BR_NBR = :OMGPR-I-DIVISION AND VENDOR_NBR = :OMGPR-I-VENDOR AND PRODUCT_NBR = :OMGPR-I-VND-PRODUCT AND START_DATE <= :WS-CURRENT-DB2-DATE AND (EXPIRE_DATE >= :WS-CURRENT-DB2-DATE OR EXPIRE_DATE IS NULL) END-EXEC."
384,A6U01.CBL,9700-GET-VNG35-ROW,24499,24510,SELECT,,,VN_AC_PC_SURCHARGE VNG35,VN_AC_PC_SURCHARGE,VNG35.I_ACCOUNT = :A9G36-I-ACCOUNT AND VNG35.I_VENDOR = :A9G36-I-VENDOR AND VNG35.S_PROD_CATEGORY = :A9G36-S-PROD-CATEGORY AND VNG35.D_AC_PC_SURCHG_EFF <= :A9G36-D-PRICING AND (VNG35.D_AC_PC_SURCHG_EXP >= :A9G36-D-PRICING OR VNG35.D_AC_PC_SURCHG_EXP IS NULL),,A9G36-P-SURCHARGE,A9G36-D-PRICING;A9G36-I-ACCOUNT;A9G36-I-VENDOR;A9G36-P-SURCHARGE;A9G36-S-PROD-CATEGORY,,,Y,,Y,2,+00;+100;OTHER,,, THRU 9700-EXIT EVALUATE SQLCODE WHEN +00 SET A9G36-PC-SURCHG-ACCT-VEND TO TRUE GO TO 0215-EXIT WHEN +100 CONTINUE WHEN OTHER MOVE SQLCODE TO WS-WS-VNG35-SQLCODE MOVE WS-VNG35-ERROR-MESSAGE TO A9G36-T-ERROR-MSG SET A9G36-SURCHARGE-FAILURE TO TRUE GO TO 0215-EXIT END-EVALUATE,EXEC SQL SELECT P_AC_PC_SURCHG INTO :A9G36-P-SURCHARGE FROM VN_AC_PC_SURCHARGE VNG35 WHERE VNG35.I_ACCOUNT = :A9G36-I-ACCOUNT AND VNG35.I_VENDOR = :A9G36-I-VENDOR AND VNG35.S_PROD_CATEGORY = :A9G36-S-PROD-CATEGORY AND VNG35.D_AC_PC_SURCHG_EFF <= :A9G36-D-PRICING AND (VNG35.D_AC_PC_SURCHG_EXP >= :A9G36-D-PRICING OR VNG35.D_AC_PC_SURCHG_EXP IS NULL) END-EXEC.
385,A6U01.CBL,9710-GET-VNG37-ROW,24517,24528,SELECT,,,VN_CID_PC_SURCHARGE VNG37,VN_CID_PC_SURCHARGE,VNG37.CUSTOMER_NBR = :A9G36-CUSTOMER-NBR AND VNG37.I_VENDOR = :A9G36-I-VENDOR AND VNG37.S_PROD_CATEGORY = :A9G36-S-PROD-CATEGORY AND VNG37.D_CID_PC_SURCHG_EFF <= :A9G36-D-PRICING AND (VNG37.D_CID_PC_SURCHG_EXP >= :A9G36-D-PRICING OR VNG37.D_CID_PC_SURCHG_EXP IS NULL),,A9G36-P-SURCHARGE,A9G36-CUSTOMER-NBR;A9G36-D-PRICING;A9G36-I-VENDOR;A9G36-P-SURCHARGE;A9G36-S-PROD-CATEGORY,,,Y,,Y,2,+00;+100;OTHER,,, THRU 9710-EXIT EVALUATE SQLCODE WHEN +00 SET A9G36-PC-SURCHG-CID-VEND TO TRUE GO TO 0215-EXIT WHEN +100 CONTINUE WHEN OTHER MOVE SQLCODE TO WS-WS-VNG37-SQLCODE MOVE WS-VNG37-ERROR-MESSAGE TO A9G36-T-ERROR-MSG SET A9G36-SURCHARGE-FAILURE TO TRUE GO TO 0215-EXIT END-EVALUATE,EXEC SQL SELECT P_CID_PC_SURCHG INTO :A9G36-P-SURCHARGE FROM VN_CID_PC_SURCHARGE VNG37 WHERE VNG37.CUSTOMER_NBR = :A9G36-CUSTOMER-NBR AND VNG37.I_VENDOR = :A9G36-I-VENDOR AND VNG37.S_PROD_CATEGORY = :A9G36-S-PROD-CATEGORY AND VNG37.D_CID_PC_SURCHG_EFF <= :A9G36-D-PRICING AND (VNG37.D_CID_PC_SURCHG_EXP >= :A9G36-D-PRICING OR VNG37.D_CID_PC_SURCHG_EXP IS NULL) END-EXEC.
386,A6U01.CBL,9720-GET-VNG33-ROW,24535,24546,SELECT,,,VN_DV_PC_SURCHARGE VNG33,VN_DV_PC_SURCHARGE,VNG33.I_DIVISION = :A9G36-I-DIVISION AND VNG33.I_VENDOR = :A9G36-I-VENDOR AND VNG33.S_PROD_CATEGORY = :A9G36-S-PROD-CATEGORY AND VNG33.D_DV_PC_SURCHG_EFF <= :A9G36-D-PRICING AND (VNG33.D_DV_PC_SURCHG_EXP >= :A9G36-D-PRICING OR VNG33.D_DV_PC_SURCHG_EXP IS NULL),,A9G36-P-SURCHARGE,A9G36-D-PRICING;A9G36-I-DIVISION;A9G36-I-VENDOR;A9G36-P-SURCHARGE;A9G36-S-PROD-CATEGORY,,,Y,,Y,2,+00;+100;OTHER,,, 9720-EXIT EVALUATE SQLCODE WHEN +00 SET A9G36-PC-SURCHG-DIV-VEND TO TRUE GO TO 0215-EXIT WHEN +100 CONTINUE WHEN OTHER MOVE SQLCODE TO WS-WS-VNG33-SQLCODE MOVE WS-VNG33-ERROR-MESSAGE TO A9G36-T-ERROR-MSG SET A9G36-SURCHARGE-FAILURE TO TRUE GO TO 0215-EXIT END-EVALUATE,EXEC SQL SELECT VNG33.P_DV_PC_SURCHG INTO :A9G36-P-SURCHARGE FROM VN_DV_PC_SURCHARGE VNG33 WHERE VNG33.I_DIVISION = :A9G36-I-DIVISION AND VNG33.I_VENDOR = :A9G36-I-VENDOR AND VNG33.S_PROD_CATEGORY = :A9G36-S-PROD-CATEGORY AND VNG33.D_DV_PC_SURCHG_EFF <= :A9G36-D-PRICING AND (VNG33.D_DV_PC_SURCHG_EXP >= :A9G36-D-PRICING OR VNG33.D_DV_PC_SURCHG_EXP IS NULL) END-EXEC.
387,A6U01.CBL,9730-GET-VNG32-ROW,24553,24563,SELECT,,,VN_CO_PC_SURCHARGE VNG32,VN_CO_PC_SURCHARGE,VNG32.I_VENDOR = :A9G36-I-VENDOR AND VNG32.S_PROD_CATEGORY = :A9G36-S-PROD-CATEGORY AND VNG32.D_CO_PC_SURCHG_EFF <= :A9G36-D-PRICING AND (VNG32.D_CO_PC_SURCHG_EXP >= :A9G36-D-PRICING OR VNG32.D_CO_PC_SURCHG_EXP IS NULL),,A9G36-P-SURCHARGE,A9G36-D-PRICING;A9G36-I-VENDOR;A9G36-P-SURCHARGE;A9G36-S-PROD-CATEGORY,,,Y,,Y,2,+00;+100;OTHER,,, 9730-EXIT EVALUATE SQLCODE WHEN +00 SET A9G36-PC-SURCHG-CORP-VEND TO TRUE GO TO 0215-EXIT WHEN +100 CONTINUE WHEN OTHER MOVE SQLCODE TO WS-WS-VNG32-SQLCODE MOVE WS-VNG32-ERROR-MESSAGE TO A9G36-T-ERROR-MSG SET A9G36-SURCHARGE-FAILURE TO TRUE GO TO 0215-EXIT END-EVALUATE,EXEC SQL SELECT VNG32.P_CO_PC_SURCHG INTO :A9G36-P-SURCHARGE FROM VN_CO_PC_SURCHARGE VNG32 WHERE VNG32.I_VENDOR = :A9G36-I-VENDOR AND VNG32.S_PROD_CATEGORY = :A9G36-S-PROD-CATEGORY AND VNG32.D_CO_PC_SURCHG_EFF <= :A9G36-D-PRICING AND (VNG32.D_CO_PC_SURCHG_EXP >= :A9G36-D-PRICING OR VNG32.D_CO_PC_SURCHG_EXP IS NULL) END-EXEC.
388,A6U01.CBL,9740-GET-VNG34-ROW,24570,24583,SELECT,,,VN_BG_PC_SURCHARGE VNG34,VN_BG_PC_SURCHARGE,VNG34.I_BUY_GROUP = :VNG34-I-BUY-GROUP AND VNG34.I_VENDOR = :A9G36-I-VENDOR AND VNG34.S_PROD_CATEGORY = :A9G36-S-PROD-CATEGORY AND VNG34.D_BG_PC_SURCHG_EFF <= :A9G36-D-PRICING AND (VNG34.D_BG_PC_SURCHG_EXP >= :A9G36-D-PRICING OR VNG34.D_BG_PC_SURCHG_EXP IS NULL),,A9G36-P-SURCHARGE,A9G36-D-PRICING;A9G36-I-VENDOR;A9G36-P-SURCHARGE;A9G36-S-PROD-CATEGORY;VNG34-I-BUY-GROUP,,,Y,,Y,1,+00;+100;OTHER,,, EVALUATE SQLCODE WHEN +00 GO TO 9740-EXIT WHEN +100 CONTINUE WHEN OTHER MOVE SQLCODE TO WS-WS-VNG34-SQLCODE MOVE WS-VNG34-ERROR-MESSAGE TO A9G36-T-ERROR-MSG SET A9G36-SURCHARGE-FAILURE TO TRUE GO TO 9740-EXIT END-EVALUATE.,EXEC SQL SELECT VNG34.P_BG_PC_SURCHG INTO :A9G36-P-SURCHARGE FROM VN_BG_PC_SURCHARGE VNG34 WHERE VNG34.I_BUY_GROUP = :VNG34-I-BUY-GROUP AND VNG34.I_VENDOR = :A9G36-I-VENDOR AND VNG34.S_PROD_CATEGORY = :A9G36-S-PROD-CATEGORY AND VNG34.D_BG_PC_SURCHG_EFF <= :A9G36-D-PRICING AND (VNG34.D_BG_PC_SURCHG_EXP >= :A9G36-D-PRICING OR VNG34.D_BG_PC_SURCHG_EXP IS NULL) END-EXEC.
389,A6U01.CBL,9810-CHECK-NDP-ON-OFF-SWITCH,24721,24730,SELECT,,,SY_MISC_SWITCHES WITH (NOLOCK),SY_MISC_SWITCHES,COMPANY = 'OM' AND BR_NBR = '01' AND KEY_VALUE = 'NDP PRC TRC MED',,SMT-CHAR-001;SMT-SWITCH-001,SMT-CHAR-001;SMT-SWITCH-001,,,,,Y,1,,=+100;NOT =+0,Y, IF SQLCODE = +100 MOVE 'Y' TO SMT-SWITCH-001 ELSE IF SQLCODE NOT = +0 MOVE 'N' TO SMT-SWITCH-001 MOVE 'SELECT' TO WS-DB-OPERATION MOVE 'SY_MISC_SWITCHES' TO WS-DB-NAME MOVE SQLCODE TO WS-DB-RETURN-CODE MOVE 'DB ERROR' TO WS-DB-STATUS-MSG MOVE 201 TO WS-DB-ERROR-NBR OMGPR-Q-ERROR-NBR MOVE WS-DB2-FATAL-ERROR-IND TO OMGPR-Q-ERROR-CODE MOVE WS-DB-OPERATION-MSG TO OMGPR-ERROR-MESSAGE MOVE WS-YES-IND TO OMGPR-F-PRICER-ERROR GO TO 0020-EXIT-PRICER END-IF,"EXEC SQL SELECT SWITCH_001, CHAR_001 INTO :SMT-SWITCH-001, :SMT-CHAR-001 FROM SY_MISC_SWITCHES WITH (NOLOCK) WHERE COMPANY = 'OM' AND BR_NBR = '01' AND KEY_VALUE = 'NDP PRC TRC MED' END-EXEC."
390,A6U01.CBL,9850-GET-CUG60,24763,24778,SELECT,,,CU_AC_CONT_COSTADJ CUG60,CU_AC_CONT_COSTADJ,CUG60.I_ACCOUNT = :CUG60-I-ACCOUNT AND CUG60.I_CONTRACT = :CUG60-I-CONTRACT AND CUG60.C_AC_CONT_FEE_TYPE = :WS-CNT-FEE-TYPE AND D_AC_CONT_COSTADJ_EF <= :OMGPR-D-PRICING AND (D_AC_CONT_COSTADJ_EX >= :OMGPR-D-PRICING OR D_AC_CONT_COSTADJ_EX IS NULL),,CUG60-D-AC-CONT-COSTADJ-EX;CUG60-D-AC-CONT-COSTADJ-EX-NI;CUG60-P-AC-CONT-COSTADJ,CUG60-D-AC-CONT-COSTADJ-EX;CUG60-D-AC-CONT-COSTADJ-EX-NI;CUG60-I-ACCOUNT;CUG60-I-CONTRACT;CUG60-P-AC-CONT-COSTADJ;OMGPR-D-PRICING;WS-CNT-FEE-TYPE,,,,,Y,2,+00;+100;OTHER,,, 9850-EXIT EVALUATE SQLCODE WHEN +00 IF CUG60-D-AC-CONT-COSTADJ-EX-NI NOT = -1 MOVE CUG60-D-AC-CONT-COSTADJ-EX TO WS-PRICE-EXP-DATE PERFORM 7695-ADD-EXP-DATE-ARRA-010 THRU 7695-EXIT END-IF SET WS-C-CCA-ACCT-CONT TO TRUE MOVE CUG60-P-AC-CONT-COSTADJ TO WS-VNDCOSTADJ-PERCENT GO TO 0230-EXIT WHEN +100 GO TO 0230-EXIT WHEN OTHER MOVE 'CUG60' TO WS-VCADJ-ERROR-TABLE MOVE SQLCODE TO WS-VCADJ-VNGXX-SQLCODE MOVE WS-VCADJ-VNGXX-ERROR-MESSAG TO WS-VNDCOST-ADJ-T-ERROR-MSG SET WS-VCADJ-FAILURE TO TRUE GO TO,"EXEC SQL SELECT CUG60.P_AC_CONT_COSTADJ, CONVERT(CHAR(10),CUG60.D_AC_CONT_COSTADJ_EX,101) INTO :CUG60-P-AC-CONT-COSTADJ, :CUG60-D-AC-CONT-COSTADJ-EX :CUG60-D-AC-CONT-COSTADJ-EX-NI FROM CU_AC_CONT_COSTADJ CUG60 WHERE CUG60.I_ACCOUNT = :CUG60-I-ACCOUNT AND CUG60.I_CONTRACT = :CUG60-I-CONTRACT AND CUG60.C_AC_CONT_FEE_TYPE = :WS-CNT-FEE-TYPE AND D_AC_CONT_COSTADJ_EF <= :OMGPR-D-PRICING AND (D_AC_CONT_COSTADJ_EX >= :OMGPR-D-PRICING OR D_AC_CONT_COSTADJ_EX IS NULL) END-EXEC."
391,A6U01.CBL,9860-GET-CUG61,24785,24802,SELECT,,,CU_AC_VEND_COSTADJ CUG61,CU_AC_VEND_COSTADJ,CUG61.I_ACCOUNT = :CUG61-I-ACCOUNT AND CUG61.I_VENDOR = :CUG61-I-VENDOR AND CUG61.C_AC_VEND_CONT_FEE_TYPE = :WS-CNT-FEE-TYPE AND CUG61.D_AC_VEND_COSTADJ_EF <= :OMGPR-D-PRICING AND (CUG61.D_AC_VEND_COSTADJ_EX >= :OMGPR-D-PRICING OR CUG61.D_AC_VEND_COSTADJ_EX IS NULL),,CUG61-D-AC-VEND-COSTADJ-EX;CUG61-D-AC-VEND-COSTADJ-EX-NI;CUG61-P-AC-VEND-COSTADJ,CUG61-D-AC-VEND-COSTADJ-EX;CUG61-D-AC-VEND-COSTADJ-EX-NI;CUG61-I-ACCOUNT;CUG61-I-VENDOR;CUG61-P-AC-VEND-COSTADJ;OMGPR-D-PRICING;WS-CNT-FEE-TYPE,,,,,Y,2,+00;+100;OTHER,,, EVALUATE SQLCODE WHEN +00 IF CUG61-D-AC-VEND-COSTADJ-EX-NI NOT = -1 MOVE CUG61-D-AC-VEND-COSTADJ-EX TO WS-PRICE-EXP-DATE PERFORM 7695-ADD-EXP-DATE-ARRA-010 THRU 7695-EXIT END-IF SET WS-C-CCA-ACCT-VEND TO TRUE MOVE CUG61-P-AC-VEND-COSTADJ TO WS-VNDCOSTADJ-PERCENT MOVE 'Y' TO WS-VENDOR-COST-CONT-FND WHEN +100 MOVE 'N' TO WS-VENDOR-COST-CONT-FND WHEN OTHER MOVE 'CUG61' TO WS-VCADJ-ERROR-TABLE MOVE SQLCODE TO WS-VCADJ-VNGXX-SQLCODE MOVE WS-VCADJ-VNGXX-ERROR-MESSAG TO WS-VNDCOST-ADJ-T-ERROR-MSG SET ,"EXEC SQL SELECT CUG61.P_AC_VEND_COSTADJ, CONVERT(CHAR(10),CUG61.D_AC_VEND_COSTADJ_EX,101) INTO :CUG61-P-AC-VEND-COSTADJ, :CUG61-D-AC-VEND-COSTADJ-EX :CUG61-D-AC-VEND-COSTADJ-EX-NI FROM CU_AC_VEND_COSTADJ CUG61 WHERE CUG61.I_ACCOUNT = :CUG61-I-ACCOUNT AND CUG61.I_VENDOR = :CUG61-I-VENDOR AND CUG61.C_AC_VEND_CONT_FEE_TYPE = :WS-CNT-FEE-TYPE AND CUG61.D_AC_VEND_COSTADJ_EF <= :OMGPR-D-PRICING AND (CUG61.D_AC_VEND_COSTADJ_EX >= :OMGPR-D-PRICING OR CUG61.D_AC_VEND_COSTADJ_EX IS NULL) END-EXEC."
392,A6U01.CBL,9870-GET-CUG62,24809,24826,SELECT,,,CU_BG_CONT_COSTADJ CUG62,CU_BG_CONT_COSTADJ,CUG62.I_BUYGROUP = :CUG62-I-BUYGROUP AND CUG62.I_CONTRACT = :CUG62-I-CONTRACT AND CUG62.C_BG_CONT_FEE_TYPE = :WS-CNT-FEE-TYPE AND CUG62.D_BG_CONT_COSTADJ_EF <= :OMGPR-D-PRICING AND (CUG62.D_BG_CONT_COSTADJ_EX >= :OMGPR-D-PRICING OR CUG62.D_BG_CONT_COSTADJ_EX IS NULL),,CUG62-D-BG-CONT-COSTADJ-EX;CUG62-D-BG-CONT-COSTADJ-EX-NI;CUG62-P-BG-CONT-COSTADJ,CUG62-D-BG-CONT-COSTADJ-EX;CUG62-D-BG-CONT-COSTADJ-EX-NI;CUG62-I-BUYGROUP;CUG62-I-CONTRACT;CUG62-P-BG-CONT-COSTADJ;OMGPR-D-PRICING;WS-CNT-FEE-TYPE,,,,,Y,2,+00;+100;OTHER,,, THRU 9870-EXIT EVALUATE SQLCODE WHEN +00 IF CUG62-D-BG-CONT-COSTADJ-EX-NI NOT = -1 MOVE CUG62-D-BG-CONT-COSTADJ-EX TO WS-PRICE-EXP-DATE PERFORM 7695-ADD-EXP-DATE-ARRA-010 THRU 7695-EXIT END-IF SET WS-C-CCA-BG-CONT TO TRUE MOVE 'Y' TO WS-F-BG-CONT-VCA-FND MOVE CUG62-P-BG-CONT-COSTADJ TO WS-VNDCOSTADJ-PERCENT GO TO 0260-EXIT WHEN +100 GO TO 0260-EXIT WHEN OTHER MOVE 'CUG62' TO WS-VCADJ-ERROR-TABLE MOVE SQLCODE TO WS-VCADJ-VNGXX-SQLCODE MOVE WS-VCADJ-VNGXX-ERROR-MESSAG TO WS-VNDCOST-ADJ-T-ERROR-MS,"EXEC SQL SELECT CUG62.P_BG_CONT_COSTADJ, CONVERT(CHAR(10),CUG62.D_BG_CONT_COSTADJ_EX,101) INTO :CUG62-P-BG-CONT-COSTADJ, :CUG62-D-BG-CONT-COSTADJ-EX :CUG62-D-BG-CONT-COSTADJ-EX-NI FROM CU_BG_CONT_COSTADJ CUG62 WHERE CUG62.I_BUYGROUP = :CUG62-I-BUYGROUP AND CUG62.I_CONTRACT = :CUG62-I-CONTRACT AND CUG62.C_BG_CONT_FEE_TYPE = :WS-CNT-FEE-TYPE AND CUG62.D_BG_CONT_COSTADJ_EF <= :OMGPR-D-PRICING AND (CUG62.D_BG_CONT_COSTADJ_EX >= :OMGPR-D-PRICING OR CUG62.D_BG_CONT_COSTADJ_EX IS NULL) END-EXEC."
393,A6U01.CBL,9880-GET-CUG63,24835,24853,SELECT,,,CU_BG_VEND_COSTADJ CUG63,CU_BG_VEND_COSTADJ,CUG63.I_BUYGROUP = :CUG63-I-BUYGROUP AND CUG63.I_VENDOR = :CUG63-I-VENDOR AND CUG63.C_BG_VEND_CONT_FEE_TYPE = :WS-CNT-FEE-TYPE AND CUG63.D_BG_VEND_COSTADJ_EF <= :OMGPR-D-PRICING AND (CUG63.D_BG_VEND_COSTADJ_EX >= :OMGPR-D-PRICING OR CUG63.D_BG_VEND_COSTADJ_EX IS NULL),,CUG63-D-BG-VEND-COSTADJ-EX;CUG63-D-BG-VEND-COSTADJ-EX-NI;CUG63-P-BG-VEND-COSTADJ,CUG63-D-BG-VEND-COSTADJ-EX;CUG63-D-BG-VEND-COSTADJ-EX-NI;CUG63-I-BUYGROUP;CUG63-I-VENDOR;CUG63-P-BG-VEND-COSTADJ;OMGPR-D-PRICING;WS-CNT-FEE-TYPE,,,,,Y,2,+00;+100;OTHER,,, THRU 9880-EXIT. EVALUATE SQLCODE WHEN +00 IF CUG63-D-BG-VEND-COSTADJ-EX-NI NOT = -1 MOVE CUG63-D-BG-VEND-COSTADJ-EX TO WS-PRICE-EXP-DATE PERFORM 7695-ADD-EXP-DATE-ARRA-010 THRU 7695-EXIT END-IF SET WS-C-CCA-BG-VEND TO TRUE MOVE 'Y' TO WS-F-BG-CONT-VCA-FND MOVE CUG63-P-BG-VEND-COSTADJ TO WS-VNDCOSTADJ-PERCENT MOVE 'Y' TO WS-VENDOR-COST-CONT-FND WHEN +100 MOVE 'N' TO WS-VENDOR-COST-CONT-FND WHEN OTHER MOVE 'CU63V' TO WS-VCADJ-ERROR-TABLE MOVE SQLCODE TO WS-VCADJ-VNGXX-SQLCODE MOVE WS-VCADJ-VNGXX-,"EXEC SQL SELECT CUG63.P_BG_VEND_COSTADJ, CONVERT(CHAR(10),CUG63.D_BG_VEND_COSTADJ_EX,101) INTO :CUG63-P-BG-VEND-COSTADJ, :CUG63-D-BG-VEND-COSTADJ-EX :CUG63-D-BG-VEND-COSTADJ-EX-NI FROM CU_BG_VEND_COSTADJ CUG63 WHERE CUG63.I_BUYGROUP = :CUG63-I-BUYGROUP AND CUG63.I_VENDOR = :CUG63-I-VENDOR AND CUG63.C_BG_VEND_CONT_FEE_TYPE = :WS-CNT-FEE-TYPE AND CUG63.D_BG_VEND_COSTADJ_EF <= :OMGPR-D-PRICING AND (CUG63.D_BG_VEND_COSTADJ_EX >= :OMGPR-D-PRICING OR CUG63.D_BG_VEND_COSTADJ_EX IS NULL) END-EXEC."
394,A6U01.CBL,9890-GET-CUG64,24861,24878,SELECT,,,CU_CO_CONT_COSTADJ CUG64,CU_CO_CONT_COSTADJ,CUG64.I_CONTRACT = :CUG64-I-CONTRACT AND CUG64.C_CO_CONT_FEE_TYPE = :WS-CNT-FEE-TYPE AND CUG64.D_CO_CONT_COSTADJ_EF <= :OMGPR-D-PRICING AND (CUG64.D_CO_CONT_COSTADJ_EX >= :OMGPR-D-PRICING OR CUG64.D_CO_CONT_COSTADJ_EX IS NULL),,CUG64-D-CO-CONT-COSTADJ-EX;CUG64-D-CO-CONT-COSTADJ-EX-NI;CUG64-P-CO-CONT-COSTADJ,CUG64-D-CO-CONT-COSTADJ-EX;CUG64-D-CO-CONT-COSTADJ-EX-NI;CUG64-I-CONTRACT;CUG64-P-CO-CONT-COSTADJ;OMGPR-D-PRICING;WS-CNT-FEE-TYPE,,,,,Y,2,+00;+100;OTHER,,, 9890-EXIT EVALUATE SQLCODE WHEN +00 IF CUG64-D-CO-CONT-COSTADJ-EX-NI NOT = -1 MOVE CUG64-D-CO-CONT-COSTADJ-EX TO WS-PRICE-EXP-DATE PERFORM 7695-ADD-EXP-DATE-ARRA-010 THRU 7695-EXIT END-IF SET WS-C-CCA-CORP-CONT TO TRUE MOVE CUG64-P-CO-CONT-COSTADJ TO WS-VNDCOSTADJ-PERCENT GO TO 0230-EXIT WHEN +100 GO TO 0230-EXIT WHEN OTHER MOVE 'CU64C' TO WS-VCADJ-ERROR-TABLE MOVE SQLCODE TO WS-VCADJ-VNGXX-SQLCODE MOVE WS-VCADJ-VNGXX-ERROR-MESSAG TO WS-VNDCOST-ADJ-T-ERROR-MSG SET WS-VCADJ-FAILURE TO TRUE GO TO,"EXEC SQL SELECT CUG64.P_CO_CONT_COSTADJ, CONVERT(CHAR(10),CUG64.D_CO_CONT_COSTADJ_EX,101) INTO :CUG64-P-CO-CONT-COSTADJ, :CUG64-D-CO-CONT-COSTADJ-EX :CUG64-D-CO-CONT-COSTADJ-EX-NI FROM CU_CO_CONT_COSTADJ CUG64 WHERE CUG64.I_CONTRACT = :CUG64-I-CONTRACT AND CUG64.C_CO_CONT_FEE_TYPE = :WS-CNT-FEE-TYPE AND CUG64.D_CO_CONT_COSTADJ_EF <= :OMGPR-D-PRICING AND (CUG64.D_CO_CONT_COSTADJ_EX >= :OMGPR-D-PRICING OR CUG64.D_CO_CONT_COSTADJ_EX IS NULL) END-EXEC."
395,A6U01.CBL,9900-GET-CUG65,24887,24904,SELECT,,,CU_CO_VEND_COSTADJ CUG65,CU_CO_VEND_COSTADJ,CUG65.I_VENDOR = :CUG65-I-VENDOR AND CUG65.C_CO_VEND_CONT_FEE_TYPE = :WS-CNT-FEE-TYPE AND CUG65.D_CO_VEND_COSTADJ_EF <= :OMGPR-D-PRICING AND (CUG65.D_CO_VEND_COSTADJ_EX >= :OMGPR-D-PRICING OR CUG65.D_CO_VEND_COSTADJ_EX IS NULL),,CUG65-D-CO-VEND-COSTADJ-EX;CUG65-D-CO-VEND-COSTADJ-EX-NI;CUG65-P-CO-VEND-COSTADJ,CUG65-D-CO-VEND-COSTADJ-EX;CUG65-D-CO-VEND-COSTADJ-EX-NI;CUG65-I-VENDOR;CUG65-P-CO-VEND-COSTADJ;OMGPR-D-PRICING;WS-CNT-FEE-TYPE,,,,,Y,2,+00;+100;OTHER,,, EVALUATE SQLCODE WHEN +00 IF CUG65-D-CO-VEND-COSTADJ-EX-NI NOT = -1 MOVE CUG65-D-CO-VEND-COSTADJ-EX TO WS-PRICE-EXP-DATE PERFORM 7695-ADD-EXP-DATE-ARRA-010 THRU 7695-EXIT END-IF SET WS-C-CCA-CORP-VEND TO TRUE MOVE CUG65-P-CO-VEND-COSTADJ TO WS-VNDCOSTADJ-PERCENT MOVE 'Y' TO WS-VENDOR-COST-CONT-FND WHEN +100 MOVE 'N' TO WS-VENDOR-COST-CONT-FND WHEN OTHER MOVE 'CU65V' TO WS-VCADJ-ERROR-TABLE MOVE SQLCODE TO WS-VCADJ-VNGXX-SQLCODE MOVE WS-VCADJ-VNGXX-ERROR-MESSAG TO WS-VNDCOST-ADJ-T-ERROR-MSG SET ,"EXEC SQL SELECT CUG65.P_CO_VEND_COSTADJ, CONVERT(CHAR(10),CUG65.D_CO_VEND_COSTADJ_EX,101) INTO :CUG65-P-CO-VEND-COSTADJ, :CUG65-D-CO-VEND-COSTADJ-EX :CUG65-D-CO-VEND-COSTADJ-EX-NI FROM CU_CO_VEND_COSTADJ CUG65 WHERE CUG65.I_VENDOR = :CUG65-I-VENDOR AND CUG65.C_CO_VEND_CONT_FEE_TYPE = :WS-CNT-FEE-TYPE AND CUG65.D_CO_VEND_COSTADJ_EF <= :OMGPR-D-PRICING AND (CUG65.D_CO_VEND_COSTADJ_EX >= :OMGPR-D-PRICING OR CUG65.D_CO_VEND_COSTADJ_EX IS NULL) END-EXEC."
396,A6U01.CBL,9910-SQL-SELECT-010,24911,24919,SELECT,,,VN_VEND_PARENT VNG36,VN_VEND_PARENT,VNG36.I_VENDOR = :VNG01-I-PARENT-VENDOR AND VNG36.D_EFFECTIVE <= :OMGPR-D-PRICING AND (VNG36.D_EXPIRE >= :OMGPR-D-PRICING OR VNG36.D_EXPIRE IS NULL),,VNG36-I-VENDOR,OMGPR-D-PRICING;VNG01-I-PARENT-VENDOR;VNG36-I-VENDOR,,,Y,,Y,1,+00;+100;OTHER,,Y, EVALUATE SQLCODE WHEN +00 MOVE VNG36-I-VENDOR TO OMGPR-I-PARENT-VENDOR WHEN +100 MOVE OMGPR-I-VENDOR TO OMGPR-I-PARENT-VENDOR WHEN OTHER MOVE 'SELECT' TO WS-DB-OPERATION MOVE 'VNG36' TO WS-DB-NAME MOVE SQLCODE TO WS-DB-RETURN-CODE MOVE 'DB ERROR' TO WS-DB-STATUS-MSG MOVE 924 TO WS-DB-ERROR-NBR OMGPR-Q-ERROR-NBR MOVE WS-DB2-FATAL-ERROR-IND TO OMGPR-Q-ERROR-CODE MOVE WS-DB-OPERATION-MSG TO OMGPR-ERROR-MESSAGE MOVE WS-YES-IND TO OMGPR-F-PRICER-ERROR GO TO 0020-EXIT-PRICER END-EVALUATE. ,EXEC SQL SELECT VNG36.I_VENDOR INTO :VNG36-I-VENDOR FROM VN_VEND_PARENT VNG36 WHERE VNG36.I_VENDOR = :VNG01-I-PARENT-VENDOR AND VNG36.D_EFFECTIVE <= :OMGPR-D-PRICING AND (VNG36.D_EXPIRE >= :OMGPR-D-PRICING OR VNG36.D_EXPIRE IS NULL) END-EXEC.
397,A6U01.CBL,9921-GET-CUG86,25790,25805,SELECT,,,CU_AC_PROD_NONSANC_RATING CUG86,CU_AC_PROD_NONSANC_RATING,CUG86.I_ACCOUNT = :CUG86-I-ACCOUNT AND CUG86.I_VENDOR = :CUG86-I-VENDOR AND CUG86.I_VND_PRODUCT = :CUG86-I-VND-PRODUCT AND CUG86.D_AC_PROD_RATING_EF <= :OMGPR-D-PRICING AND (CUG86.D_AC_PROD_RATING_EX >= :OMGPR-D-PRICING OR CUG86.D_AC_PROD_RATING_EX IS NULL),,CUG86-D-AC-PROD-RATING-EX;CUG86-D-AC-PROD-RATING-EX-NI;CUG86-F-AC-PROD-RATING,CUG86-D-AC-PROD-RATING-EX;CUG86-D-AC-PROD-RATING-EX-NI;CUG86-F-AC-PROD-RATING;CUG86-I-ACCOUNT;CUG86-I-VENDOR;CUG86-I-VND-PRODUCT;OMGPR-D-PRICING,,,,,Y,2,+00;+100;OTHER,,, EVALUATE SQLCODE WHEN +00 IF CUG86-D-AC-PROD-RATING-EX-NI NOT = -1 MOVE CUG86-D-AC-PROD-RATING-EX TO WS-PRICE-EXP-DATE PERFORM 7695-ADD-EXP-DATE-ARRA-010 THRU 7695-EXIT END-IF SET WS-RATING-ACCT-PROD TO TRUE MOVE CUG86-F-AC-PROD-RATING TO WS-RATING-FLAG GO TO 7340-EXIT WHEN +100 CONTINUE WHEN OTHER MOVE 'CUG86' TO WS-RATING-ERROR-TABLE MOVE SQLCODE TO WS-RATING-FLAG-SQLCODE MOVE WS-RATING-FLAG-ERROR-MESSAG TO WS-RATING-FLAG-T-ERROR-MSG SET WS-RATING-FLAG-FAILURE TO TRUE GO TO 7340-EXIT END-EVAL,"EXEC SQL SELECT CUG86.F_AC_PROD_RATING, CONVERT(CHAR(10),CUG86.D_AC_PROD_RATING_EX,101) INTO :CUG86-F-AC-PROD-RATING, :CUG86-D-AC-PROD-RATING-EX :CUG86-D-AC-PROD-RATING-EX-NI FROM CU_AC_PROD_NONSANC_RATING CUG86 WHERE CUG86.I_ACCOUNT = :CUG86-I-ACCOUNT AND CUG86.I_VENDOR = :CUG86-I-VENDOR AND CUG86.I_VND_PRODUCT = :CUG86-I-VND-PRODUCT AND CUG86.D_AC_PROD_RATING_EF <= :OMGPR-D-PRICING AND (CUG86.D_AC_PROD_RATING_EX >= :OMGPR-D-PRICING OR CUG86.D_AC_PROD_RATING_EX IS NULL) END-EXEC."
398,A6U01.CBL,9922-GET-CUG78,25812,25826,SELECT,,,CU_AC_VEND_NONSANC_RATING CUG78,CU_AC_VEND_NONSANC_RATING,CUG78.I_ACCOUNT = :CUG78-I-ACCOUNT AND CUG78.I_VENDOR = :CUG78-I-VENDOR AND CUG78.D_AC_VEND_RATING_EF <= :OMGPR-D-PRICING AND (CUG78.D_AC_VEND_RATING_EX >= :OMGPR-D-PRICING OR CUG78.D_AC_VEND_RATING_EX IS NULL),,CUG78-D-AC-VEND-RATING-EX;CUG78-D-AC-VEND-RATING-EX-NI;CUG78-F-AC-VEND-RATING,CUG78-D-AC-VEND-RATING-EX;CUG78-D-AC-VEND-RATING-EX-NI;CUG78-F-AC-VEND-RATING;CUG78-I-ACCOUNT;CUG78-I-VENDOR;OMGPR-D-PRICING,,,,,Y,2,+00;+100;OTHER,,, EVALUATE SQLCODE WHEN +00 IF CUG78-D-AC-VEND-RATING-EX-NI NOT = -1 MOVE CUG78-D-AC-VEND-RATING-EX TO WS-PRICE-EXP-DATE PERFORM 7695-ADD-EXP-DATE-ARRA-010 THRU 7695-EXIT END-IF MOVE 'Y' TO WS-F-VN-RATING-FND WHEN +100 MOVE 'N' TO WS-F-VN-RATING-FND WHEN OTHER MOVE 'CU78V' TO WS-RATING-ERROR-TABLE MOVE SQLCODE TO WS-RATING-FLAG-SQLCODE MOVE WS-RATING-FLAG-ERROR-MESSAG TO WS-RATING-FLAG-T-ERROR-MSG SET WS-RATING-FLAG-FAILURE TO TRUE GO TO 7340-EXIT END-EVALUATE. ,"EXEC SQL SELECT CUG78.F_AC_VEND_RATING, CONVERT(CHAR(10),CUG78.D_AC_VEND_RATING_EX,101) INTO :CUG78-F-AC-VEND-RATING, :CUG78-D-AC-VEND-RATING-EX :CUG78-D-AC-VEND-RATING-EX-NI FROM CU_AC_VEND_NONSANC_RATING CUG78 WHERE CUG78.I_ACCOUNT = :CUG78-I-ACCOUNT AND CUG78.I_VENDOR = :CUG78-I-VENDOR AND CUG78.D_AC_VEND_RATING_EF <= :OMGPR-D-PRICING AND (CUG78.D_AC_VEND_RATING_EX >= :OMGPR-D-PRICING OR CUG78.D_AC_VEND_RATING_EX IS NULL) END-EXEC."
399,A6U01.CBL,9923-GET-CUG82,25833,25847,SELECT,,,CU_AC_CONT_NONSANC_RATING CUG82,CU_AC_CONT_NONSANC_RATING,CUG82.I_ACCOUNT = :CUG82-I-ACCOUNT AND CUG82.I_CONTRACT = :CUG82-I-CONTRACT AND CUG82.D_AC_CONT_RATING_EF <= :OMGPR-D-PRICING AND (CUG82.D_AC_CONT_RATING_EX >= :OMGPR-D-PRICING OR CUG82.D_AC_CONT_RATING_EX IS NULL),,CUG82-D-AC-CONT-RATING-EX;CUG82-D-AC-CONT-RATING-EX-NI;CUG82-F-AC-CONT-RATING,CUG82-D-AC-CONT-RATING-EX;CUG82-D-AC-CONT-RATING-EX-NI;CUG82-F-AC-CONT-RATING;CUG82-I-ACCOUNT;CUG82-I-CONTRACT;OMGPR-D-PRICING,,,,,Y,2,+00;+100;OTHER,,, 9923-EXIT EVALUATE SQLCODE WHEN +00 IF CUG82-D-AC-CONT-RATING-EX-NI NOT = -1 MOVE CUG82-D-AC-CONT-RATING-EX TO WS-PRICE-EXP-DATE PERFORM 7695-ADD-EXP-DATE-ARRA-010 THRU 7695-EXIT END-IF SET WS-RATING-ACCT-CONT TO TRUE MOVE CUG82-F-AC-CONT-RATING TO WS-RATING-FLAG GO TO 7340-EXIT WHEN +100 CONTINUE WHEN OTHER MOVE 'CUG82' TO WS-RATING-ERROR-TABLE MOVE SQLCODE TO WS-RATING-FLAG-SQLCODE MOVE WS-RATING-FLAG-ERROR-MESSAG TO WS-RATING-FLAG-T-ERROR-MSG SET WS-RATING-FLAG-FAILURE TO TRUE GO TO 7340-EXI,"EXEC SQL SELECT CUG82.F_AC_CONT_RATING, CONVERT(CHAR(10),CUG82.D_AC_CONT_RATING_EX,101) INTO :CUG82-F-AC-CONT-RATING, :CUG82-D-AC-CONT-RATING-EX :CUG82-D-AC-CONT-RATING-EX-NI FROM CU_AC_CONT_NONSANC_RATING CUG82 WHERE CUG82.I_ACCOUNT = :CUG82-I-ACCOUNT AND CUG82.I_CONTRACT = :CUG82-I-CONTRACT AND CUG82.D_AC_CONT_RATING_EF <= :OMGPR-D-PRICING AND (CUG82.D_AC_CONT_RATING_EX >= :OMGPR-D-PRICING OR CUG82.D_AC_CONT_RATING_EX IS NULL) END-EXEC."
400,A6U01.CBL,9924-GET-CUG85,25855,25870,SELECT,,,CU_CID_PROD_NONSANC_RATING CUG85,CU_CID_PROD_NONSANC_RATING,CUG85.CUSTOMER_NBR = :CUG85-CUSTOMER-NBR AND CUG85.I_VENDOR = :CUG85-I-VENDOR AND CUG85.I_VND_PRODUCT = :CUG85-I-VND-PRODUCT AND CUG85.D_CID_PROD_RATING_EF <= :OMGPR-D-PRICING AND (CUG85.D_CID_PROD_RATING_EX >= :OMGPR-D-PRICING OR CUG85.D_CID_PROD_RATING_EX IS NULL),,CUG85-D-CID-PROD-RATING-EX;CUG85-D-CID-PROD-RATING-EX-NI;CUG85-F-CID-PROD-RATING,CUG85-CUSTOMER-NBR;CUG85-D-CID-PROD-RATING-EX;CUG85-D-CID-PROD-RATING-EX-NI;CUG85-F-CID-PROD-RATING;CUG85-I-VENDOR;CUG85-I-VND-PRODUCT;OMGPR-D-PRICING,,,,,Y,2,+00;+100;OTHER,,, EVALUATE SQLCODE WHEN +00 IF CUG85-D-CID-PROD-RATING-EX-NI NOT = -1 MOVE CUG85-D-CID-PROD-RATING-EX TO WS-PRICE-EXP-DATE PERFORM 7695-ADD-EXP-DATE-ARRA-010 THRU 7695-EXIT END-IF SET WS-RATING-CID-PROD TO TRUE MOVE CUG85-F-CID-PROD-RATING TO WS-RATING-FLAG GO TO 7340-EXIT WHEN +100 CONTINUE WHEN OTHER MOVE 'CUG85' TO WS-RATING-ERROR-TABLE MOVE SQLCODE TO WS-RATING-FLAG-SQLCODE MOVE WS-RATING-FLAG-ERROR-MESSAG TO WS-RATING-FLAG-T-ERROR-MSG SET WS-RATING-FLAG-FAILURE TO TRUE GO TO 7340-EXIT END-EV,"EXEC SQL SELECT CUG85.F_CID_PROD_RATING, CONVERT(CHAR(10),CUG85.D_CID_PROD_RATING_EX,101) INTO :CUG85-F-CID-PROD-RATING, :CUG85-D-CID-PROD-RATING-EX :CUG85-D-CID-PROD-RATING-EX-NI FROM CU_CID_PROD_NONSANC_RATING CUG85 WHERE CUG85.CUSTOMER_NBR = :CUG85-CUSTOMER-NBR AND CUG85.I_VENDOR = :CUG85-I-VENDOR AND CUG85.I_VND_PRODUCT = :CUG85-I-VND-PRODUCT AND CUG85.D_CID_PROD_RATING_EF <= :OMGPR-D-PRICING AND (CUG85.D_CID_PROD_RATING_EX >= :OMGPR-D-PRICING OR CUG85.D_CID_PROD_RATING_EX IS NULL) END-EXEC."
401,A6U01.CBL,9925-GET-CUG77,25877,25891,SELECT,,,CU_CID_VEND_NONSANC_RATING CUG77,CU_CID_VEND_NONSANC_RATING,CUG77.CUSTOMER_NBR = :CUG77-CUSTOMER-NBR AND CUG77.I_VENDOR = :CUG77-I-VENDOR AND CUG77.D_CID_VEND_RATING_EF <= :OMGPR-D-PRICING AND (CUG77.D_CID_VEND_RATING_EX >= :OMGPR-D-PRICING OR CUG77.D_CID_VEND_RATING_EX IS NULL),,CUG77-D-CID-VEND-RATING-EX;CUG77-D-CID-VEND-RATING-EX-NI;CUG77-F-CID-VEND-RATING,CUG77-CUSTOMER-NBR;CUG77-D-CID-VEND-RATING-EX;CUG77-D-CID-VEND-RATING-EX-NI;CUG77-F-CID-VEND-RATING;CUG77-I-VENDOR;OMGPR-D-PRICING,,,,,Y,2,+00;+100;OTHER,,, EVALUATE SQLCODE WHEN +00 IF CUG77-D-CID-VEND-RATING-EX-NI NOT = -1 MOVE CUG77-D-CID-VEND-RATING-EX TO WS-PRICE-EXP-DATE PERFORM 7695-ADD-EXP-DATE-ARRA-010 THRU 7695-EXIT END-IF MOVE 'Y' TO WS-F-VN-RATING-FND WHEN +100 MOVE 'N' TO WS-F-VN-RATING-FND WHEN OTHER MOVE 'CU77V' TO WS-RATING-ERROR-TABLE MOVE SQLCODE TO WS-RATING-FLAG-SQLCODE MOVE WS-RATING-FLAG-ERROR-MESSAG TO WS-RATING-FLAG-T-ERROR-MSG SET WS-RATING-FLAG-FAILURE TO TRUE GO TO 7340-EXIT END-EVALUATE. ,"EXEC SQL SELECT CUG77.F_CID_VEND_RATING, CONVERT(CHAR(10),CUG77.D_CID_VEND_RATING_EX,101) INTO :CUG77-F-CID-VEND-RATING, :CUG77-D-CID-VEND-RATING-EX :CUG77-D-CID-VEND-RATING-EX-NI FROM CU_CID_VEND_NONSANC_RATING CUG77 WHERE CUG77.CUSTOMER_NBR = :CUG77-CUSTOMER-NBR AND CUG77.I_VENDOR = :CUG77-I-VENDOR AND CUG77.D_CID_VEND_RATING_EF <= :OMGPR-D-PRICING AND (CUG77.D_CID_VEND_RATING_EX >= :OMGPR-D-PRICING OR CUG77.D_CID_VEND_RATING_EX IS NULL) END-EXEC."
402,A6U01.CBL,9926-GET-CUG81,25898,25912,SELECT,,,CU_CID_CONT_NONSANC_RATING CUG81,CU_CID_CONT_NONSANC_RATING,CUG81.CUSTOMER_NBR = :CUG81-CUSTOMER-NBR AND CUG81.I_CONTRACT = :CUG81-I-CONTRACT AND CUG81.D_CID_CONT_RATING_EF <= :OMGPR-D-PRICING AND (CUG81.D_CID_CONT_RATING_EX >= :OMGPR-D-PRICING OR CUG81.D_CID_CONT_RATING_EX IS NULL),,CUG81-D-CID-CONT-RATING-EX;CUG81-D-CID-CONT-RATING-EX-NI;CUG81-F-CID-CONT-RATING,CUG81-CUSTOMER-NBR;CUG81-D-CID-CONT-RATING-EX;CUG81-D-CID-CONT-RATING-EX-NI;CUG81-F-CID-CONT-RATING;CUG81-I-CONTRACT;OMGPR-D-PRICING,,,,,Y,2,+00;+100;OTHER,,, 9926-EXIT EVALUATE SQLCODE WHEN +00 IF CUG81-D-CID-CONT-RATING-EX-NI NOT = -1 MOVE CUG81-D-CID-CONT-RATING-EX TO WS-PRICE-EXP-DATE PERFORM 7695-ADD-EXP-DATE-ARRA-010 THRU 7695-EXIT END-IF SET WS-RATING-CID-CONT TO TRUE MOVE CUG81-F-CID-CONT-RATING TO WS-RATING-FLAG GO TO 7340-EXIT WHEN +100 CONTINUE WHEN OTHER MOVE 'CUG81' TO WS-RATING-ERROR-TABLE MOVE SQLCODE TO WS-RATING-FLAG-SQLCODE MOVE WS-RATING-FLAG-ERROR-MESSAG TO WS-RATING-FLAG-T-ERROR-MSG SET WS-RATING-FLAG-FAILURE TO TRUE GO TO 7340-E,"EXEC SQL SELECT CUG81.F_CID_CONT_RATING, CONVERT(CHAR(10),CUG81.D_CID_CONT_RATING_EX,101) INTO :CUG81-F-CID-CONT-RATING, :CUG81-D-CID-CONT-RATING-EX :CUG81-D-CID-CONT-RATING-EX-NI FROM CU_CID_CONT_NONSANC_RATING CUG81 WHERE CUG81.CUSTOMER_NBR = :CUG81-CUSTOMER-NBR AND CUG81.I_CONTRACT = :CUG81-I-CONTRACT AND CUG81.D_CID_CONT_RATING_EF <= :OMGPR-D-PRICING AND (CUG81.D_CID_CONT_RATING_EX >= :OMGPR-D-PRICING OR CUG81.D_CID_CONT_RATING_EX IS NULL) END-EXEC."
403,A6U01.CBL,9927-GET-CUG84,25920,25935,SELECT,,,CU_BG_PROD_NONSANC_RATING CUG84,CU_BG_PROD_NONSANC_RATING,CUG84.I_BUYGROUP = :CUG84-I-BUYGROUP AND CUG84.I_VENDOR = :CUG84-I-VENDOR AND CUG84.I_VND_PRODUCT = :CUG84-I-VND-PRODUCT AND CUG84.D_BG_PROD_RATING_EF <= :OMGPR-D-PRICING AND (CUG84.D_BG_PROD_RATING_EX >= :OMGPR-D-PRICING OR CUG84.D_BG_PROD_RATING_EX IS NULL),,CUG84-D-BG-PROD-RATING-EX;CUG84-D-BG-PROD-RATING-EX-NI;CUG84-F-BG-PROD-RATING,CUG84-D-BG-PROD-RATING-EX;CUG84-D-BG-PROD-RATING-EX-NI;CUG84-F-BG-PROD-RATING;CUG84-I-BUYGROUP;CUG84-I-VENDOR;CUG84-I-VND-PRODUCT;OMGPR-D-PRICING,,,,,Y,2,+00;+100;OTHER,,, EVALUATE SQLCODE WHEN +00 IF CUG84-D-BG-PROD-RATING-EX-NI NOT = -1 MOVE CUG84-D-BG-PROD-RATING-EX TO WS-PRICE-EXP-DATE PERFORM 7695-ADD-EXP-DATE-ARRA-010 THRU 7695-EXIT END-IF SET WS-RATING-BG-PROD TO TRUE MOVE CUG84-F-BG-PROD-RATING TO WS-RATING-FLAG GO TO 7340-EXIT WHEN +100 CONTINUE WHEN OTHER MOVE 'CUG84' TO WS-RATING-ERROR-TABLE MOVE SQLCODE TO WS-RATING-FLAG-SQLCODE MOVE WS-RATING-FLAG-ERROR-MESSAG TO WS-RATING-FLAG-T-ERROR-MSG SET WS-RATING-FLAG-FAILURE TO TRUE GO TO 7340-EXIT END-EVALUA,"EXEC SQL SELECT CUG84.F_BG_PROD_RATING, CONVERT(CHAR(10),CUG84.D_BG_PROD_RATING_EX,101) INTO :CUG84-F-BG-PROD-RATING, :CUG84-D-BG-PROD-RATING-EX :CUG84-D-BG-PROD-RATING-EX-NI FROM CU_BG_PROD_NONSANC_RATING CUG84 WHERE CUG84.I_BUYGROUP = :CUG84-I-BUYGROUP AND CUG84.I_VENDOR = :CUG84-I-VENDOR AND CUG84.I_VND_PRODUCT = :CUG84-I-VND-PRODUCT AND CUG84.D_BG_PROD_RATING_EF <= :OMGPR-D-PRICING AND (CUG84.D_BG_PROD_RATING_EX >= :OMGPR-D-PRICING OR CUG84.D_BG_PROD_RATING_EX IS NULL) END-EXEC."
404,A6U01.CBL,9928-GET-CUG76,25942,25956,SELECT,,,CU_BG_VEND_NONSANC_RATING CUG76,CU_BG_VEND_NONSANC_RATING,CUG76.I_BUYGROUP = :CUG76-I-BUYGROUP AND CUG76.I_VENDOR = :CUG76-I-VENDOR AND CUG76.D_BG_VEND_RATING_EF <= :OMGPR-D-PRICING AND (CUG76.D_BG_VEND_RATING_EX >= :OMGPR-D-PRICING OR CUG76.D_BG_VEND_RATING_EX IS NULL),,CUG76-D-BG-VEND-RATING-EX;CUG76-D-BG-VEND-RATING-EX-NI;CUG76-F-BG-VEND-RATING,CUG76-D-BG-VEND-RATING-EX;CUG76-D-BG-VEND-RATING-EX-NI;CUG76-F-BG-VEND-RATING;CUG76-I-BUYGROUP;CUG76-I-VENDOR;OMGPR-D-PRICING,,,,,Y,2,+00;+100;OTHER,,, THRU 9928-EXIT. EVALUATE SQLCODE WHEN +00 IF CUG76-D-BG-VEND-RATING-EX-NI NOT = -1 MOVE CUG76-D-BG-VEND-RATING-EX TO WS-PRICE-EXP-DATE PERFORM 7695-ADD-EXP-DATE-ARRA-010 THRU 7695-EXIT END-IF MOVE 'Y' TO WS-F-VN-RATING-FND WHEN +100 MOVE 'N' TO WS-F-VN-RATING-FND WHEN OTHER MOVE 'CU76V' TO WS-RATING-ERROR-TABLE MOVE SQLCODE TO WS-RATING-FLAG-SQLCODE MOVE WS-RATING-FLAG-ERROR-MESSAG TO WS-RATING-FLAG-T-ERROR-MSG SET WS-RATING-FLAG-FAILURE TO TRUE GO TO 7340-EXIT END-EVALUATE. ,"EXEC SQL SELECT CUG76.F_BG_VEND_RATING, CONVERT(CHAR(10),CUG76.D_BG_VEND_RATING_EX,101) INTO :CUG76-F-BG-VEND-RATING, :CUG76-D-BG-VEND-RATING-EX :CUG76-D-BG-VEND-RATING-EX-NI FROM CU_BG_VEND_NONSANC_RATING CUG76 WHERE CUG76.I_BUYGROUP = :CUG76-I-BUYGROUP AND CUG76.I_VENDOR = :CUG76-I-VENDOR AND CUG76.D_BG_VEND_RATING_EF <= :OMGPR-D-PRICING AND (CUG76.D_BG_VEND_RATING_EX >= :OMGPR-D-PRICING OR CUG76.D_BG_VEND_RATING_EX IS NULL) END-EXEC."
405,A6U01.CBL,9929-GET-CUG80,25963,25977,SELECT,,,CU_BG_CONT_NONSANC_RATING CUG80,CU_BG_CONT_NONSANC_RATING,CUG80.I_BUYGROUP = :CUG80-I-BUYGROUP AND CUG80.I_CONTRACT = :CUG80-I-CONTRACT AND CUG80.D_BG_CONT_RATING_EF <= :OMGPR-D-PRICING AND (CUG80.D_BG_CONT_RATING_EX >= :OMGPR-D-PRICING OR CUG80.D_BG_CONT_RATING_EX IS NULL),,CUG80-D-BG-CONT-RATING-EX;CUG80-D-BG-CONT-RATING-EX-NI;CUG80-F-BG-CONT-RATING,CUG80-D-BG-CONT-RATING-EX;CUG80-D-BG-CONT-RATING-EX-NI;CUG80-F-BG-CONT-RATING;CUG80-I-BUYGROUP;CUG80-I-CONTRACT;OMGPR-D-PRICING,,,,,Y,2,+00;+100;OTHER,,, 9929-EXIT EVALUATE SQLCODE WHEN +00 IF CUG80-D-BG-CONT-RATING-EX-NI NOT = -1 MOVE CUG80-D-BG-CONT-RATING-EX TO WS-PRICE-EXP-DATE PERFORM 7695-ADD-EXP-DATE-ARRA-010 THRU 7695-EXIT END-IF SET WS-RATING-BG-CONT TO TRUE MOVE CUG80-F-BG-CONT-RATING TO WS-RATING-FLAG GO TO 7340-EXIT WHEN +100 CONTINUE WHEN OTHER MOVE 'CUG80' TO WS-RATING-ERROR-TABLE MOVE SQLCODE TO WS-RATING-FLAG-SQLCODE MOVE WS-RATING-FLAG-ERROR-MESSAG TO WS-RATING-FLAG-T-ERROR-MSG SET WS-RATING-FLAG-FAILURE TO TRUE GO TO 7340-EXIT ,"EXEC SQL SELECT CUG80.F_BG_CONT_RATING, CONVERT(CHAR(10),CUG80.D_BG_CONT_RATING_EX,101) INTO :CUG80-F-BG-CONT-RATING, :CUG80-D-BG-CONT-RATING-EX :CUG80-D-BG-CONT-RATING-EX-NI FROM CU_BG_CONT_NONSANC_RATING CUG80 WHERE CUG80.I_BUYGROUP = :CUG80-I-BUYGROUP AND CUG80.I_CONTRACT = :CUG80-I-CONTRACT AND CUG80.D_BG_CONT_RATING_EF <= :OMGPR-D-PRICING AND (CUG80.D_BG_CONT_RATING_EX >= :OMGPR-D-PRICING OR CUG80.D_BG_CONT_RATING_EX IS NULL) END-EXEC."
406,A6U01.CBL,9930-GET-CUG83,25985,25999,SELECT,,,CU_CO_PROD_NONSANC_RATING CUG83,CU_CO_PROD_NONSANC_RATING,CUG83.I_VENDOR = :CUG83-I-VENDOR AND CUG83.I_VND_PRODUCT = :CUG83-I-VND-PRODUCT AND CUG83.D_CO_PROD_RATING_EF <= :OMGPR-D-PRICING AND (CUG83.D_CO_PROD_RATING_EX >= :OMGPR-D-PRICING OR CUG83.D_CO_PROD_RATING_EX IS NULL),,CUG83-D-CO-PROD-RATING-EX;CUG83-D-CO-PROD-RATING-EX-NI;CUG83-F-CO-PROD-RATING,CUG83-D-CO-PROD-RATING-EX;CUG83-D-CO-PROD-RATING-EX-NI;CUG83-F-CO-PROD-RATING;CUG83-I-VENDOR;CUG83-I-VND-PRODUCT;OMGPR-D-PRICING,,,,,Y,2,+00;+100;OTHER,,, EVALUATE SQLCODE WHEN +00 IF CUG83-D-CO-PROD-RATING-EX-NI NOT = -1 MOVE CUG83-D-CO-PROD-RATING-EX TO WS-PRICE-EXP-DATE PERFORM 7695-ADD-EXP-DATE-ARRA-010 THRU 7695-EXIT END-IF SET WS-RATING-CORP-PROD TO TRUE MOVE CUG83-F-CO-PROD-RATING TO WS-RATING-FLAG GO TO 7340-EXIT WHEN +100 CONTINUE WHEN OTHER MOVE 'CUG83' TO WS-RATING-ERROR-TABLE MOVE SQLCODE TO WS-RATING-FLAG-SQLCODE MOVE WS-RATING-FLAG-ERROR-MESSAG TO WS-RATING-FLAG-T-ERROR-MSG SET WS-RATING-FLAG-FAILURE TO TRUE GO TO 7340-EXIT END-EVAL,"EXEC SQL SELECT CUG83.F_CO_PROD_RATING, CONVERT(CHAR(10),CUG83.D_CO_PROD_RATING_EX,101) INTO :CUG83-F-CO-PROD-RATING, :CUG83-D-CO-PROD-RATING-EX :CUG83-D-CO-PROD-RATING-EX-NI FROM CU_CO_PROD_NONSANC_RATING CUG83 WHERE CUG83.I_VENDOR = :CUG83-I-VENDOR AND CUG83.I_VND_PRODUCT = :CUG83-I-VND-PRODUCT AND CUG83.D_CO_PROD_RATING_EF <= :OMGPR-D-PRICING AND (CUG83.D_CO_PROD_RATING_EX >= :OMGPR-D-PRICING OR CUG83.D_CO_PROD_RATING_EX IS NULL) END-EXEC."
407,A6U01.CBL,9931-GET-CUG68,26006,26019,SELECT,,,CU_CO_VEND_NONSANC_RATING CUG68,CU_CO_VEND_NONSANC_RATING,CUG68.I_VENDOR = :CUG68-I-VENDOR AND CUG68.D_CO_VEND_RATING_EF <= :OMGPR-D-PRICING AND (CUG68.D_CO_VEND_RATING_EX >= :OMGPR-D-PRICING OR CUG68.D_CO_VEND_RATING_EX IS NULL),,CUG68-D-CO-VEND-RATING-EX;CUG68-D-CO-VEND-RATING-EX-NI;CUG68-F-CO-VEND-RATING,CUG68-D-CO-VEND-RATING-EX;CUG68-D-CO-VEND-RATING-EX-NI;CUG68-F-CO-VEND-RATING;CUG68-I-VENDOR;OMGPR-D-PRICING,,,,,Y,2,+00;+100;OTHER,,, EVALUATE SQLCODE WHEN +00 IF CUG68-D-CO-VEND-RATING-EX-NI NOT = -1 MOVE CUG68-D-CO-VEND-RATING-EX TO WS-PRICE-EXP-DATE PERFORM 7695-ADD-EXP-DATE-ARRA-010 THRU 7695-EXIT END-IF MOVE 'Y' TO WS-F-VN-RATING-FND WHEN +100 MOVE 'N' TO WS-F-VN-RATING-FND WHEN OTHER MOVE 'CU68V' TO WS-RATING-ERROR-TABLE MOVE SQLCODE TO WS-RATING-FLAG-SQLCODE MOVE WS-RATING-FLAG-ERROR-MESSAG TO WS-RATING-FLAG-T-ERROR-MSG SET WS-RATING-FLAG-FAILURE TO TRUE GO TO 7340-EXIT END-EVALUATE. ,"EXEC SQL SELECT CUG68.F_CO_VEND_RATING, CONVERT(CHAR(10),CUG68.D_CO_VEND_RATING_EX,101) INTO :CUG68-F-CO-VEND-RATING, :CUG68-D-CO-VEND-RATING-EX :CUG68-D-CO-VEND-RATING-EX-NI FROM CU_CO_VEND_NONSANC_RATING CUG68 WHERE CUG68.I_VENDOR = :CUG68-I-VENDOR AND CUG68.D_CO_VEND_RATING_EF <= :OMGPR-D-PRICING AND (CUG68.D_CO_VEND_RATING_EX >= :OMGPR-D-PRICING OR CUG68.D_CO_VEND_RATING_EX IS NULL) END-EXEC."
408,A6U01.CBL,9932-GET-CUG79,26026,26039,SELECT,,,CU_CO_CONT_NONSANC_RATING CUG79,CU_CO_CONT_NONSANC_RATING,CUG79.I_CONTRACT = :CUG79-I-CONTRACT AND CUG79.D_CO_CONT_RATING_EF <= :OMGPR-D-PRICING AND (CUG79.D_CO_CONT_RATING_EX >= :OMGPR-D-PRICING OR CUG79.D_CO_CONT_RATING_EX IS NULL),,CUG79-D-CO-CONT-RATING-EX;CUG79-D-CO-CONT-RATING-EX-NI;CUG79-F-CO-CONT-RATING,CUG79-D-CO-CONT-RATING-EX;CUG79-D-CO-CONT-RATING-EX-NI;CUG79-F-CO-CONT-RATING;CUG79-I-CONTRACT;OMGPR-D-PRICING,,,,,Y,2,+00;+100;OTHER,,, 9932-EXIT EVALUATE SQLCODE WHEN +00 IF CUG79-D-CO-CONT-RATING-EX-NI NOT = -1 MOVE CUG79-D-CO-CONT-RATING-EX TO WS-PRICE-EXP-DATE PERFORM 7695-ADD-EXP-DATE-ARRA-010 THRU 7695-EXIT END-IF SET WS-RATING-CORP-CONT TO TRUE MOVE CUG79-F-CO-CONT-RATING TO WS-RATING-FLAG GO TO 7340-EXIT WHEN +100 CONTINUE WHEN OTHER MOVE 'CUG79' TO WS-RATING-ERROR-TABLE MOVE SQLCODE TO WS-RATING-FLAG-SQLCODE MOVE WS-RATING-FLAG-ERROR-MESSAG TO WS-RATING-FLAG-T-ERROR-MSG SET WS-RATING-FLAG-FAILURE TO TRUE GO TO 7340-EXI,"EXEC SQL SELECT CUG79.F_CO_CONT_RATING, CONVERT(CHAR(10),CUG79.D_CO_CONT_RATING_EX,101) INTO :CUG79-F-CO-CONT-RATING, :CUG79-D-CO-CONT-RATING-EX :CUG79-D-CO-CONT-RATING-EX-NI FROM CU_CO_CONT_NONSANC_RATING CUG79 WHERE CUG79.I_CONTRACT = :CUG79-I-CONTRACT AND CUG79.D_CO_CONT_RATING_EF <= :OMGPR-D-PRICING AND (CUG79.D_CO_CONT_RATING_EX >= :OMGPR-D-PRICING OR CUG79.D_CO_CONT_RATING_EX IS NULL) END-EXEC."
409,A6U01.CBL,9945-CHECK-HC-COST-ACCOUNT,26065,26121,SELECT,,,"HC_OVRD_GROUP_HEADER H, HC_OVRD_GROUP_ACCOUNT A, HC_OVRD_GROUP_DETAIL B, HC_OVRD_PRODUCT C",HC_OVRD_GROUP_HEADER;HC_OVRD_GROUP_ACCOUNT;HC_OVRD_GROUP_DETAIL;HC_OVRD_PRODUCT,H.HC_GROUP_HDR_START_DATE <= :WS-TEMP-D-PRICING AND (H.HC_GROUP_HDR_EXPIRE_DATE IS NULL OR (H.HC_GROUP_HDR_EXPIRE_DATE IS NOT NULL AND H.HC_GROUP_HDR_EXPIRE_DATE >= :WS-TEMP-D-PRICING) ) AND H.HC_GROUP_ID = A.HC_GROUP_ID AND A.HC_DIVISION = :OMGPR-I-DIVISION AND A.HC_ACCOUNT = :OMGPR-S-ACCOUNT AND A.HC_START_DATE <= :WS-TEMP-D-PRICING AND (A.HC_EXPIRE_DATE IS NULL OR (A.HC_EXPIRE_DATE IS NOT NULL AND A.HC_EXPIRE_DATE >= :WS-TEMP-D-PRICING)) AND A.HC_GROUP_ID = B.HC_GROUP_ID AND B.HC_GROUP_OVRD_START_DATE <= :WS-TEMP-D-PRICING AND (B.HC_GROUP_OVRD_EXPIRE_DATE IS NULL OR (B.HC_GROUP_OVRD_EXPIRE_DATE IS NOT NULL AND B.HC_GROUP_OVRD_EXPIRE_DATE >= :WS-TEMP-D-PRICING) ) AND A.HC_GROUP_ID = C.HC_GROUP_ID AND C.HC_VEND_NBR = :OMGPR-I-VENDOR AND C.HC_PROD_NBR = :OMGPR-I-VND-PRODUCT AND C.HC_PROD_CST_START_DATE <= :WS-TEMP-D-PRICING AND (C.HC_PROD_CST_EXPIRE_DATE IS NULL OR (C.HC_PROD_CST_EXPIRE_DATE IS NOT NULL AND C.HC_PROD_CST_EXPIRE_DATE >= :WS-TEMP-D-PRICING)),,HC-ACT-EXP-DATE-NI;HC-ACT-EXPIRE-DATE;HC-ACT-GROUP-ID;HC-ACT-START-DATE;HC-GROUP-OVRD-EXP-DATE-NI;HC-GROUP-OVRD-EXPIRE-DATE;HC-GROUP-OVRD-FLAG;HC-GROUP-OVRD-START-DATE;HC-PROD-CST-EXP-DATE-NI;HC-PROD-CST-EXPIRE-DATE;HC-PROD-CST-START-DATE;HC-PROD-OVRD-FLAG,HC-ACT-EXP-DATE-NI;HC-ACT-EXPIRE-DATE;HC-ACT-GROUP-ID;HC-ACT-START-DATE;HC-GROUP-OVRD-EXP-DATE-NI;HC-GROUP-OVRD-EXPIRE-DATE;HC-GROUP-OVRD-FLAG;HC-GROUP-OVRD-START-DATE;HC-PROD-CST-EXP-DATE-NI;HC-PROD-CST-EXPIRE-DATE;HC-PROD-CST-START-DATE;HC-PROD-OVRD-FLAG;OMGPR-I-DIVISION;OMGPR-I-VENDOR;OMGPR-I-VND-PRODUCT;OMGPR-S-ACCOUNT;WS-TEMP-D-PRICING,,,Y,,Y,1,+0;+100;OTHER,,Y, EVALUATE SQLCODE WHEN +0 MOVE 'Y' TO WS-F-HC-COST-REC-FND-SW MOVE HC-ACT-GROUP-ID TO OMGPR-HC-GROUP-ID IF HC-PROD-OVRD-FLAG = 'Y' OR 'N' MOVE HC-PROD-OVRD-FLAG TO WS-F-COST-OVERRIDEN-SW ELSE MOVE HC-GROUP-OVRD-FLAG TO WS-F-COST-OVERRIDEN-SW END-IF IF HC-PROD-CST-EXP-DATE-NI < 0 MOVE WS-HIGH-DATE TO HC-PROD-CST-EXPIRE-DATE END-IF WHEN +100 MOVE SPACES TO WS-F-HC-COST-REC-FND-SW WHEN OTHER MOVE 'SELECT' TO WS-DB-OPERATION MOVE 'HC_OVRD_GROUP_ACCOUNT' TO WS-DB-NAME MOVE SQLCODE TO WS-DB-RETURN-COD,"EXEC SQL SELECT A.HC_GROUP_ID, A.HC_START_DATE, A.HC_EXPIRE_DATE, B.HC_GROUP_OVRD_START_DATE, B.HC_GROUP_OVRD_EXPIRE_DATE, B.HC_GROUP_OVRD_FLAG, C.HC_PROD_CST_START_DATE, C.HC_PROD_CST_EXPIRE_DATE, C.HC_PROD_OVRD_FLAG INTO :HC-ACT-GROUP-ID, :HC-ACT-START-DATE, :HC-ACT-EXPIRE-DATE :HC-ACT-EXP-DATE-NI, :HC-GROUP-OVRD-START-DATE, :HC-GROUP-OVRD-EXPIRE-DATE :HC-GROUP-OVRD-EXP-DATE-NI, :HC-GROUP-OVRD-FLAG, :HC-PROD-CST-START-DATE, :HC-PROD-CST-EXPIRE-DATE :HC-PROD-CST-EXP-DATE-NI, :HC-PROD-OVRD-FLAG FROM HC_OVRD_GROUP_HEADER H, HC_OVRD_GROUP_ACCOUNT A, HC_OVRD_GROUP_DETAIL B, HC_OVRD_PRODUCT C WHERE H.HC_GROUP_HDR_START_DATE <= :WS-TEMP-D-PRICING AND (H.HC_GROUP_HDR_EXPIRE_DATE IS NULL OR (H.HC_GROUP_HDR_EXPIRE_DATE IS NOT NULL AND H.HC_GROUP_HDR_EXPIRE_DATE >= :WS-TEMP-D-PRICING) ) AND H.HC_GROUP_ID = A.HC_GROUP_ID AND A.HC_DIVISION = :OMGPR-I-DIVISION AND A.HC_ACCOUNT = :OMGPR-S-ACCOUNT AND A.HC_START_DATE <= :WS-TEMP-D-PRICING AND (A.HC_EXPIRE_DATE IS NULL OR (A.HC_EXPIRE_DATE IS NOT NULL AND A.HC_EXPIRE_DATE >= :WS-TEMP-D-PRICING)) AND A.HC_GROUP_ID = B.HC_GROUP_ID AND B.HC_GROUP_OVRD_START_DATE <= :WS-TEMP-D-PRICING AND (B.HC_GROUP_OVRD_EXPIRE_DATE IS NULL OR (B.HC_GROUP_OVRD_EXPIRE_DATE IS NOT NULL AND B.HC_GROUP_OVRD_EXPIRE_DATE >= :WS-TEMP-D-PRICING) ) AND A.HC_GROUP_ID = C.HC_GROUP_ID AND C.HC_VEND_NBR = :OMGPR-I-VENDOR AND C.HC_PROD_NBR = :OMGPR-I-VND-PRODUCT AND C.HC_PROD_CST_START_DATE <= :WS-TEMP-D-PRICING AND (C.HC_PROD_CST_EXPIRE_DATE IS NULL OR (C.HC_PROD_CST_EXPIRE_DATE IS NOT NULL AND C.HC_PROD_CST_EXPIRE_DATE >= :WS-TEMP-D-PRICING)) END-EXEC."
410,A6U01.CBL,9950-CHECK-HC-COST-CID,26162,26216,SELECT,,,"HC_OVRD_GROUP_HEADER H, HC_OVRD_GROUP_CUSTOMER A, HC_OVRD_GROUP_DETAIL B, HC_OVRD_PRODUCT C",HC_OVRD_GROUP_HEADER;HC_OVRD_GROUP_CUSTOMER;HC_OVRD_GROUP_DETAIL;HC_OVRD_PRODUCT,H.HC_GROUP_HDR_START_DATE <= :WS-TEMP-D-PRICING AND (H.HC_GROUP_HDR_EXPIRE_DATE IS NULL OR (H.HC_GROUP_HDR_EXPIRE_DATE IS NOT NULL AND H.HC_GROUP_HDR_EXPIRE_DATE >= :WS-TEMP-D-PRICING) ) AND H.HC_GROUP_ID = A.HC_GROUP_ID AND A.HC_CUSTOMER_NBR = :OMGPR-CUSTOMER-NBR AND A.HC_START_DATE <= :WS-TEMP-D-PRICING AND (A.HC_EXPIRE_DATE IS NULL OR (A.HC_EXPIRE_DATE IS NOT NULL AND A.HC_EXPIRE_DATE >= :WS-TEMP-D-PRICING)) AND A.HC_GROUP_ID = B.HC_GROUP_ID AND B.HC_GROUP_OVRD_START_DATE <= :WS-TEMP-D-PRICING AND (B.HC_GROUP_OVRD_EXPIRE_DATE IS NULL OR (B.HC_GROUP_OVRD_EXPIRE_DATE IS NOT NULL AND B.HC_GROUP_OVRD_EXPIRE_DATE >= :WS-TEMP-D-PRICING) ) AND A.HC_GROUP_ID = C.HC_GROUP_ID AND C.HC_VEND_NBR = :OMGPR-I-VENDOR AND C.HC_PROD_NBR = :OMGPR-I-VND-PRODUCT AND C.HC_PROD_CST_START_DATE <= :WS-TEMP-D-PRICING AND (C.HC_PROD_CST_EXPIRE_DATE IS NULL OR (C.HC_PROD_CST_EXPIRE_DATE IS NOT NULL AND C.HC_PROD_CST_EXPIRE_DATE >= :WS-TEMP-D-PRICING)),,HC-CID-EXP-DATE-NI;HC-CID-EXPIRE-DATE;HC-CID-GROUP-ID;HC-CID-START-DATE;HC-GROUP-OVRD-EXP-DATE-NI;HC-GROUP-OVRD-EXPIRE-DATE;HC-GROUP-OVRD-FLAG;HC-GROUP-OVRD-START-DATE;HC-PROD-CST-EXP-DATE-NI;HC-PROD-CST-EXPIRE-DATE;HC-PROD-CST-START-DATE;HC-PROD-OVRD-FLAG,HC-CID-EXP-DATE-NI;HC-CID-EXPIRE-DATE;HC-CID-GROUP-ID;HC-CID-START-DATE;HC-GROUP-OVRD-EXP-DATE-NI;HC-GROUP-OVRD-EXPIRE-DATE;HC-GROUP-OVRD-FLAG;HC-GROUP-OVRD-START-DATE;HC-PROD-CST-EXP-DATE-NI;HC-PROD-CST-EXPIRE-DATE;HC-PROD-CST-START-DATE;HC-PROD-OVRD-FLAG;OMGPR-CUSTOMER-NBR;OMGPR-I-VENDOR;OMGPR-I-VND-PRODUCT;WS-TEMP-D-PRICING,,,Y,,Y,1,+0;+100;OTHER,,Y, EVALUATE SQLCODE WHEN +0 MOVE 'Y' TO WS-F-HC-COST-REC-FND-SW MOVE HC-CID-GROUP-ID TO OMGPR-HC-GROUP-ID IF HC-PROD-OVRD-FLAG = 'Y' OR 'N' MOVE HC-PROD-OVRD-FLAG TO WS-F-COST-OVERRIDEN-SW ELSE MOVE HC-GROUP-OVRD-FLAG TO WS-F-COST-OVERRIDEN-SW END-IF IF HC-PROD-CST-EXP-DATE-NI < 0 MOVE WS-HIGH-DATE TO HC-PROD-CST-EXPIRE-DATE END-IF WHEN +100 MOVE SPACES TO WS-F-HC-COST-REC-FND-SW WHEN OTHER MOVE 'SELECT' TO WS-DB-OPERATION MOVE 'HC_OVRD_GROUP_CUSTOMER' TO WS-DB-NAME MOVE SQLCODE TO WS-DB-RETURN-CO,"EXEC SQL SELECT A.HC_GROUP_ID, A.HC_START_DATE, A.HC_EXPIRE_DATE, B.HC_GROUP_OVRD_START_DATE, B.HC_GROUP_OVRD_EXPIRE_DATE, B.HC_GROUP_OVRD_FLAG, C.HC_PROD_CST_START_DATE, C.HC_PROD_CST_EXPIRE_DATE, C.HC_PROD_OVRD_FLAG INTO :HC-CID-GROUP-ID, :HC-CID-START-DATE, :HC-CID-EXPIRE-DATE :HC-CID-EXP-DATE-NI, :HC-GROUP-OVRD-START-DATE, :HC-GROUP-OVRD-EXPIRE-DATE :HC-GROUP-OVRD-EXP-DATE-NI, :HC-GROUP-OVRD-FLAG, :HC-PROD-CST-START-DATE, :HC-PROD-CST-EXPIRE-DATE :HC-PROD-CST-EXP-DATE-NI, :HC-PROD-OVRD-FLAG FROM HC_OVRD_GROUP_HEADER H, HC_OVRD_GROUP_CUSTOMER A, HC_OVRD_GROUP_DETAIL B, HC_OVRD_PRODUCT C WHERE H.HC_GROUP_HDR_START_DATE <= :WS-TEMP-D-PRICING AND (H.HC_GROUP_HDR_EXPIRE_DATE IS NULL OR (H.HC_GROUP_HDR_EXPIRE_DATE IS NOT NULL AND H.HC_GROUP_HDR_EXPIRE_DATE >= :WS-TEMP-D-PRICING) ) AND H.HC_GROUP_ID = A.HC_GROUP_ID AND A.HC_CUSTOMER_NBR = :OMGPR-CUSTOMER-NBR AND A.HC_START_DATE <= :WS-TEMP-D-PRICING AND (A.HC_EXPIRE_DATE IS NULL OR (A.HC_EXPIRE_DATE IS NOT NULL AND A.HC_EXPIRE_DATE >= :WS-TEMP-D-PRICING)) AND A.HC_GROUP_ID = B.HC_GROUP_ID AND B.HC_GROUP_OVRD_START_DATE <= :WS-TEMP-D-PRICING AND (B.HC_GROUP_OVRD_EXPIRE_DATE IS NULL OR (B.HC_GROUP_OVRD_EXPIRE_DATE IS NOT NULL AND B.HC_GROUP_OVRD_EXPIRE_DATE >= :WS-TEMP-D-PRICING) ) AND A.HC_GROUP_ID = C.HC_GROUP_ID AND C.HC_VEND_NBR = :OMGPR-I-VENDOR AND C.HC_PROD_NBR = :OMGPR-I-VND-PRODUCT AND C.HC_PROD_CST_START_DATE <= :WS-TEMP-D-PRICING AND (C.HC_PROD_CST_EXPIRE_DATE IS NULL OR (C.HC_PROD_CST_EXPIRE_DATE IS NOT NULL AND C.HC_PROD_CST_EXPIRE_DATE >= :WS-TEMP-D-PRICING)) END-EXEC."
411,A6U01.CBL,9960-CHECK-HC-SELL-ACCOUNT,26275,26330,SELECT,,,"HC_OVRD_GROUP_ACCOUNT A, HC_OVRD_PRODUCT C, HC_OVRD_GROUP_HEADER H",HC_OVRD_GROUP_ACCOUNT;HC_OVRD_PRODUCT;HC_OVRD_GROUP_HEADER,H.HC_GROUP_HDR_START_DATE <= :WS-TEMP-D-PRICING AND (H.HC_GROUP_HDR_EXPIRE_DATE IS NULL OR (H.HC_GROUP_HDR_EXPIRE_DATE IS NOT NULL AND H.HC_GROUP_HDR_EXPIRE_DATE >= :WS-TEMP-D-PRICING) ) AND A.HC_DIVISION = :OMGPR-I-DIVISION AND A.HC_ACCOUNT = :OMGPR-S-ACCOUNT AND A.HC_START_DATE <= :WS-TEMP-D-PRICING AND (A.HC_EXPIRE_DATE IS NULL OR (A.HC_EXPIRE_DATE IS NOT NULL AND A.HC_EXPIRE_DATE >= :WS-TEMP-D-PRICING)) AND A.HC_GROUP_ID = C.HC_GROUP_ID AND C.HC_VEND_NBR = :OMGPR-I-VENDOR AND C.HC_PROD_NBR = :OMGPR-I-VND-PRODUCT AND C.HC_PROD_SELL_START_DATE <= :WS-TEMP-D-PRICING AND (C.HC_PROD_SELL_EXPIRE_DATE IS NULL OR (C.HC_PROD_SELL_EXPIRE_DATE IS NOT NULL AND C.HC_PROD_SELL_EXPIRE_DATE >= :WS-TEMP-D-PRICING)) AND A.HC_GROUP_ID = H.HC_GROUP_ID,,HC-ACT-EXP-DATE-NI;HC-ACT-EXPIRE-DATE;HC-ACT-GROUP-ID;HC-ACT-START-DATE;HC-GROUP-COMMENT;HC-GROUP-ID;HC-PROD-OVRD-PERCENT;HC-PROD-OVRD-SELL-PRC;HC-PROD-OVRD-TYPE;HC-PROD-SELL-EXP-DATE-NI;HC-PROD-SELL-EXPIRE-DATE;HC-PROD-SELL-START-DATE;HC-PROD-SELL-UM,HC-ACT-EXP-DATE-NI;HC-ACT-EXPIRE-DATE;HC-ACT-GROUP-ID;HC-ACT-START-DATE;HC-GROUP-COMMENT;HC-GROUP-ID;HC-PROD-OVRD-PERCENT;HC-PROD-OVRD-SELL-PRC;HC-PROD-OVRD-TYPE;HC-PROD-SELL-EXP-DATE-NI;HC-PROD-SELL-EXPIRE-DATE;HC-PROD-SELL-START-DATE;HC-PROD-SELL-UM;OMGPR-I-DIVISION;OMGPR-I-VENDOR;OMGPR-I-VND-PRODUCT;OMGPR-S-ACCOUNT;WS-TEMP-D-PRICING,,,Y,,Y,1,+0;+100;OTHER,,Y, EVALUATE SQLCODE WHEN +0 MOVE 'Y' TO WS-F-HC-SELL-REC-FND-SW WHEN +100 MOVE SPACES TO WS-F-HC-SELL-REC-FND-SW WHEN OTHER MOVE 'SELECT' TO WS-DB-OPERATION MOVE 'HC_OVRD_GROUP_ACCOUNT' TO WS-DB-NAME MOVE SQLCODE TO WS-DB-RETURN-CODE MOVE 'DB ERROR' TO WS-DB-STATUS-MSG MOVE 947 TO WS-DB-ERROR-NBR OMGPR-Q-ERROR-NBR MOVE WS-DB2-FATAL-ERROR-IND TO OMGPR-Q-ERROR-CODE MOVE WS-DB-OPERATION-MSG TO OMGPR-ERROR-MESSAGE MOVE WS-YES-IND TO OMGPR-F-PRICER-ERROR GO TO 0020-EXIT-PRICER END-EVALUATE.,"EXEC SQL SELECT A.HC_GROUP_ID, A.HC_START_DATE, A.HC_EXPIRE_DATE, C.HC_PROD_SELL_START_DATE, C.HC_PROD_SELL_EXPIRE_DATE, C.HC_PROD_OVRD_TYPE, C.HC_PROD_OVRD_PERCENT, C.HC_PROD_OVRD_SELL_PRC, C.HC_PROD_SELL_UM, H.HC_GROUP_ID, H.HC_GROUP_HDR_COMMENT INTO :HC-ACT-GROUP-ID, :HC-ACT-START-DATE, :HC-ACT-EXPIRE-DATE :HC-ACT-EXP-DATE-NI, :HC-PROD-SELL-START-DATE, :HC-PROD-SELL-EXPIRE-DATE :HC-PROD-SELL-EXP-DATE-NI, :HC-PROD-OVRD-TYPE, :HC-PROD-OVRD-PERCENT, :HC-PROD-OVRD-SELL-PRC, :HC-PROD-SELL-UM, :HC-GROUP-ID, :HC-GROUP-COMMENT FROM HC_OVRD_GROUP_ACCOUNT A, HC_OVRD_PRODUCT C, HC_OVRD_GROUP_HEADER H WHERE H.HC_GROUP_HDR_START_DATE <= :WS-TEMP-D-PRICING AND (H.HC_GROUP_HDR_EXPIRE_DATE IS NULL OR (H.HC_GROUP_HDR_EXPIRE_DATE IS NOT NULL AND H.HC_GROUP_HDR_EXPIRE_DATE >= :WS-TEMP-D-PRICING) ) AND A.HC_DIVISION = :OMGPR-I-DIVISION AND A.HC_ACCOUNT = :OMGPR-S-ACCOUNT AND A.HC_START_DATE <= :WS-TEMP-D-PRICING AND (A.HC_EXPIRE_DATE IS NULL OR (A.HC_EXPIRE_DATE IS NOT NULL AND A.HC_EXPIRE_DATE >= :WS-TEMP-D-PRICING)) AND A.HC_GROUP_ID = C.HC_GROUP_ID AND C.HC_VEND_NBR = :OMGPR-I-VENDOR AND C.HC_PROD_NBR = :OMGPR-I-VND-PRODUCT AND C.HC_PROD_SELL_START_DATE <= :WS-TEMP-D-PRICING AND (C.HC_PROD_SELL_EXPIRE_DATE IS NULL OR (C.HC_PROD_SELL_EXPIRE_DATE IS NOT NULL AND C.HC_PROD_SELL_EXPIRE_DATE >= :WS-TEMP-D-PRICING)) AND A.HC_GROUP_ID = H.HC_GROUP_ID END-EXEC."
412,A6U01.CBL,9965-CHECK-HC-SELL-CID,26360,26414,SELECT,,,"HC_OVRD_GROUP_CUSTOMER A, HC_OVRD_PRODUCT C, HC_OVRD_GROUP_HEADER H",HC_OVRD_GROUP_CUSTOMER;HC_OVRD_PRODUCT;HC_OVRD_GROUP_HEADER,H.HC_GROUP_HDR_START_DATE <= :WS-TEMP-D-PRICING AND (H.HC_GROUP_HDR_EXPIRE_DATE IS NULL OR (H.HC_GROUP_HDR_EXPIRE_DATE IS NOT NULL AND H.HC_GROUP_HDR_EXPIRE_DATE >= :WS-TEMP-D-PRICING) ) AND A.HC_CUSTOMER_NBR = :OMGPR-CUSTOMER-NBR AND A.HC_START_DATE <= :WS-TEMP-D-PRICING AND (A.HC_EXPIRE_DATE IS NULL OR (A.HC_EXPIRE_DATE IS NOT NULL AND A.HC_EXPIRE_DATE >= :WS-TEMP-D-PRICING)) AND A.HC_GROUP_ID = C.HC_GROUP_ID AND C.HC_VEND_NBR = :OMGPR-I-VENDOR AND C.HC_PROD_NBR = :OMGPR-I-VND-PRODUCT AND C.HC_PROD_SELL_START_DATE <= :WS-TEMP-D-PRICING AND (C.HC_PROD_SELL_EXPIRE_DATE IS NULL OR (C.HC_PROD_SELL_EXPIRE_DATE IS NOT NULL AND C.HC_PROD_SELL_EXPIRE_DATE >= :WS-TEMP-D-PRICING)) AND A.HC_GROUP_ID = H.HC_GROUP_ID,,HC-ACT-EXP-DATE-NI;HC-ACT-EXPIRE-DATE;HC-ACT-GROUP-ID;HC-ACT-START-DATE;HC-GROUP-COMMENT;HC-GROUP-ID;HC-PROD-OVRD-PERCENT;HC-PROD-OVRD-SELL-PRC;HC-PROD-OVRD-TYPE;HC-PROD-SELL-EXP-DATE-NI;HC-PROD-SELL-EXPIRE-DATE;HC-PROD-SELL-START-DATE;HC-PROD-SELL-UM,HC-ACT-EXP-DATE-NI;HC-ACT-EXPIRE-DATE;HC-ACT-GROUP-ID;HC-ACT-START-DATE;HC-GROUP-COMMENT;HC-GROUP-ID;HC-PROD-OVRD-PERCENT;HC-PROD-OVRD-SELL-PRC;HC-PROD-OVRD-TYPE;HC-PROD-SELL-EXP-DATE-NI;HC-PROD-SELL-EXPIRE-DATE;HC-PROD-SELL-START-DATE;HC-PROD-SELL-UM;OMGPR-CUSTOMER-NBR;OMGPR-I-VENDOR;OMGPR-I-VND-PRODUCT;WS-TEMP-D-PRICING,,,Y,,Y,1,+0;+100;OTHER,,Y, EVALUATE SQLCODE WHEN +0 MOVE 'Y' TO WS-F-HC-SELL-REC-FND-SW WHEN +100 MOVE SPACES TO WS-F-HC-SELL-REC-FND-SW WHEN OTHER MOVE 'SELECT' TO WS-DB-OPERATION MOVE 'HC_OVRD_GROUP_CUSTOMER' TO WS-DB-NAME MOVE SQLCODE TO WS-DB-RETURN-CODE MOVE 'DB ERROR' TO WS-DB-STATUS-MSG MOVE 948 TO WS-DB-ERROR-NBR OMGPR-Q-ERROR-NBR MOVE WS-DB2-FATAL-ERROR-IND TO OMGPR-Q-ERROR-CODE MOVE WS-DB-OPERATION-MSG TO OMGPR-ERROR-MESSAGE MOVE WS-YES-IND TO OMGPR-F-PRICER-ERROR GO TO 0020-EXIT-PRICER END-EVALUATE.,"EXEC SQL SELECT A.HC_GROUP_ID, A.HC_START_DATE, A.HC_EXPIRE_DATE, C.HC_PROD_SELL_START_DATE, C.HC_PROD_SELL_EXPIRE_DATE, C.HC_PROD_OVRD_TYPE, C.HC_PROD_OVRD_PERCENT, C.HC_PROD_OVRD_SELL_PRC, C.HC_PROD_SELL_UM, H.HC_GROUP_ID, H.HC_GROUP_HDR_COMMENT INTO :HC-ACT-GROUP-ID, :HC-ACT-START-DATE, :HC-ACT-EXPIRE-DATE :HC-ACT-EXP-DATE-NI, :HC-PROD-SELL-START-DATE, :HC-PROD-SELL-EXPIRE-DATE :HC-PROD-SELL-EXP-DATE-NI, :HC-PROD-OVRD-TYPE, :HC-PROD-OVRD-PERCENT, :HC-PROD-OVRD-SELL-PRC, :HC-PROD-SELL-UM, :HC-GROUP-ID, :HC-GROUP-COMMENT FROM HC_OVRD_GROUP_CUSTOMER A, HC_OVRD_PRODUCT C, HC_OVRD_GROUP_HEADER H WHERE H.HC_GROUP_HDR_START_DATE <= :WS-TEMP-D-PRICING AND (H.HC_GROUP_HDR_EXPIRE_DATE IS NULL OR (H.HC_GROUP_HDR_EXPIRE_DATE IS NOT NULL AND H.HC_GROUP_HDR_EXPIRE_DATE >= :WS-TEMP-D-PRICING) ) AND A.HC_CUSTOMER_NBR = :OMGPR-CUSTOMER-NBR AND A.HC_START_DATE <= :WS-TEMP-D-PRICING AND (A.HC_EXPIRE_DATE IS NULL OR (A.HC_EXPIRE_DATE IS NOT NULL AND A.HC_EXPIRE_DATE >= :WS-TEMP-D-PRICING)) AND A.HC_GROUP_ID = C.HC_GROUP_ID AND C.HC_VEND_NBR = :OMGPR-I-VENDOR AND C.HC_PROD_NBR = :OMGPR-I-VND-PRODUCT AND C.HC_PROD_SELL_START_DATE <= :WS-TEMP-D-PRICING AND (C.HC_PROD_SELL_EXPIRE_DATE IS NULL OR (C.HC_PROD_SELL_EXPIRE_DATE IS NOT NULL AND C.HC_PROD_SELL_EXPIRE_DATE >= :WS-TEMP-D-PRICING)) AND A.HC_GROUP_ID = H.HC_GROUP_ID END-EXEC."
413,A6U01.CBL,9970-SELECT-HC-COST-VNG03,26443,26477,SELECT,,,VNG03,VNG03,I_VENDOR = :OMGPR-I-VENDOR AND I_VND_PRODUCT = :OMGPR-I-VND-PRODUCT AND D_VND_PRC_ACTIVE <= :WS-TEMP-D-PRICING AND ((D_VND_PRC_ACTIVE <= :HC-PROD-CST-START-DATE AND (D_VND_PRC_EXPIRE IS NULL OR D_VND_PRC_EXPIRE >= :HC-PROD-CST-START-DATE)) OR (D_VND_PRC_ACTIVE >= :HC-PROD-CST-START-DATE AND D_VND_PRC_ACTIVE <= :HC-PROD-CST-EXPIRE-DATE)),"VNG03.A_VND_PRC_ACQ_COST DESC, VNG03.D_VND_PRC_ACTIVE ASC",VNG03-A-VND-PRC-ACQ-COST;VNG03-A-VND-PRC-BEST-QTY;VNG03-A-VND-PRC-DEALER;VNG03-A-VND-PRC-LST-DOC;VNG03-A-VND-PRC-LST-HOSP;VNG03-C-VND-PRC-UM;VNG03-D-VND-PRC-ACTIVE;VNG03-D-VND-PRC-EXPIRE;VNG03-D-VND-PRC-EXPIRE-NI;VNG03-D-VND-PRC-LIST-EFF,HC-PROD-CST-EXPIRE-DATE;HC-PROD-CST-START-DATE;OMGPR-I-VENDOR;OMGPR-I-VND-PRODUCT;VNG03-A-VND-PRC-ACQ-COST;VNG03-A-VND-PRC-BEST-QTY;VNG03-A-VND-PRC-DEALER;VNG03-A-VND-PRC-LST-DOC;VNG03-A-VND-PRC-LST-HOSP;VNG03-C-VND-PRC-UM;VNG03-D-VND-PRC-ACTIVE;VNG03-D-VND-PRC-EXPIRE;VNG03-D-VND-PRC-EXPIRE-NI;VNG03-D-VND-PRC-LIST-EFF;WS-TEMP-D-PRICING,,,Y,,Y,1,OTHER,,Y, EVALUATE TRUE WHEN SQLCODE = +0 OR +001 CONTINUE WHEN SQLCODE = -811 CONTINUE WHEN OTHER MOVE 'SELECT' TO WS-DB-OPERATION MOVE 'VNG03' TO WS-DB-NAME MOVE SQLCODE TO WS-DB-RETURN-CODE MOVE 'DB ERROR' TO WS-DB-STATUS-MSG MOVE 949 TO WS-DB-ERROR-NBR OMGPR-Q-ERROR-NBR MOVE WS-DB2-FATAL-ERROR-IND TO OMGPR-Q-ERROR-CODE MOVE WS-DB-OPERATION-MSG TO OMGPR-ERROR-MESSAGE MOVE WS-YES-IND TO OMGPR-F-PRICER-ERROR GO TO 0020-EXIT-PRICER END-EVALUATE.,"EXEC SQL SELECT TOP 1 VNG03.C_VND_PRC_UM, CONVERT(CHAR(10),VNG03.D_VND_PRC_LIST_EFF,101), CONVERT(CHAR(10),VNG03.D_VND_PRC_ACTIVE,101), CONVERT(CHAR(10),VNG03.D_VND_PRC_EXPIRE,101), VNG03.A_VND_PRC_DEALER, VNG03.A_VND_PRC_ACQ_COST, VNG03.A_VND_PRC_BEST_QTY, VNG03.A_VND_PRC_LST_HOSP, VNG03.A_VND_PRC_LST_DOC INTO :VNG03-C-VND-PRC-UM, :VNG03-D-VND-PRC-LIST-EFF, :VNG03-D-VND-PRC-ACTIVE, :VNG03-D-VND-PRC-EXPIRE :VNG03-D-VND-PRC-EXPIRE-NI, :VNG03-A-VND-PRC-DEALER, :VNG03-A-VND-PRC-ACQ-COST, :VNG03-A-VND-PRC-BEST-QTY, :VNG03-A-VND-PRC-LST-HOSP, :VNG03-A-VND-PRC-LST-DOC FROM VNG03 WHERE I_VENDOR = :OMGPR-I-VENDOR AND I_VND_PRODUCT = :OMGPR-I-VND-PRODUCT AND D_VND_PRC_ACTIVE <= :WS-TEMP-D-PRICING AND ((D_VND_PRC_ACTIVE <= :HC-PROD-CST-START-DATE AND (D_VND_PRC_EXPIRE IS NULL OR D_VND_PRC_EXPIRE >= :HC-PROD-CST-START-DATE)) OR (D_VND_PRC_ACTIVE >= :HC-PROD-CST-START-DATE AND D_VND_PRC_ACTIVE <= :HC-PROD-CST-EXPIRE-DATE)) ORDER BY VNG03.A_VND_PRC_ACQ_COST DESC, VNG03.D_VND_PRC_ACTIVE ASC END-EXEC."
414,A6U01.CBL,9982-SQL-SELECT-010,26562,26591,SELECT,,,"SA_SELL_ARR_SSC SASSC, IN_PROD_SPCL_SRVC_CODE INPSSC , IN_SPCL_SRVC_CODE INSSC",SA_SELL_ARR_SSC;IN_PROD_SPCL_SRVC_CODE;IN_SPCL_SRVC_CODE,SASSC.I_BAS_SELL = :SASSC-I-BAS-SELL AND SASSC.D_SELL_START <= :WS-CURRENT-DB2-DATE AND (SASSC.D_SELL_EXPIRE >= :WS-CURRENT-DB2-DATE OR SASSC.D_SELL_EXPIRE IS NULL) AND SASSC.SPCL_SRVC_CODE = INPSSC.SPCL_SRVC_CODE AND SASSC.SPCL_SRVC_CODE = INSSC.SPCL_SRVC_CODE AND INPSSC.VENDOR_NBR = :OMGPR-I-VENDOR AND INPSSC.PRODUCT_NBR = :OMGPR-I-VND-PRODUCT AND INPSSC.D_EFFECT <= :WS-CURRENT-DB2-DATE AND (INPSSC.D_EXPIRE >= :WS-CURRENT-DB2-DATE OR INPSSC.D_EXPIRE IS NULL),INSSC.SSC_PRIORITY,SASSC-C-SELL-PRC-METHOD;SASSC-D-SELL-EXPIRE;SASSC-D-SELL-EXPIRE-NI;SASSC-D-SELL-START;SASSC-SPCL-SRVC-CODE;SASSC-T-SELL-COMMENT,OMGPR-I-VENDOR;OMGPR-I-VND-PRODUCT;SASSC-C-SELL-PRC-METHOD;SASSC-D-SELL-EXPIRE;SASSC-D-SELL-EXPIRE-NI;SASSC-D-SELL-START;SASSC-I-BAS-SELL;SASSC-SPCL-SRVC-CODE;SASSC-T-SELL-COMMENT;WS-CURRENT-DB2-DATE,,,Y,,Y,2,+0;OTHER,,Y, EVALUATE SQLCODE WHEN +0 MOVE WS-YES-IND TO WS-F-SELL-ARR-FND MOVE SAG05-D-SELL-ARR-EFF TO OMGPR-D-BAS-SELL-EFF IF SASSC-T-SELL-COMMENT > SPACES MOVE SASSC-T-SELL-COMMENT TO OMGPR-T-SELL-COMMENT END-IF MOVE SASSC-SPCL-SRVC-CODE TO OMGPR-SPCL-SRVC-CODE MOVE SASSC-C-SELL-PRC-METHOD TO OMGPR-PRICING-METHOD WS-C-SELL-PRC-METHOD IF SASSC-D-SELL-EXPIRE-NI NOT = -1 MOVE SASSC-D-SELL-EXPIRE TO WS-PRICE-EXP-DATE PERFORM 7695-ADD-EXP-DATE-ARRA-010 THRU 7695-EXIT END-IF EVALUATE OMGPR-PRICING-METHOD WHEN ,"EXEC SQL SELECT TOP 1 SASSC.SPCL_SRVC_CODE, CONVERT(CHAR(10),SASSC.D_SELL_START,101), CONVERT(CHAR(10),SASSC.D_SELL_EXPIRE,101), SASSC.T_SELL_COMMENT, SASSC.C_SELL_PRC_METHOD INTO :SASSC-SPCL-SRVC-CODE, :SASSC-D-SELL-START, :SASSC-D-SELL-EXPIRE :SASSC-D-SELL-EXPIRE-NI, :SASSC-T-SELL-COMMENT, :SASSC-C-SELL-PRC-METHOD FROM SA_SELL_ARR_SSC SASSC, IN_PROD_SPCL_SRVC_CODE INPSSC , IN_SPCL_SRVC_CODE INSSC WHERE SASSC.I_BAS_SELL = :SASSC-I-BAS-SELL AND SASSC.D_SELL_START <= :WS-CURRENT-DB2-DATE AND (SASSC.D_SELL_EXPIRE >= :WS-CURRENT-DB2-DATE OR SASSC.D_SELL_EXPIRE IS NULL) AND SASSC.SPCL_SRVC_CODE = INPSSC.SPCL_SRVC_CODE AND SASSC.SPCL_SRVC_CODE = INSSC.SPCL_SRVC_CODE AND INPSSC.VENDOR_NBR = :OMGPR-I-VENDOR AND INPSSC.PRODUCT_NBR = :OMGPR-I-VND-PRODUCT AND INPSSC.D_EFFECT <= :WS-CURRENT-DB2-DATE AND (INPSSC.D_EXPIRE >= :WS-CURRENT-DB2-DATE OR INPSSC.D_EXPIRE IS NULL) ORDER BY INSSC.SSC_PRIORITY END-EXEC."
415,A6U01.CBL,9985-SQL-SELECT-010,26597,26615,SELECT,,,SA_SSC_GROSS_MRGN SASSCGM,SA_SSC_GROSS_MRGN,I_BAS_SELL = :SASSCGM-I-BAS-SELL AND SPCL_SRVC_CODE = :SASSCGM-SPCL-SRVC-CODE AND D_SELL_START = :SASSCGM-D-SELL-START,,SASSCGM-P-SELL-GRSSMGN;SASSCGM-P-SELL-GRSSMGN-CUS;SASSCGM-P-SELL-GRSSMGN-CUS-NI;SASSCGM-P-SELL-GRSSMGN-IND;SASSCGM-P-SELL-GRSSMGN-NON;SASSCGM-P-SELL-GRSSMGN-NSC,SASSCGM-D-SELL-START;SASSCGM-I-BAS-SELL;SASSCGM-P-SELL-GRSSMGN;SASSCGM-P-SELL-GRSSMGN-CUS;SASSCGM-P-SELL-GRSSMGN-CUS-NI;SASSCGM-P-SELL-GRSSMGN-IND;SASSCGM-P-SELL-GRSSMGN-NON;SASSCGM-P-SELL-GRSSMGN-NSC;SASSCGM-SPCL-SRVC-CODE,,,Y,,Y,2,+0;OTHER,,Y, EVALUATE SQLCODE WHEN +0 MOVE SASSCGM-P-SELL-GRSSMGN TO WS-P-SELL-GRSSMGN-SAN MOVE SASSCGM-P-SELL-GRSSMGN-NON TO WS-P-SELL-GRSSMGN-NON MOVE SASSCGM-P-SELL-GRSSMGN-NSC TO WS-P-SELL-GRSSMGN-NSC MOVE SASSCGM-P-SELL-GRSSMGN-IND TO WS-P-SELL-GRSSMGN-IND IF SASSCGM-P-SELL-GRSSMGN-CUS-NI = -1 MOVE -1 TO WS-P-SELL-GRSSMGN-CUS-NI MOVE LOW-VALUES TO WS-P-SELL-GRSSMGN-CUS-X ELSE MOVE +0 TO WS-P-SELL-GRSSMGN-CUS-NI MOVE SASSCGM-P-SELL-GRSSMGN-CUS TO WS-P-SELL-GRSSMGN-CUS END-IF WHEN OTHER MOVE 'SELECT' TO ,"EXEC SQL SELECT SASSCGM.P_SELL_GRSSMGN ,SASSCGM.P_SELL_GRSSMGN_NON ,SASSCGM.P_SELL_GRSSMGN_NSC ,SASSCGM.P_SELL_GRSSMGN_IND ,SASSCGM.P_SELL_GRSSMGN_CUS INTO :SASSCGM-P-SELL-GRSSMGN ,:SASSCGM-P-SELL-GRSSMGN-NON ,:SASSCGM-P-SELL-GRSSMGN-NSC ,:SASSCGM-P-SELL-GRSSMGN-IND ,:SASSCGM-P-SELL-GRSSMGN-CUS :SASSCGM-P-SELL-GRSSMGN-CUS-NI FROM SA_SSC_GROSS_MRGN SASSCGM WHERE I_BAS_SELL = :SASSCGM-I-BAS-SELL AND SPCL_SRVC_CODE = :SASSCGM-SPCL-SRVC-CODE AND D_SELL_START = :SASSCGM-D-SELL-START END-EXEC."
416,A6U01.CBL,9987-SQL-SELECT-010,26621,26640,SELECT,,,SA_SSC_COST_PLUS SASSCCP,SA_SSC_COST_PLUS,I_BAS_SELL = :SASSCCP-I-BAS-SELL AND SPCL_SRVC_CODE = :SASSCCP-SPCL-SRVC-CODE AND D_SELL_START = :SASSCCP-D-SELL-START,,SASSCCP-P-SELL-CST-PLS;SASSCCP-P-SELL-CST-PLS-CUS;SASSCCP-P-SELL-CST-PLS-CUS-NI;SASSCCP-P-SELL-CST-PLS-IND;SASSCCP-P-SELL-CST-PLS-NON;SASSCCP-P-SELL-CST-PLS-NSC,SASSCCP-D-SELL-START;SASSCCP-I-BAS-SELL;SASSCCP-P-SELL-CST-PLS;SASSCCP-P-SELL-CST-PLS-CUS;SASSCCP-P-SELL-CST-PLS-CUS-NI;SASSCCP-P-SELL-CST-PLS-IND;SASSCCP-P-SELL-CST-PLS-NON;SASSCCP-P-SELL-CST-PLS-NSC;SASSCCP-SPCL-SRVC-CODE,,,Y,,Y,2,+0;OTHER,,Y, EVALUATE SQLCODE WHEN +0 MOVE SASSCCP-P-SELL-CST-PLS TO WS-P-SELL-CST-PLS-SAN MOVE SASSCCP-P-SELL-CST-PLS-NON TO WS-P-SELL-CST-PLS-NON MOVE SASSCCP-P-SELL-CST-PLS-NSC TO WS-P-SELL-CST-PLS-NSC MOVE SASSCCP-P-SELL-CST-PLS-IND TO WS-P-SELL-CST-PLS-IND IF SASSCCP-P-SELL-CST-PLS-CUS-NI = -1 MOVE -1 TO WS-P-SELL-CST-PLS-CUS-NI MOVE LOW-VALUES TO WS-P-SELL-CST-PLS-CUS-X ELSE MOVE +0 TO WS-P-SELL-CST-PLS-CUS-NI MOVE SASSCCP-P-SELL-CST-PLS-CUS TO WS-P-SELL-CST-PLS-CUS END-IF WHEN OTHER MOVE 'SELECT' TO ,"EXEC SQL SELECT SASSCCP.P_SELL_CST_PLS ,SASSCCP.P_SELL_CST_PLS_NON ,SASSCCP.P_SELL_CST_PLS_NSC ,SASSCCP.P_SELL_CST_PLS_IND ,SASSCCP.P_SELL_CST_PLS_CUS INTO :SASSCCP-P-SELL-CST-PLS ,:SASSCCP-P-SELL-CST-PLS-NON ,:SASSCCP-P-SELL-CST-PLS-NSC ,:SASSCCP-P-SELL-CST-PLS-IND ,:SASSCCP-P-SELL-CST-PLS-CUS :SASSCCP-P-SELL-CST-PLS-CUS-NI FROM SA_SSC_COST_PLUS SASSCCP WHERE I_BAS_SELL = :SASSCCP-I-BAS-SELL AND SPCL_SRVC_CODE = :SASSCCP-SPCL-SRVC-CODE AND D_SELL_START = :SASSCCP-D-SELL-START END-EXEC."
417,A6U01.CBL,9990-SQL-SELECT-010,26646,26654,SELECT,,,SA_SSC_VENDOR_PUB SASSCVP,SA_SSC_VENDOR_PUB,I_BAS_SELL = :SASSCVP-I-BAS-SELL AND SPCL_SRVC_CODE = :SASSCVP-SPCL-SRVC-CODE AND D_SELL_START = :SASSCVP-D-SELL-START,,SASSCVP-P-SELL-LIST-LESS,SASSCVP-D-SELL-START;SASSCVP-I-BAS-SELL;SASSCVP-P-SELL-LIST-LESS;SASSCVP-SPCL-SRVC-CODE,,,Y,,Y,2,+0;OTHER,,Y, EVALUATE SQLCODE WHEN +0 MOVE SASSCVP-P-SELL-LIST-LESS TO WS-P-SELL-LIST-LESS WHEN OTHER MOVE 'SELECT' TO WS-DB-OPERATION MOVE 'SASSCVP' TO WS-DB-NAME MOVE SQLCODE TO WS-DB-RETURN-CODE MOVE 'DB ERROR' TO WS-DB-STATUS-MSG MOVE 953 TO WS-DB-ERROR-NBR OMGPR-Q-ERROR-NBR MOVE WS-DB2-FATAL-ERROR-IND TO OMGPR-Q-ERROR-CODE MOVE WS-DB-OPERATION-MSG TO OMGPR-ERROR-MESSAGE MOVE WS-YES-IND TO OMGPR-F-PRICER-ERROR GO TO 0020-EXIT-PRICER END-EVALUATE.,EXEC SQL SELECT SASSCVP.P_SELL_LIST_LESS INTO :SASSCVP-P-SELL-LIST-LESS FROM SA_SSC_VENDOR_PUB SASSCVP WHERE I_BAS_SELL = :SASSCVP-I-BAS-SELL AND SPCL_SRVC_CODE = :SASSCVP-SPCL-SRVC-CODE AND D_SELL_START = :SASSCVP-D-SELL-START END-EXEC.
